product_id,category_code,brand,price,view_count,purchase_count,revenue,conversion_rate
1004856,electronics.smartphone,samsung,130.76,1437,76,9972.05,5.29
1004767,electronics.smartphone,samsung,254.82,1312,65,16181.63,4.95
1005115,electronics.smartphone,apple,975.57,1213,35,34499.06,2.89
1004249,electronics.smartphone,apple,739.81,737,31,22896.59,4.21
1005105,electronics.smartphone,apple,1415.48,717,21,29575.15,2.93
1004833,electronics.smartphone,samsung,174.76,683,37,6371.5599999999995,5.42
1002544,electronics.smartphone,apple,464.13,646,35,16128.06,5.42
1004870,electronics.smartphone,samsung,286.86,640,43,12249.2,6.72
4804056,electronics.audio.headphone,apple,161.98,627,46,7394.78,7.34
1004741,electronics.smartphone,xiaomi,185.71,522,23,4392.2,4.41
1004873,electronics.smartphone,samsung,388.81,482,24,8958.26,4.98
1004836,electronics.smartphone,samsung,241.19,468,17,3923.9700000000003,3.63
1004739,electronics.smartphone,xiaomi,197.55,458,14,2667.57,3.06
1005160,electronics.smartphone,xiaomi,231.41,435,17,3746.9300000000003,3.91
1002524,electronics.smartphone,apple,515.67,409,30,15860.880000000001,7.33
1002633,electronics.smartphone,apple,360.08,408,24,8604.2,5.88
1004785,electronics.smartphone,huawei,278.55,388,17,4637.92,4.38
1005100,electronics.smartphone,samsung,154.42,378,12,1719.04,3.17
4804295,electronics.audio.headphone,xiaomi,23.13,375,17,385.3,4.53
1004565,electronics.smartphone,huawei,177.47,368,20,3372.11,5.43
1005135,electronics.smartphone,apple,1747.79,367,9,15632.15,2.45
1004750,electronics.smartphone,samsung,197.43,367,16,3147.46,4.36
1003317,electronics.smartphone,apple,957.53,366,14,13303.8,3.83
1003306,electronics.smartphone,apple,587.56,361,18,10508.84,4.99
1004838,electronics.smartphone,oppo,179.35,350,9,1525.61,2.57
1004659,electronics.smartphone,samsung,787.18,342,15,11016.91,4.39
4804055,electronics.audio.headphone,apple,189.91,283,11,2097.42,3.89
1004258,electronics.smartphone,apple,735.05,251,4,2993.25,1.59
1005014,electronics.smartphone,samsung,614.55,250,7,3982.15,2.8
1801690,electronics.video.tv,samsung,368.04,247,5,1846.8600000000001,2.02
1004777,electronics.smartphone,xiaomi,136.4,245,6,811.3499999999999,2.45
1004858,electronics.smartphone,samsung,134.42,242,11,1447.99,4.55
1801766,electronics.video.tv,artel,150.71,240,4,597.79,1.67
1005239,electronics.smartphone,xiaomi,282.89,239,6,1536.9499999999998,2.51
1004781,electronics.smartphone,huawei,278.31,218,8,2143.7200000000003,3.67
1003310,electronics.smartphone,apple,746.29,213,6,4201.57,2.82
1004246,electronics.smartphone,apple,736.18,206,6,4522.03,2.91
1005159,electronics.smartphone,xiaomi,231.41,205,4,909.17,1.95
3600661,appliances.kitchen.washer,samsung,295.49,201,3,892.4200000000001,1.49
1005008,electronics.smartphone,xiaomi,103.08,201,6,589.61,2.99
1004768,electronics.smartphone,samsung,253.36,200,3,747.1800000000001,1.5
1004903,electronics.smartphone,huawei,111.79,194,4,444.19,2.06
1004857,electronics.smartphone,samsung,130.73,185,2,261.01,1.08
1004237,electronics.smartphone,apple,1080.72,184,7,7607.79,3.8
5100337,electronics.clocks,apple,311.72,184,3,949.17,1.63
1004209,electronics.smartphone,samsung,92.64,179,11,975.75,6.15
1004957,electronics.smartphone,xiaomi,348.53,175,4,1381.72,2.29
1801881,electronics.video.tv,samsung,506.29,174,2,987.84,1.15
1005104,electronics.smartphone,apple,975.57,172,4,3968.81,2.33
1005116,electronics.smartphone,apple,1052.79,170,14,14769.349999999999,8.24
1005161,electronics.smartphone,xiaomi,231.41,167,3,674.8,1.8
4802036,electronics.audio.headphone,apple,171.56,166,3,526.6800000000001,1.81
1005073,electronics.smartphone,samsung,1206.45,164,2,2269.63,1.22
1004794,electronics.smartphone,xiaomi,244.54,164,4,902.6700000000001,2.44
1004708,electronics.smartphone,huawei,159.77,163,6,923.39,3.68
1004720,electronics.smartphone,huawei,130.65,159,3,369.35,1.89
1005031,electronics.smartphone,xiaomi,205.48,157,2,372.95,1.27
1004766,electronics.smartphone,samsung,253.29,156,0,0.0,0.0
1003304,electronics.smartphone,apple,579.16,156,9,5248.03,5.77
1004250,electronics.smartphone,apple,804.21,155,6,4821.51,3.87
1004227,electronics.smartphone,apple,1011.58,154,7,7028.28,4.55
1004433,electronics.smartphone,samsung,257.15,154,2,514.3,1.3
3700926,appliances.environment.vacuum,samsung,64.08,153,6,384.06,3.92
1005003,electronics.smartphone,huawei,258.21,151,2,488.24,1.32
1003316,electronics.smartphone,apple,946.97,149,4,3720.14,2.68
1005098,electronics.smartphone,samsung,154.42,146,8,1161.33,5.48
4803977,electronics.audio.headphone,samsung,107.8,145,8,860.15,5.52
1307073,computers.notebook,acer,669.0,141,4,2766.2400000000002,2.84
1004875,electronics.smartphone,samsung,388.68,140,6,2262.18,4.29
1004872,electronics.smartphone,samsung,286.35,137,8,2261.78,5.84
1004665,electronics.smartphone,samsung,871.14,135,3,2421.54,2.22
1005132,electronics.smartphone,apple,1413.16,133,4,5636.110000000001,3.01
1004958,electronics.smartphone,xiaomi,360.07,129,7,2319.86,5.43
1002547,electronics.smartphone,apple,470.77,129,3,1390.44,2.33
1005102,electronics.smartphone,xiaomi,463.04,128,3,1303.84,2.34
3600163,appliances.kitchen.washer,indesit,179.67,127,1,182.41,0.79
1004321,electronics.smartphone,huawei,243.25,123,2,540.04,1.63
1004835,electronics.smartphone,samsung,230.89,123,4,915.46,3.25
1005006,electronics.smartphone,xiaomi,90.59,123,3,264.43,2.44
1004834,electronics.smartphone,samsung,174.78,123,10,1728.87,8.13
1801739,electronics.video.tv,samsung,282.2,118,1,289.56,0.85
1004788,electronics.smartphone,xiaomi,133.67,117,6,823.15,5.13
1004749,electronics.smartphone,samsung,203.35,116,1,193.02,0.86
1003549,electronics.smartphone,samsung,344.64,116,0,0.0,0.0
1003312,electronics.smartphone,apple,711.59,114,3,2087.99,2.63
1004566,electronics.smartphone,huawei,175.76,113,3,503.06000000000006,2.65
1004505,electronics.smartphone,xiaomi,463.07,112,0,0.0,0.0
1005217,electronics.smartphone,xiaomi,167.05,110,3,475.12,2.73
3601244,appliances.kitchen.washer,lg,339.75,109,4,1442.9099999999999,3.67
5100376,electronics.clocks,xiaomi,68.01,107,2,135.82,1.87
1005156,electronics.smartphone,xiaomi,308.63,107,1,375.69,0.93
1005118,electronics.smartphone,apple,975.57,107,6,5949.29,5.61
1004792,electronics.smartphone,xiaomi,466.91,106,0,0.0,0.0
1005157,electronics.smartphone,xiaomi,282.89,106,3,864.0799999999999,2.83
1002629,electronics.smartphone,apple,377.14,106,7,2532.8199999999997,6.6
5100577,electronics.clocks,samsung,295.94,104,5,1470.05,4.81
1005106,electronics.smartphone,apple,1541.87,103,6,9117.17,5.83
1005112,electronics.smartphone,apple,975.57,102,3,3022.94,2.94
1005186,electronics.smartphone,samsung,771.94,102,6,4631.64,5.88
1005015,electronics.smartphone,samsung,604.88,102,1,594.85,0.98
1004653,electronics.smartphone,samsung,636.05,101,4,2428.85,3.96
1005124,electronics.smartphone,apple,1634.51,101,4,6545.25,3.96
3600666,appliances.kitchen.washer,samsung,319.14,100,0,0.0,0.0
1005021,electronics.smartphone,oppo,386.06,100,3,1158.2,3.0
1005129,electronics.smartphone,apple,1413.16,100,3,4169.71,3.0
1005101,electronics.smartphone,xiaomi,447.86,99,1,424.46,1.01
1004839,electronics.smartphone,oppo,179.39,97,4,693.77,4.12
6000094,auto.accessories.alarm,starline,121.24,95,3,363.71999999999997,3.16
1306650,computers.notebook,acer,437.57,95,2,875.14,2.11
1004990,electronics.smartphone,oppo,257.38,95,1,255.32,1.05
1004840,electronics.smartphone,huawei,963.2,94,0,0.0,0.0
1004863,electronics.smartphone,samsung,174.76,94,8,1373.57,8.51
1002528,electronics.smartphone,apple,643.23,93,1,566.04,1.08
1004795,electronics.smartphone,xiaomi,244.25,93,1,220.08,1.08
1005099,electronics.smartphone,samsung,154.3,92,3,426.94,3.26
1005144,electronics.smartphone,apple,1747.79,90,2,3489.77,2.22
1004849,electronics.smartphone,huawei,962.02,90,0,0.0,0.0
2702277,appliances.kitchen.refrigerators,lg,463.31,89,1,465.72,1.12
1004961,electronics.smartphone,oppo,179.33,89,1,179.14,1.12
4803878,electronics.audio.headphone,xiaomi,43.24,87,3,127.86,3.45
1307366,computers.notebook,lenovo,248.63,87,1,248.63,1.15
1005121,electronics.smartphone,apple,949.83,87,3,3006.88,3.45
1005062,electronics.smartphone,xiaomi,205.38,86,3,584.88,3.49
1004709,electronics.smartphone,huawei,155.71,86,3,459.68,3.49
1003768,electronics.smartphone,huawei,485.54,85,0,0.0,0.0
1004934,electronics.smartphone,vivo,231.64,85,1,203.58,1.18
1004886,electronics.smartphone,oppo,153.04,85,3,437.0,3.53
1005069,electronics.smartphone,vivo,321.73,84,2,590.69,2.38
1004871,electronics.smartphone,samsung,286.68,84,2,570.04,2.38
4804572,electronics.audio.headphone,apple,208.5,83,3,715.5799999999999,3.61
1801929,electronics.video.tv,samsung,560.89,83,2,1059.69,2.41
1005158,electronics.smartphone,xiaomi,308.63,82,1,316.58,1.22
3601489,appliances.kitchen.washer,samsung,476.18,82,0,0.0,0.0
5100855,electronics.clocks,apple,617.52,81,2,1205.13,2.47
1004436,electronics.smartphone,samsung,180.16,80,1,190.46,1.25
5100572,electronics.clocks,apple,419.6,79,4,1689.4,5.06
5100719,electronics.clocks,samsung,151.61,79,0,0.0,0.0
4700478,auto.accessories.videoregister,sho-me,142.86,78,2,284.5,2.56
1005072,electronics.smartphone,samsung,1043.19,78,2,2021.4499999999998,2.56
1801805,electronics.video.tv,artel,256.79,78,3,724.75,3.85
1004956,electronics.smartphone,xiaomi,395.1,78,1,375.79,1.28
1004133,electronics.smartphone,xiaomi,135.99,77,0,0.0,0.0
5100566,electronics.clocks,apple,453.27,77,3,1360.14,3.9
1005136,electronics.smartphone,apple,2056.68,77,3,6125.8099999999995,3.9
4804409,electronics.audio.headphone,elari,66.87,77,1,62.91,1.3
3601405,appliances.kitchen.washer,beko,180.16,76,2,360.32,2.63
1004226,electronics.smartphone,apple,1012.64,76,1,1000.33,1.32
1004902,electronics.smartphone,oppo,592.01,76,0,0.0,0.0
3601437,appliances.kitchen.washer,lg,380.96,76,0,0.0,0.0
1801860,electronics.video.tv,kivi,190.45,74,2,384.52,2.7
1002532,electronics.smartphone,apple,642.69,74,5,3085.52,6.76
1004210,electronics.smartphone,samsung,95.21,74,4,353.58,5.41
1307310,computers.notebook,acer,308.12,74,3,875.0699999999999,4.05
1005238,electronics.smartphone,oppo,308.86,73,1,293.19,1.37
1801882,electronics.video.tv,samsung,422.09,73,2,845.5,2.74
1004805,electronics.smartphone,xiaomi,138.47,72,0,0.0,0.0
1004238,electronics.smartphone,apple,1205.18,71,3,3626.95,4.23
3701134,appliances.environment.vacuum,bosch,105.28,71,3,300.86,4.23
2701657,appliances.kitchen.refrigerators,beko,257.04,70,2,518.09,2.86
1005205,electronics.smartphone,oppo,257.38,70,1,256.89,1.43
1004751,electronics.smartphone,samsung,203.74,70,2,395.09000000000003,2.86
1307074,computers.notebook,acer,772.19,70,1,720.22,1.43
1005007,electronics.smartphone,xiaomi,99.87,69,0,0.0,0.0
1200947,electronics.tablet,samsung,115.41,69,1,112.56,1.45
1002540,electronics.smartphone,apple,511.78,69,4,1949.56,5.8
1005203,electronics.smartphone,xiaomi,133.59,68,0,0.0,0.0
6000227,auto.accessories.alarm,starline,157.53,68,2,315.06,2.94
1801849,electronics.video.tv,samsung,635.25,66,2,1263.04,3.03
1004434,electronics.smartphone,samsung,257.15,66,1,257.15,1.52
3601485,appliances.kitchen.washer,lg,308.65,65,2,638.61,3.08
1004904,electronics.smartphone,huawei,110.34,65,5,539.63,7.69
5701086,auto.accessories.player,pioneer,129.94,64,0,0.0,0.0
1004888,electronics.smartphone,samsung,231.64,64,2,448.2,3.12
1307067,computers.notebook,lenovo,251.74,64,3,755.97,4.69
5100562,electronics.clocks,apple,296.58,63,4,1188.86,6.35
1002099,electronics.smartphone,samsung,370.41,63,0,0.0,0.0
1004428,electronics.smartphone,huawei,692.14,63,0,0.0,0.0
1005017,electronics.smartphone,huawei,94.97,63,2,187.73,3.17
1005169,electronics.smartphone,samsung,249.4,63,2,429.73,3.17
5100563,electronics.clocks,samsung,259.98,63,1,259.72,1.59
1003535,electronics.smartphone,samsung,460.5,61,1,460.5,1.64
2900536,appliances.kitchen.microwave,elenberg,51.46,61,4,205.82,6.56
1307187,computers.notebook,acer,869.78,59,1,855.85,1.69
1004874,electronics.smartphone,samsung,383.51,59,0,0.0,0.0
1003879,electronics.smartphone,huawei,694.48,59,0,0.0,0.0
1480163,computers.desktop,acer,617.0,59,0,0.0,0.0
3700766,appliances.environment.vacuum,samsung,128.45,59,1,136.17,1.69
1004496,electronics.smartphone,meizu,71.79,59,0,0.0,0.0
1004564,electronics.smartphone,meizu,133.59,58,0,0.0,0.0
8800773,electronics.telephone,nokia,73.56,58,1,73.51,1.72
1003311,electronics.smartphone,apple,782.32,58,0,0.0,0.0
1004748,electronics.smartphone,huawei,130.91,58,0,0.0,0.0
1801806,electronics.video.tv,artel,124.4,58,1,123.5,1.72
3700779,appliances.environment.vacuum,xiaomi,299.88,57,0,0.0,0.0
3601438,appliances.kitchen.washer,beko,208.19,56,2,416.89,3.57
1004247,electronics.smartphone,apple,808.27,55,2,1603.99,3.64
3700748,appliances.environment.vacuum,samsung,99.75,55,1,99.75,1.82
1004322,electronics.smartphone,huawei,303.69,55,1,308.63,1.82
1004806,electronics.smartphone,xiaomi,349.79,55,0,0.0,0.0
1005002,electronics.smartphone,huawei,258.27,54,1,253.41,1.85
3200549,appliances.kitchen.meat_grinder,dauscher,25.71,54,3,77.13,5.56
3701244,appliances.environment.vacuum,elenberg,33.44,54,3,100.31,5.56
1307336,computers.notebook,asus,357.25,53,0,0.0,0.0
1005235,electronics.smartphone,oppo,463.31,53,1,463.28,1.89
6000004,auto.accessories.alarm,starline,139.77,53,0,0.0,0.0
1801995,electronics.video.tv,haier,193.03,52,1,193.03,1.92
1003305,electronics.smartphone,apple,607.74,52,1,610.03,1.92
13200019,furniture.bedroom.bed,sv,386.08,52,0,0.0,0.0
1004776,electronics.smartphone,xiaomi,185.08,52,1,182.48,1.92
1004965,electronics.smartphone,oppo,952.35,52,0,0.0,0.0
3900003,appliances.environment.water_heater,ariston,120.46,52,0,0.0,0.0
1004038,electronics.smartphone,xiaomi,151.35,52,0,0.0,0.0
1002634,electronics.smartphone,apple,376.85,52,6,2242.48,11.54
1201465,electronics.tablet,samsung,238.67,51,1,236.36,1.96
1005174,electronics.smartphone,samsung,643.23,51,1,643.23,1.96
1801940,electronics.video.tv,haier,244.51,51,0,0.0,0.0
1005070,electronics.smartphone,vivo,308.86,50,0,0.0,0.0
1005066,electronics.smartphone,xiaomi,234.67,50,1,230.27,2.0
1002536,electronics.smartphone,apple,581.22,50,2,1142.12,4.0
1003709,electronics.smartphone,samsung,643.49,50,0,0.0,0.0
1004199,electronics.smartphone,xiaomi,334.24,49,0,0.0,0.0
1004905,electronics.smartphone,huawei,110.22,49,0,0.0,0.0
1003769,electronics.smartphone,huawei,463.07,48,0,0.0,0.0
1307076,computers.notebook,asus,720.71,48,0,0.0,0.0
2900958,appliances.kitchen.microwave,arg,56.6,48,1,56.6,2.08
4803976,electronics.audio.headphone,samsung,127.05,48,0,0.0,0.0
1005064,electronics.smartphone,xiaomi,208.23,48,1,205.41,2.08
1004575,electronics.smartphone,xiaomi,463.31,48,1,463.31,2.08
1004946,electronics.smartphone,oneplus,746.22,48,0,0.0,0.0
2701683,appliances.kitchen.refrigerators,beko,228.81,48,1,225.61,2.08
1004529,electronics.smartphone,samsung,396.15,48,1,396.15,2.08
3701005,appliances.environment.vacuum,philips,308.86,48,0,0.0,0.0
2700618,appliances.kitchen.refrigerators,indesit,349.79,48,1,349.73,2.08
1801581,electronics.video.tv,yasin,374.5,47,1,373.21,2.13
1005133,electronics.smartphone,apple,1619.09,47,2,3268.5,4.26
4700589,auto.accessories.videoregister,xiaomi,71.56,47,1,70.53,2.13
3601250,appliances.kitchen.washer,samsung,347.27,47,1,347.47,2.13
1004530,electronics.smartphone,samsung,396.15,47,1,396.15,2.13
1201504,electronics.tablet,samsung,164.17,47,2,329.78,4.26
1307004,computers.notebook,lenovo,290.61,47,0,0.0,0.0
1003525,electronics.smartphone,oneplus,460.66,47,0,0.0,0.0
1005074,electronics.smartphone,samsung,1235.24,47,0,0.0,0.0
1005022,electronics.smartphone,oppo,386.08,47,0,0.0,0.0
3701056,appliances.environment.vacuum,samsung,64.33,46,0,0.0,0.0
21401211,electronics.clocks,casio,79.02,46,3,235.18,6.52
13201002,furniture.bedroom.bed,stendmebel,176.04,46,1,176.04,2.17
1004225,electronics.smartphone,apple,1012.19,46,1,1004.86,2.17
4803399,electronics.audio.headphone,jbl,33.21,46,0,0.0,0.0
1802037,electronics.video.tv,lg,303.45,46,1,300.81,2.17
1307188,computers.notebook,hp,285.51,46,3,671.0699999999999,6.52
5100375,electronics.clocks,xiaomi,70.53,46,0,0.0,0.0
1306359,computers.notebook,acer,643.49,46,0,0.0,0.0
1004402,electronics.smartphone,xiaomi,164.17,45,1,164.07,2.22
1307135,computers.notebook,hp,320.35,45,0,0.0,0.0
1005195,electronics.smartphone,xiaomi,149.3,45,0,0.0,0.0
1003281,electronics.smartphone,samsung,746.22,44,1,750.67,2.27
1005139,electronics.smartphone,apple,2072.1,44,0,0.0,0.0
2500566,appliances.kitchen.oven,asel,61.37,44,2,104.96,4.55
1005016,electronics.smartphone,samsung,615.56,44,1,602.07,2.27
1003318,electronics.smartphone,apple,1070.71,44,1,1054.85,2.27
1004740,electronics.smartphone,xiaomi,218.51,44,1,218.25,2.27
1004670,electronics.smartphone,samsung,1286.75,44,1,1286.75,2.27
4803879,electronics.audio.headphone,xiaomi,71.3,43,0,0.0,0.0
1004949,electronics.smartphone,oneplus,838.89,43,0,0.0,0.0
3100267,appliances.kitchen.blender,vitek,43.68,43,1,39.68,2.33
1004779,electronics.smartphone,xiaomi,140.83,43,0,0.0,0.0
1801901,electronics.video.tv,samsung,637.85,43,2,1270.72,4.65
1004809,electronics.smartphone,xiaomi,125.57,43,0,0.0,0.0
1801704,electronics.video.tv,samsung,424.62,43,0,0.0,0.0
5100564,electronics.clocks,samsung,259.98,43,1,259.98,2.33
1800931,electronics.video.tv,sony,385.59,42,2,770.3599999999999,4.76
1307344,computers.notebook,asus,540.53,42,1,540.53,2.38
3601278,appliances.kitchen.washer,bosch,385.85,42,1,385.85,2.38
5000691,appliances.sewing_machine,chayka,92.64,42,1,92.64,2.38
3600231,appliances.kitchen.washer,midea,100.38,42,2,201.28,4.76
1005119,electronics.smartphone,apple,1027.05,42,0,0.0,0.0
3600182,appliances.kitchen.washer,midea,121.5,42,2,252.98000000000002,4.76
1004255,electronics.smartphone,apple,742.34,41,1,738.2,2.44
3601505,appliances.kitchen.washer,samsung,463.15,41,0,0.0,0.0
1004901,electronics.smartphone,oppo,592.01,41,2,1093.7,4.88
1304409,computers.notebook,apple,1402.84,41,0,0.0,0.0
6000157,auto.accessories.alarm,starline,91.12,41,0,0.0,0.0
2701646,appliances.kitchen.refrigerators,indesit,270.02,41,1,272.48,2.44
1004495,electronics.smartphone,meizu,71.79,41,1,70.79,2.44
1004243,electronics.smartphone,apple,733.53,41,0,0.0,0.0
21401444,electronics.clocks,casio,33.13,41,1,32.92,2.44
3600937,appliances.kitchen.washer,samsung,334.6,41,1,334.6,2.44
3700621,appliances.environment.vacuum,vitek,120.93,40,0,0.0,0.0
3100491,appliances.kitchen.blender,polaris,36.01,40,2,69.22,5.0
3601524,appliances.kitchen.washer,samsung,398.95,40,0,0.0,0.0
1307350,computers.notebook,acer,514.79,40,0,0.0,0.0
1003712,electronics.smartphone,samsung,746.48,40,1,720.22,2.5
1004867,electronics.smartphone,xiaomi,452.81,40,1,467.92,2.5
1005103,electronics.smartphone,xiaomi,100.12,40,0,0.0,0.0
2501799,appliances.kitchen.oven,elenberg,41.16,40,1,46.31,2.5
1004229,electronics.smartphone,apple,1142.03,40,2,2244.73,5.0
1002548,electronics.smartphone,apple,579.68,40,0,0.0,0.0
1005143,electronics.smartphone,apple,1541.61,40,0,0.0,0.0
19200005,construction.tools.saw,huter,92.13,40,1,92.13,2.5
5100718,electronics.clocks,samsung,150.95,39,0,0.0,0.0
10900305,appliances.kitchen.mixer,elenberg,25.71,39,0,0.0,0.0
1004259,electronics.smartphone,apple,816.74,39,1,812.09,2.56
1004497,electronics.smartphone,nokia,159.33,39,2,320.18,5.13
5701108,auto.accessories.player,pioneer,120.98,39,0,0.0,0.0
5100852,electronics.clocks,apple,603.49,39,1,591.77,2.56
1004144,electronics.smartphone,xiaomi,128.37,39,1,133.53,2.56
1004964,electronics.smartphone,oppo,952.38,39,0,0.0,0.0
3601427,appliances.kitchen.washer,lg,336.95,39,1,336.95,2.56
1004793,electronics.smartphone,xiaomi,424.08,38,0,0.0,0.0
1004775,electronics.smartphone,xiaomi,181.73,38,1,186.57,2.63
2700609,appliances.kitchen.refrigerators,indesit,310.37,38,0,0.0,0.0
1005009,electronics.smartphone,xiaomi,90.35,38,1,86.99,2.63
1004320,electronics.smartphone,xiaomi,194.34,38,0,0.0,0.0
3700580,appliances.environment.vacuum,thomas,332.68,38,1,334.39,2.63
1801623,electronics.video.tv,lg,395.2,38,2,780.02,5.26
1005166,electronics.smartphone,xiaomi,321.5,38,0,0.0,0.0
3801134,appliances.iron,elenberg,16.71,38,1,16.54,2.63
1004730,electronics.smartphone,sony,308.62,38,0,0.0,0.0
1005164,electronics.smartphone,xiaomi,295.76,38,1,292.93,2.63
1004848,electronics.smartphone,huawei,663.85,38,0,0.0,0.0
1201297,electronics.tablet,apple,384.31,38,1,360.09,2.63
21400996,electronics.clocks,casio,76.37,37,1,75.88,2.7
1307237,computers.notebook,lenovo,257.38,37,1,257.38,2.7
4802159,electronics.audio.headphone,jbl,8.88,37,1,8.88,2.7
2900200,appliances.kitchen.microwave,lg,85.81,37,1,84.38,2.7
5100551,electronics.clocks,xiaomi,164.74,37,1,164.74,2.7
3601212,appliances.kitchen.washer,lg,436.77,37,2,808.64,5.41
1801689,electronics.video.tv,samsung,261.73,37,0,0.0,0.0
1003285,electronics.smartphone,samsung,525.08,37,0,0.0,0.0
1005141,electronics.smartphone,apple,1746.89,37,2,3384.86,5.41
1801555,electronics.video.tv,lg,462.25,37,1,459.21,2.7
1003894,electronics.smartphone,lg,344.9,37,0,0.0,0.0
1004723,electronics.smartphone,huawei,130.6,36,1,127.15,2.78
2800433,appliances.kitchen.refrigerators,haier,282.86,36,0,0.0,0.0
1005122,electronics.smartphone,apple,1027.05,36,1,1055.11,2.78
1307361,computers.notebook,lenovo,419.55,36,1,420.6,2.78
1005130,electronics.smartphone,apple,1619.09,36,1,1671.86,2.78
5700384,auto.accessories.player,pioneer,123.56,36,0,0.0,0.0
1005154,electronics.smartphone,samsung,428.89,36,0,0.0,0.0
1005215,electronics.smartphone,samsung,1544.42,35,0,0.0,0.0
1004837,electronics.smartphone,xiaomi,322.43,35,0,0.0,0.0
17200728,furniture.living_room.sofa,rals,778.87,35,0,0.0,0.0
2701305,appliances.kitchen.refrigerators,samsung,504.46,35,0,0.0,0.0
55000008,apparel.costume,nike,111.95,35,0,0.0,0.0
4000169,construction.tools.generator,tefal,90.07,35,0,0.0,0.0
1005071,electronics.smartphone,samsung,1044.81,35,1,1007.8,2.86
1004813,electronics.smartphone,honor,257.38,35,0,0.0,0.0
1005126,electronics.smartphone,apple,1413.16,35,0,0.0,0.0
1801892,electronics.video.tv,yasin,115.7,35,1,115.79,2.86
1200957,electronics.tablet,samsung,115.41,35,1,115.32,2.86
2702331,appliances.kitchen.refrigerators,lg,527.65,35,1,527.65,2.86
5100722,electronics.clocks,huawei,169.62,35,1,169.63,2.86
4700542,auto.accessories.videoregister,anytek,79.8,35,1,79.8,2.86
1005065,electronics.smartphone,xiaomi,234.34,35,0,0.0,0.0
1004161,electronics.smartphone,xiaomi,96.53,35,0,0.0,0.0
4802930,electronics.audio.headphone,elari,51.46,35,0,0.0,0.0
1005204,electronics.smartphone,xiaomi,160.83,35,1,158.11,2.86
1004446,electronics.smartphone,samsung,95.16,35,1,89.31,2.86
2800007,appliances.kitchen.refrigerators,atlant,257.15,35,0,0.0,0.0
1005107,electronics.smartphone,apple,1027.05,34,1,1091.1,2.94
1005209,electronics.smartphone,apple,424.7,34,0,0.0,0.0
3601522,appliances.kitchen.washer,lg,285.69,34,0,0.0,0.0
1005004,electronics.smartphone,huawei,257.23,34,1,255.45,2.94
5100576,electronics.clocks,apple,424.68,34,2,845.72,5.88
1005253,electronics.smartphone,xiaomi,373.24,34,1,334.6,2.94
1004850,electronics.smartphone,huawei,668.83,34,0,0.0,0.0
1307377,computers.notebook,lenovo,437.56,34,0,0.0,0.0
1004252,electronics.smartphone,apple,759.05,34,1,756.52,2.94
1307136,computers.notebook,acer,514.63,34,1,511.98,2.94
4700419,auto.accessories.videoregister,sho-me,141.86,34,1,149.73,2.94
1500021,computers.peripherals.printer,epson,116.73,34,0,0.0,0.0
1005109,electronics.smartphone,apple,975.57,34,2,2029.3899999999999,5.88
3701088,appliances.environment.vacuum,bosch,90.07,34,1,102.94,2.94
1005187,electronics.smartphone,samsung,771.94,34,0,0.0,0.0
4804137,electronics.audio.headphone,huawei,114.97,33,0,0.0,0.0
1004655,electronics.smartphone,samsung,731.04,33,1,770.9,3.03
1005113,electronics.smartphone,apple,1027.05,33,4,4362.11,12.12
1003705,electronics.smartphone,huawei,192.54,33,0,0.0,0.0
1480558,computers.desktop,netechnics,1055.34,33,0,0.0,0.0
1004240,electronics.smartphone,apple,1067.92,33,3,3172.66,9.09
3601343,appliances.kitchen.washer,samsung,437.56,33,0,0.0,0.0
1002101,electronics.smartphone,samsung,409.02,33,1,370.64,3.03
3700338,appliances.environment.vacuum,samsung,64.32,33,0,0.0,0.0
1005192,electronics.smartphone,meizu,207.73,33,0,0.0,0.0
1801712,electronics.video.tv,lg,367.29,33,0,0.0,0.0
12100230,kids.skates,xiaomi,369.38,33,0,0.0,0.0
3800979,appliances.iron,tefal,69.42,33,0,0.0,0.0
6300680,appliances.kitchen.kettle,redmond,33.44,33,3,90.02,9.09
1005151,electronics.smartphone,xiaomi,426.96,33,1,411.45,3.03
2701639,appliances.kitchen.refrigerators,indesit,257.15,33,0,0.0,0.0
5700619,auto.accessories.player,jvc,46.33,32,1,48.91,3.12
6000032,auto.accessories.alarm,cenmax,70.02,32,0,0.0,0.0
1004241,electronics.smartphone,apple,1176.35,32,0,0.0,0.0
3700777,appliances.environment.vacuum,samsung,164.71,32,0,0.0,0.0
1004661,electronics.smartphone,samsung,885.07,32,0,0.0,0.0
6000272,auto.accessories.alarm,pandora,153.67,32,0,0.0,0.0
6000229,auto.accessories.alarm,starline,138.23,32,2,276.46,6.25
1005212,electronics.smartphone,samsung,231.38,32,2,392.53999999999996,6.25
12600003,appliances.kitchen.grill,maxwell,72.05,32,1,71.82,3.12
4700380,auto.accessories.videoregister,ibox,146.57,32,0,0.0,0.0
1004426,electronics.smartphone,samsung,180.16,32,1,180.16,3.12
1004562,electronics.smartphone,meizu,101.65,31,1,100.36,3.23
1801897,electronics.video.tv,samsung,1106.82,31,0,0.0,0.0
1003315,electronics.smartphone,apple,979.16,31,0,0.0,0.0
3701084,appliances.environment.vacuum,xiaomi,435.75,31,0,0.0,0.0
1004449,electronics.smartphone,xiaomi,200.75,31,0,0.0,0.0
1003319,electronics.smartphone,apple,1067.84,31,3,3203.63,9.68
4804660,electronics.audio.headphone,xiaomi,25.23,31,1,32.9,3.23
1005067,electronics.smartphone,samsung,1209.5,31,0,0.0,0.0
12100045,kids.skates,xiaomi,368.92,31,0,0.0,0.0
1003855,electronics.smartphone,xiaomi,140.9,31,1,127.85,3.23
1004544,electronics.smartphone,huawei,609.72,31,0,0.0,0.0
4700466,auto.accessories.videoregister,navitel,95.19,31,0,0.0,0.0
1307340,computers.notebook,asus,334.6,31,0,0.0,0.0
1004887,electronics.smartphone,oppo,153.0,31,1,128.44,3.23
3600165,appliances.kitchen.washer,indesit,180.16,31,0,0.0,0.0
1004648,electronics.smartphone,samsung,621.44,31,2,1242.84,6.45
1801539,electronics.video.tv,lg,421.35,31,2,814.74,6.45
1003800,electronics.smartphone,apple,823.32,31,1,797.68,3.23
1005162,electronics.smartphone,xiaomi,295.76,31,1,290.22,3.23
30000218,construction.tools.welding,magnetta,252.85,31,0,0.0,0.0
5801483,electronics.audio.subwoofer,pioneer,58.43,31,0,0.0,0.0
4802205,electronics.audio.headphone,marshall,89.83,30,0,0.0,0.0
1305977,computers.notebook,apple,2496.59,30,0,0.0,0.0
3701284,appliances.environment.vacuum,elenberg,25.71,30,0,0.0,0.0
1005018,electronics.smartphone,huawei,95.87,30,0,0.0,0.0
1004536,electronics.smartphone,huawei,796.64,30,0,0.0,0.0
1005168,electronics.smartphone,samsung,242.45,30,0,0.0,0.0
1305566,computers.notebook,hp,249.43,30,0,0.0,0.0
5701063,auto.accessories.player,pioneer,129.99,30,0,0.0,0.0
3600545,appliances.kitchen.washer,samsung,540.53,30,1,579.14,3.33
1306185,computers.notebook,acer,386.08,30,0,0.0,0.0
1005165,electronics.smartphone,xiaomi,321.48,30,0,0.0,0.0
28718083,apparel.shoes.keds,respect,51.22,30,1,28.06,3.33
6300465,appliances.kitchen.kettle,elenberg,10.27,30,0,0.0,0.0
1003307,electronics.smartphone,apple,761.64,30,0,0.0,0.0
1004937,electronics.smartphone,vivo,167.29,30,0,0.0,0.0
13200013,furniture.bedroom.bed,sv,141.32,30,0,0.0,0.0
11600325,computers.desktop,sven,76.71,29,0,0.0,0.0
1005142,electronics.smartphone,apple,2072.1,29,0,0.0,0.0
4803894,electronics.audio.headphone,jbl,48.14,29,1,48.14,3.45
3100640,appliances.kitchen.blender,redmond,56.23,29,2,102.67,6.9
5100748,electronics.clocks,canyon,55.06,29,0,0.0,0.0
1004966,electronics.smartphone,oppo,257.38,29,0,0.0,0.0
2900569,appliances.kitchen.microwave,lg,94.96,29,0,0.0,0.0
1306256,computers.notebook,hp,334.37,29,2,668.74,6.9
1801691,electronics.video.tv,samsung,488.85,29,1,463.05,3.45
4700680,auto.accessories.videoregister,ibox,60.23,29,0,0.0,0.0
1005019,electronics.smartphone,nokia,100.36,29,0,0.0,0.0
1002542,electronics.smartphone,apple,473.6,29,0,0.0,0.0
5700788,auto.accessories.player,kenwood,86.2,29,0,0.0,0.0
3900002,appliances.environment.water_heater,ariston,103.18,29,1,103.29,3.45
3601425,appliances.kitchen.washer,beko,231.35,29,1,228.75,3.45
1306653,computers.notebook,lenovo,359.08,29,0,0.0,0.0
3601421,appliances.kitchen.washer,lg,406.68,28,0,0.0,0.0
5801482,electronics.audio.subwoofer,pioneer,48.39,28,0,0.0,0.0
1004235,electronics.smartphone,apple,1184.01,28,0,0.0,0.0
1004158,electronics.smartphone,samsung,952.41,28,0,0.0,0.0
3700907,appliances.environment.vacuum,karcher,120.21,28,0,0.0,0.0
8801100,electronics.telephone,nokia,94.67,28,0,0.0,0.0
21401225,electronics.clocks,casio,48.62,28,0,0.0,0.0
1005140,electronics.smartphone,apple,1541.87,28,3,4560.53,10.71
3600253,appliances.kitchen.washer,midea,99.07,28,1,99.07,3.57
3701141,appliances.environment.vacuum,tefal,239.13,28,1,239.13,3.57
17800122,computers.desktop,zeta,125.63,28,0,0.0,0.0
1800930,electronics.video.tv,sony,329.22,28,0,0.0,0.0
1307355,computers.notebook,asus,674.86,28,0,0.0,0.0
5100610,electronics.clocks,apple,360.34,28,0,0.0,0.0
1003770,electronics.smartphone,huawei,182.99,28,1,306.54,3.57
7004492,kids.carriage,belecoo,102.24,28,1,102.18,3.57
1801514,electronics.video.tv,haier,154.42,28,0,0.0,0.0
5701002,auto.accessories.player,pioneer,56.63,28,1,60.97,3.57
3700709,appliances.environment.vacuum,karcher,113.67,28,0,0.0,0.0
6800658,computers.components.hdd,kingston,38.32,27,2,76.63,7.41
1004993,electronics.smartphone,oneplus,591.75,27,0,0.0,0.0
1005177,electronics.smartphone,samsung,900.64,27,3,2701.92,11.11
3700837,appliances.environment.vacuum,arnica,224.38,27,0,0.0,0.0
5000088,appliances.sewing_machine,janome,300.93,27,0,0.0,0.0
3700278,appliances.environment.vacuum,samsung,64.32,27,0,0.0,0.0
1401872,computers.desktop,netechnics,682.1,27,0,0.0,0.0
5100601,electronics.clocks,jet,33.44,27,0,0.0,0.0
1004991,electronics.smartphone,vivo,231.64,27,0,0.0,0.0
2701727,appliances.kitchen.refrigerators,beko,285.77,27,1,301.14,3.7
1004166,electronics.smartphone,xiaomi,146.41,27,1,146.01,3.7
1004026,electronics.smartphone,xiaomi,141.25,27,1,141.19,3.7
9002778,kids.toys,disney,10.35,27,0,0.0,0.0
5100715,electronics.clocks,aimoto,114.1,27,1,46.72,3.7
3601344,appliances.kitchen.washer,samsung,411.59,26,1,411.59,3.85
1480492,computers.desktop,acer,2059.23,26,0,0.0,0.0
1004657,electronics.smartphone,samsung,797.65,26,1,797.65,3.85
5000475,appliances.sewing_machine,janome,169.86,26,1,180.13,3.85
1004650,electronics.smartphone,samsung,628.78,26,1,627.41,3.85
28712327,apparel.shoes,baden,86.23,26,0,0.0,0.0
5100763,electronics.clocks,canyon,64.07,26,0,0.0,0.0
5700024,auto.accessories.player,pioneer,334.37,26,0,0.0,0.0
1004214,electronics.smartphone,xiaomi,334.24,26,0,0.0,0.0
2702347,appliances.kitchen.refrigerators,lg,552.08,26,1,547.28,3.85
2501301,appliances.kitchen.oven,beko,215.27,26,0,0.0,0.0
1003942,electronics.smartphone,xiaomi,187.8,26,0,0.0,0.0
2800594,appliances.kitchen.refrigerators,indesit,313.93,26,3,912.4200000000001,11.54
3800548,appliances.iron,vitek,28.29,26,1,28.06,3.85
1004139,electronics.smartphone,xiaomi,97.27,26,1,97.27,3.85
3601537,appliances.kitchen.washer,samsung,386.08,26,2,772.16,7.69
1306949,computers.notebook,acer,486.47,26,0,0.0,0.0
3701164,appliances.environment.vacuum,bosch,90.02,26,0,0.0,0.0
1802038,electronics.video.tv,tcl,195.37,26,2,371.33,7.69
12600013,appliances.kitchen.grill,tefal,108.09,26,0,0.0,0.0
5800865,electronics.audio.subwoofer,edge,160.85,26,0,0.0,0.0
3601241,appliances.kitchen.washer,lg,350.68,26,0,0.0,0.0
1500399,computers.peripherals.printer,canon,118.38,26,0,0.0,0.0
1201466,electronics.tablet,samsung,237.27,26,2,472.53,7.69
6200315,appliances.environment.air_heater,elenberg,33.44,26,0,0.0,0.0
5000356,appliances.sewing_machine,janome,167.03,25,0,0.0,0.0
1004356,electronics.smartphone,apple,1477.26,25,0,0.0,0.0
3701062,appliances.environment.vacuum,gorenje,90.07,25,0,0.0,0.0
1004205,electronics.smartphone,xiaomi,128.58,25,0,0.0,0.0
6000254,auto.accessories.alarm,starline,196.92,25,0,0.0,0.0
1005178,electronics.smartphone,samsung,900.64,25,2,1801.28,8.0
1802005,electronics.video.tv,lg,460.5,25,0,0.0,0.0
1500258,computers.peripherals.printer,epson,268.99,25,0,0.0,0.0
1307068,computers.notebook,lenovo,303.48,25,0,0.0,0.0
1004159,electronics.smartphone,samsung,746.48,25,1,1253.36,4.0
1201292,electronics.tablet,apple,411.57,25,0,0.0,0.0
3700600,appliances.environment.vacuum,vitek,51.43,25,0,0.0,0.0
1307408,computers.notebook,acer,334.6,25,0,0.0,0.0
1480494,computers.desktop,acer,900.15,25,0,0.0,0.0
5801658,electronics.audio.subwoofer,pride,74.65,25,0,0.0,0.0
2501143,appliances.kitchen.oven,artel,36.01,25,1,36.01,4.0
3700127,appliances.environment.vacuum,lg,189.26,25,0,0.0,0.0
8800399,electronics.telephone,nokia,33.44,25,0,0.0,0.0
1004663,electronics.smartphone,samsung,900.62,25,0,0.0,0.0
2900022,appliances.kitchen.microwave,samsung,126.1,25,2,252.2,8.0
13201121,furniture.bedroom.bed,brw,148.27,25,0,0.0,0.0
1307341,computers.notebook,asus,617.75,25,0,0.0,0.0
1305996,computers.notebook,hp,391.0,25,0,0.0,0.0
3701016,appliances.environment.vacuum,tefal,108.03,24,1,108.03,4.17
1003363,electronics.smartphone,apple,535.38,24,2,1070.76,8.33
1801873,electronics.video.tv,kivi,385.85,24,0,0.0,0.0
1002974,electronics.smartphone,huawei,149.3,24,0,0.0,0.0
4700569,auto.accessories.videoregister,ibox,56.63,24,1,56.59,4.17
12400121,construction.tools.drill,alteco,45.82,24,0,0.0,0.0
1801960,electronics.video.tv,haier,360.34,24,0,0.0,0.0
3600990,appliances.kitchen.washer,indesit,208.3,24,0,0.0,0.0
4802888,electronics.audio.headphone,apple,35.78,24,3,92.52,12.5
28703609,apparel.shoes.keds,reebok,118.15,24,1,118.15,4.17
1802026,electronics.video.tv,samsung,599.5,24,0,0.0,0.0
3601479,appliances.kitchen.washer,indesit,187.65,24,1,187.65,4.17
1801900,electronics.video.tv,samsung,483.48,24,0,0.0,0.0
1004909,electronics.smartphone,sony,1026.41,24,0,0.0,0.0
5100861,electronics.clocks,samsung,390.68,24,1,390.67,4.17
8800093,electronics.telephone,nokia,53.72,24,0,0.0,0.0
1700652,computers.peripherals.monitor,samsung,102.91,24,0,0.0,0.0
4803186,electronics.audio.headphone,harper,25.46,24,0,0.0,0.0
1005244,electronics.smartphone,vivo,463.31,24,0,0.0,0.0
1003428,electronics.smartphone,meizu,409.18,24,0,0.0,0.0
3700677,appliances.environment.vacuum,tefal,128.68,24,0,0.0,0.0
5100721,electronics.clocks,huawei,197.95,24,0,0.0,0.0
3600890,appliances.kitchen.washer,indesit,221.34,24,0,0.0,0.0
1801771,electronics.video.tv,changhong,178.9,24,0,0.0,0.0
5700282,auto.accessories.player,alpine,142.86,24,0,0.0,0.0
1004617,electronics.smartphone,xiaomi,499.37,24,0,0.0,0.0
1004843,electronics.smartphone,meizu,231.41,24,0,0.0,0.0
1004317,electronics.smartphone,meizu,200.75,24,0,0.0,0.0
21400513,electronics.clocks,casio,79.92,24,0,0.0,0.0
1003973,electronics.smartphone,samsung,643.49,24,0,0.0,0.0
1306544,computers.notebook,lenovo,1029.37,23,1,1029.36,4.35
28704386,apparel.shoes.keds,asics,51.48,23,0,0.0,0.0
14300017,electronics.audio.music_tools.piano,cortland,76.96,23,0,0.0,0.0
5800860,electronics.audio.subwoofer,phantom,15.44,23,0,0.0,0.0
1801572,electronics.video.tv,yasin,220.03,23,0,0.0,0.0
3900339,appliances.environment.water_heater,aqua,30.63,23,0,0.0,0.0
1480451,computers.desktop,pulser,404.1,23,0,0.0,0.0
5100799,electronics.clocks,garmin,1895.54,23,0,0.0,0.0
1004256,electronics.smartphone,apple,817.61,23,0,0.0,0.0
1004211,electronics.smartphone,samsung,97.79,23,2,177.10000000000002,8.7
1306521,computers.notebook,asus,1940.82,23,0,0.0,0.0
1306948,computers.notebook,hp,694.97,23,0,0.0,0.0
3800751,appliances.iron,redmond,36.01,23,0,0.0,0.0
1004578,electronics.smartphone,oppo,257.38,23,0,0.0,0.0
12300305,construction.tools.drill,alteco,25.74,23,1,29.6,4.35
2702590,appliances.kitchen.refrigerators,dauscher,198.18,23,1,195.6,4.35
10900250,appliances.kitchen.mixer,vitek,59.13,23,0,0.0,0.0
1701474,computers.peripherals.monitor,acer,227.03,23,0,0.0,0.0
1500440,computers.peripherals.printer,epson,174.75,23,1,174.73,4.35
2700598,appliances.kitchen.refrigerators,indesit,334.11,23,0,0.0,0.0
1307236,computers.notebook,lenovo,321.5,23,0,0.0,0.0
5800560,electronics.audio.subwoofer,pride,126.13,23,1,126.13,4.35
28715756,apparel.shoes.keds,nexpero,107.85,23,0,0.0,0.0
6000167,auto.accessories.alarm,centurion,82.37,23,0,0.0,0.0
4400189,appliances.kitchen.coffee_machine,maxwell,15.42,23,0,0.0,0.0
2300294,electronics.camera.video,gopro,437.49,23,0,0.0,0.0
12300181,construction.tools.drill,dewalt,356.51,23,0,0.0,0.0
1003991,electronics.smartphone,lg,216.2,23,0,0.0,0.0
1306567,computers.notebook,acer,707.84,23,0,0.0,0.0
6200514,appliances.environment.air_heater,ballu,15.42,23,2,30.61,8.7
1003811,electronics.smartphone,honor,154.19,22,0,0.0,0.0
28716666,apparel.shoes,respect,89.84,22,0,0.0,0.0
3601406,appliances.kitchen.washer,beko,213.47,22,0,0.0,0.0
2702628,appliances.kitchen.refrigerators,arg,154.42,22,1,180.16,4.55
4802401,electronics.audio.headphone,samsung,45.45,22,1,43.43,4.55
5800140,electronics.audio.subwoofer,sony,41.19,22,0,0.0,0.0
1307051,computers.notebook,apple,1776.11,22,0,0.0,0.0
5700576,auto.accessories.player,pioneer,63.06,22,0,0.0,0.0
3900815,appliances.environment.water_heater,ariston,133.82,22,0,0.0,0.0
1004791,electronics.smartphone,xiaomi,142.86,22,0,0.0,0.0
1004140,electronics.smartphone,xiaomi,176.53,22,0,0.0,0.0
3701387,appliances.environment.vacuum,dauscher,43.73,22,0,0.0,0.0
3601127,appliances.kitchen.washer,haier,321.73,22,0,0.0,0.0
3701162,appliances.environment.vacuum,bosch,110.66,22,1,110.66,4.55
8800313,electronics.telephone,nokia,38.25,22,0,0.0,0.0
1307189,computers.notebook,lenovo,411.83,22,0,0.0,0.0
1003475,electronics.smartphone,google,885.26,22,0,0.0,0.0
3601423,appliances.kitchen.washer,candy,231.64,22,0,0.0,0.0
1802033,electronics.video.tv,kivi,153.67,22,0,0.0,0.0
5100764,electronics.clocks,canyon,64.33,21,0,0.0,0.0
1004386,electronics.smartphone,oppo,776.08,21,0,0.0,0.0
1801762,electronics.video.tv,artel,205.27,21,1,205.27,4.76
1801991,electronics.video.tv,irbis,100.39,21,1,100.39,4.76
5100854,electronics.clocks,apple,631.68,21,0,0.0,0.0
1201231,electronics.tablet,huawei,100.72,21,1,100.73,4.76
1801915,electronics.video.tv,samsung,720.71,21,0,0.0,0.0
1004244,electronics.smartphone,apple,803.7,21,0,0.0,0.0
1002102,electronics.smartphone,samsung,414.53,21,0,0.0,0.0
5700850,auto.accessories.player,alpine,115.83,21,0,0.0,0.0
1003965,electronics.smartphone,samsung,643.26,21,0,0.0,0.0
1005221,electronics.smartphone,xiaomi,308.63,21,0,0.0,0.0
5000487,appliances.sewing_machine,janome,1274.16,21,0,0.0,0.0
1005150,electronics.smartphone,xiaomi,569.71,21,0,0.0,0.0
12100513,kids.skates,maomaoku,338.23,21,1,335.45,4.76
6700582,computers.components.videocards,palit,178.09,21,0,0.0,0.0
1200617,electronics.tablet,samsung,128.42,21,0,0.0,0.0
1480707,computers.desktop,pulser,501.92,21,0,0.0,0.0
1005125,electronics.smartphone,apple,1917.66,21,0,0.0,0.0
3600452,appliances.kitchen.washer,indesit,203.09,21,0,0.0,0.0
1201513,electronics.tablet,samsung,823.39,21,1,823.39,4.76
19200039,construction.tools.saw,eurolux,64.35,21,0,0.0,0.0
13200018,furniture.bedroom.bed,sv,89.84,21,0,0.0,0.0
1004819,electronics.smartphone,xiaomi,169.63,21,0,0.0,0.0
6301991,appliances.kitchen.kettle,dauscher,38.59,21,0,0.0,0.0
2900090,appliances.kitchen.microwave,samsung,102.73,21,0,0.0,0.0
8800713,electronics.telephone,prestigio,8.62,21,0,0.0,0.0
4803686,electronics.audio.headphone,xiaomi,8.21,21,0,0.0,0.0
1801904,electronics.video.tv,samsung,481.32,21,1,481.07,4.76
3700781,appliances.environment.vacuum,polaris,34.72,21,1,38.59,4.76
1004727,electronics.smartphone,sony,179.88,21,1,179.67,4.76
1307401,computers.notebook,asus,306.05,21,1,299.7,4.76
1004757,electronics.smartphone,meizu,92.38,20,0,0.0,0.0
28716983,apparel.shoes.keds,respect,102.71,20,0,0.0,0.0
5100338,electronics.clocks,apple,484.0,20,0,0.0,0.0
5000575,appliances.sewing_machine,janome,102.71,20,1,102.71,5.0
5100846,electronics.clocks,xiaomi,180.16,20,0,0.0,0.0
1003934,electronics.smartphone,lg,344.9,20,0,0.0,0.0
30000133,construction.tools.welding,magnetta,250.97,20,0,0.0,0.0
1307446,computers.notebook,acer,1158.31,20,1,1106.82,5.0
1005138,electronics.smartphone,apple,1747.79,20,2,3489.1499999999996,10.0
1005167,electronics.smartphone,xiaomi,321.5,20,0,0.0,0.0
17800473,computers.desktop,zeta,74.57,20,0,0.0,0.0
1801908,electronics.video.tv,samsung,847.87,20,0,0.0,0.0
1801723,electronics.video.tv,tcl,145.15,20,0,0.0,0.0
6301980,appliances.kitchen.kettle,dauscher,14.13,20,0,0.0,0.0
11200505,appliances.personal.scales,xiaomi,20.05,20,0,0.0,0.0
2800615,appliances.kitchen.refrigerators,atlant,221.34,20,0,0.0,0.0
1004948,electronics.smartphone,oneplus,800.12,20,1,746.22,5.0
3200201,appliances.kitchen.meat_grinder,elenberg,46.31,20,0,0.0,0.0
5100737,electronics.clocks,samsung,150.95,20,1,154.39,5.0
7101171,furniture.bedroom.bed,incanto,144.12,20,0,0.0,0.0
2900516,appliances.kitchen.microwave,dauscher,58.95,20,1,58.95,5.0
1005117,electronics.smartphone,apple,1181.37,20,0,0.0,0.0
4803640,electronics.audio.headphone,harper,33.18,20,0,0.0,0.0
3700869,appliances.environment.vacuum,samsung,89.86,20,0,0.0,0.0
28712682,apparel.shoes,marcomen,100.65,20,0,0.0,0.0
1201472,electronics.tablet,samsung,478.87,20,0,0.0,0.0
5100328,electronics.clocks,xiaomi,117.86,20,0,0.0,0.0
1500447,computers.peripherals.printer,hp,131.83,20,0,0.0,0.0
1480524,computers.desktop,pulser,437.57,20,0,0.0,0.0
12300066,construction.tools.drill,bosch,123.4,20,2,245.82999999999998,10.0
7002254,kids.carriage,wingoffly,115.96,20,0,0.0,0.0
12600008,appliances.kitchen.grill,tefal,159.52,20,0,0.0,0.0
4600551,appliances.kitchen.dishwasher,beko,324.04,20,1,324.04,5.0
6100130,auto.accessories.radar,ibox,63.06,20,0,0.0,0.0
4804428,electronics.audio.headphone,usams,48.56,20,1,48.35,5.0
2900852,appliances.kitchen.microwave,dauscher,60.75,20,1,60.72,5.0
1004932,electronics.smartphone,vivo,463.31,19,0,0.0,0.0
28715777,apparel.shoes,nexpero,107.85,19,0,0.0,0.0
5100268,electronics.clocks,wonlex,19.82,19,0,0.0,0.0
46800030,appliances.kitchen.refrigerators,coolfort,66.9,19,0,0.0,0.0
2701286,appliances.kitchen.refrigerators,samsung,630.62,19,0,0.0,0.0
1304297,computers.notebook,apple,1068.21,19,0,0.0,0.0
6302016,appliances.kitchen.kettle,dauscher,26.51,19,2,53.02,10.53
2701882,appliances.kitchen.refrigerators,beko,241.94,19,1,238.23,5.26
1005234,electronics.smartphone,xiaomi,372.98,19,0,0.0,0.0
8801085,electronics.telephone,nokia,21.85,19,0,0.0,0.0
1201361,electronics.tablet,xiaomi,280.57,19,0,0.0,0.0
3600263,appliances.kitchen.washer,midea,113.23,19,0,0.0,0.0
1005179,electronics.smartphone,samsung,900.64,19,0,0.0,0.0
3700956,appliances.environment.vacuum,xiaomi,486.49,19,0,0.0,0.0
1004756,electronics.smartphone,meizu,92.38,19,1,91.87,5.26
4700272,auto.accessories.videoregister,neoline,256.12,19,0,0.0,0.0
1801761,electronics.video.tv,artel,1714.07,19,0,0.0,0.0
1004461,electronics.smartphone,xiaomi,257.38,19,0,0.0,0.0
4804301,electronics.audio.headphone,xiaomi,77.17,19,0,0.0,0.0
5701000,auto.accessories.player,pioneer,56.63,19,0,0.0,0.0
1004669,electronics.smartphone,xiaomi,74.36,19,0,0.0,0.0
7005059,kids.carriage,babytime,62.52,19,0,0.0,0.0
1003772,electronics.smartphone,huawei,257.12,19,0,0.0,0.0
1801631,electronics.video.tv,artel,334.11,19,1,334.11,5.26
2700984,appliances.kitchen.refrigerators,samsung,539.07,19,1,539.02,5.26
1802034,electronics.video.tv,kivi,128.68,19,0,0.0,0.0
2900339,appliances.kitchen.microwave,midea,48.88,19,0,0.0,0.0
12600018,appliances.kitchen.grill,delonghi,386.08,19,1,386.08,5.26
12202301,sport.bicycle,phoenix,205.9,19,0,0.0,0.0
12300485,construction.tools.drill,crown,61.78,19,0,0.0,0.0
28718004,apparel.shoes,respect,133.59,19,0,0.0,0.0
1004388,electronics.smartphone,sony,694.74,18,0,0.0,0.0
5800311,electronics.audio.subwoofer,jvc,23.17,18,0,0.0,0.0
5701062,auto.accessories.player,pioneer,204.48,18,0,0.0,0.0
1801848,electronics.video.tv,tcl,269.2,18,1,252.0,5.56
5800977,electronics.audio.subwoofer,edge,159.59,18,0,0.0,0.0
1600587,computers.peripherals.printer,epson,205.41,18,1,205.41,5.56
5100863,electronics.clocks,samsung,354.64,18,0,0.0,0.0
1005236,electronics.smartphone,oppo,257.12,18,0,0.0,0.0
3100074,appliances.kitchen.blender,braun,90.07,18,0,0.0,0.0
5100797,electronics.clocks,garmin,2531.28,18,0,0.0,0.0
1005137,electronics.smartphone,apple,1541.87,18,0,0.0,0.0
1005001,electronics.smartphone,huawei,101.11,18,0,0.0,0.0
7004509,kids.carriage,belecoo,92.31,18,0,0.0,0.0
1002628,electronics.smartphone,apple,397.95,18,0,0.0,0.0
5100570,electronics.clocks,apple,461.0,18,2,916.37,11.11
28715757,apparel.shoes.keds,nexpero,107.85,18,0,0.0,0.0
1305215,computers.notebook,apple,1261.04,18,0,0.0,0.0
4700671,auto.accessories.videoregister,xiaomi,48.39,18,0,0.0,0.0
1005127,electronics.smartphone,apple,1619.09,18,0,0.0,0.0
13200941,furniture.bedroom.bed,sv,257.15,18,0,0.0,0.0
1307449,computers.notebook,asus,2574.04,18,0,0.0,0.0
2501816,appliances.kitchen.oven,artel,41.44,18,1,41.44,5.56
1003176,electronics.smartphone,xiaomi,434.72,18,0,0.0,0.0
1003208,electronics.smartphone,samsung,218.77,18,0,0.0,0.0
5700580,auto.accessories.player,pioneer,56.63,18,0,0.0,0.0
4802929,electronics.audio.headphone,elari,48.55,18,0,0.0,0.0
5100738,electronics.clocks,samsung,154.16,18,0,0.0,0.0
3100034,appliances.kitchen.blender,braun,53.98,18,0,0.0,0.0
1003864,electronics.smartphone,oppo,231.67,18,0,0.0,0.0
10900168,appliances.kitchen.mixer,kitfort,118.07,18,0,0.0,0.0
1801790,electronics.video.tv,elenberg,159.57,18,0,0.0,0.0
2701306,appliances.kitchen.refrigerators,samsung,514.79,18,0,0.0,0.0
3601424,appliances.kitchen.washer,candy,376.59,18,0,0.0,0.0
5100466,electronics.clocks,elari,38.06,18,1,25.71,5.56
1307054,computers.notebook,apple,1351.39,18,0,0.0,0.0
1307070,computers.notebook,acer,386.08,18,0,0.0,0.0
1004797,electronics.smartphone,xiaomi,349.82,18,0,0.0,0.0
1004944,electronics.smartphone,samsung,849.13,18,0,0.0,0.0
5100343,electronics.clocks,apple,410.82,18,1,333.08,5.56
1307069,computers.notebook,acer,513.81,18,0,0.0,0.0
28708392,apparel.shoes.keds,strobbs,31.92,18,1,31.92,5.56
8800028,electronics.telephone,texet,43.5,18,0,0.0,0.0
1004939,electronics.smartphone,vivo,141.29,18,0,0.0,0.0
1005171,electronics.smartphone,samsung,254.57,18,1,216.4,5.56
1004253,electronics.smartphone,apple,817.69,18,2,1626.85,11.11
3700756,appliances.environment.vacuum,samsung,102.94,18,0,0.0,0.0
3601248,appliances.kitchen.washer,indesit,180.13,17,0,0.0,0.0
1003982,electronics.smartphone,huawei,102.19,17,0,0.0,0.0
2701116,appliances.kitchen.refrigerators,samsung,1029.6,17,0,0.0,0.0
6301417,appliances.kitchen.kettle,tefal,46.31,17,0,0.0,0.0
2700588,appliances.kitchen.refrigerators,indesit,295.99,17,0,0.0,0.0
1005196,electronics.smartphone,xiaomi,460.73,17,0,0.0,0.0
3700554,appliances.environment.vacuum,karcher,821.11,17,1,820.66,5.88
1003527,electronics.smartphone,xiaomi,201.4,17,0,0.0,0.0
1307240,computers.notebook,asus,385.82,17,0,0.0,0.0
4600483,appliances.kitchen.dishwasher,hansa,308.63,17,1,286.42,5.88
1005232,electronics.smartphone,xiaomi,119.69,17,0,0.0,0.0
8700289,appliances.personal.hair_cutter,elenberg,23.14,17,0,0.0,0.0
12202338,sport.bicycle,torrent,115.81,17,0,0.0,0.0
3100970,appliances.kitchen.blender,redmond,40.67,17,0,0.0,0.0
1004385,electronics.smartphone,oppo,776.08,17,0,0.0,0.0
4700383,auto.accessories.videoregister,neoline,120.96,17,0,0.0,0.0
3600687,appliances.kitchen.washer,beko,329.2,17,1,321.59,5.88
1004808,electronics.smartphone,xiaomi,167.31,17,0,0.0,0.0
1003571,electronics.smartphone,xiaomi,251.11,17,0,0.0,0.0
17800124,computers.desktop,zeta,141.03,17,0,0.0,0.0
2700614,appliances.kitchen.refrigerators,indesit,373.21,17,1,357.54,5.88
3701004,appliances.environment.vacuum,midea,36.01,17,0,0.0,0.0
2700616,appliances.kitchen.refrigerators,indesit,334.6,17,0,0.0,0.0
1307178,computers.notebook,hp,388.43,17,0,0.0,0.0
7004508,kids.carriage,belecoo,102.65,17,0,0.0,0.0
21404575,electronics.clocks,casio,30.89,17,1,30.89,5.88
3601124,appliances.kitchen.washer,haier,308.86,17,0,0.0,0.0
1005263,electronics.smartphone,oppo,772.19,17,0,0.0,0.0
3601347,appliances.kitchen.washer,artel,137.15,17,0,0.0,0.0
1004807,electronics.smartphone,xiaomi,334.44,17,1,334.37,5.88
1005054,electronics.smartphone,tp-link,71.82,17,0,0.0,0.0
5800572,electronics.audio.subwoofer,pioneer,27.03,17,0,0.0,0.0
1005145,electronics.smartphone,apple,2069.55,17,0,0.0,0.0
1005254,electronics.smartphone,xiaomi,457.81,17,0,0.0,0.0
1306639,computers.notebook,lenovo,745.34,17,1,746.19,5.88
4803981,electronics.audio.headphone,huawei,41.16,17,1,32.93,5.88
1005252,electronics.smartphone,oppo,308.6,17,1,293.19,5.88
3601390,appliances.kitchen.washer,samsung,331.65,17,0,0.0,0.0
3601527,appliances.kitchen.washer,samsung,385.9,17,0,0.0,0.0
3600934,appliances.kitchen.washer,indesit,245.39,17,0,0.0,0.0
1004224,electronics.smartphone,xiaomi,424.72,17,0,0.0,0.0
3700566,appliances.environment.vacuum,thomas,375.79,17,1,375.79,5.88
3701222,appliances.environment.vacuum,xiaomi,475.95,16,0,0.0,0.0
19300039,appliances.ironing_board,nika,29.58,16,0,0.0,0.0
19300014,appliances.ironing_board,perilla,15.42,16,2,28.26,12.5
4600542,appliances.kitchen.dishwasher,beko,300.85,16,1,301.14,6.25
1307325,computers.notebook,hp,264.87,16,0,0.0,0.0
14100052,electronics.audio.acoustic,yamaha,117.09,16,0,0.0,0.0
1201247,electronics.tablet,prestigio,51.2,16,1,51.2,6.25
1801905,electronics.video.tv,samsung,1106.57,16,0,0.0,0.0
1306754,computers.notebook,hp,347.47,16,0,0.0,0.0
12400002,construction.tools.drill,bosch,88.68,16,0,0.0,0.0
1004992,electronics.smartphone,oppo,257.38,16,0,0.0,0.0
1307035,computers.notebook,acer,1013.93,16,1,1013.93,6.25
1005260,electronics.smartphone,oppo,772.19,16,0,0.0,0.0
1801909,electronics.video.tv,samsung,810.57,16,0,0.0,0.0
1802008,electronics.video.tv,lg,693.92,16,0,0.0,0.0
1002906,electronics.smartphone,samsung,257.38,16,1,257.38,6.25
1700954,computers.peripherals.monitor,samsung,221.45,16,0,0.0,0.0
1004545,electronics.smartphone,huawei,566.01,16,0,0.0,0.0
14700096,furniture.living_room.cabinet,bts,231.64,16,0,0.0,0.0
1004503,electronics.smartphone,oppo,514.56,16,0,0.0,0.0
5100849,electronics.clocks,huawei,192.77,16,0,0.0,0.0
1600557,computers.peripherals.printer,canon,167.21,16,0,0.0,0.0
1005229,electronics.smartphone,honor,283.12,16,0,0.0,0.0
3700769,appliances.environment.vacuum,samsung,123.53,16,1,123.53,6.25
2701638,appliances.kitchen.refrigerators,indesit,247.65,16,1,247.65,6.25
3601448,appliances.kitchen.washer,lg,437.39,16,0,0.0,0.0
5100378,electronics.clocks,xiaomi,70.53,16,1,69.5,6.25
3601195,appliances.kitchen.washer,beko,267.62,16,2,483.88,12.5
1004059,electronics.smartphone,xiaomi,360.34,16,0,0.0,0.0
3700683,appliances.environment.vacuum,tefal,118.33,16,0,0.0,0.0
6301402,appliances.kitchen.kettle,willmark,7.7,16,0,0.0,0.0
14100436,electronics.audio.acoustic,cortland,115.81,16,1,115.81,6.25
5100263,electronics.clocks,wonlex,29.6,16,1,29.6,6.25
3700755,appliances.environment.vacuum,samsung,102.94,16,1,92.41,6.25
6400313,computers.components.cpu,intel,177.48,16,0,0.0,0.0
28713438,apparel.shoes,baden,92.41,16,0,0.0,0.0
28718136,apparel.shoes,respect,76.96,16,0,0.0,0.0
18200005,electronics.audio.acoustic,lg,133.02,16,1,133.07,6.25
1003533,electronics.smartphone,samsung,301.08,16,0,0.0,0.0
12600004,appliances.kitchen.grill,tefal,344.9,16,0,0.0,0.0
1004978,electronics.smartphone,samsung,771.93,16,0,0.0,0.0
1004787,electronics.smartphone,xiaomi,514.79,16,1,514.79,6.25
1304849,computers.notebook,acer,2552.93,16,0,0.0,0.0
1500259,computers.peripherals.printer,epson,154.18,16,0,0.0,0.0
1003499,electronics.smartphone,oneplus,462.04,16,0,0.0,0.0
4900289,appliances.kitchen.juicer,elenberg,43.73,16,0,0.0,0.0
4803771,electronics.audio.headphone,sony,409.02,16,0,0.0,0.0
1201460,electronics.tablet,apple,514.5,16,0,0.0,0.0
6200806,appliances.environment.air_heater,oasis,29.34,16,0,0.0,0.0
1005211,electronics.smartphone,samsung,231.38,16,0,0.0,0.0
2400648,appliances.kitchen.hood,turbo,42.01,16,0,0.0,0.0
1480452,computers.desktop,pulser,411.83,16,0,0.0,0.0
1003665,electronics.smartphone,xiaomi,149.1,16,0,0.0,0.0
1004743,electronics.smartphone,xiaomi,76.96,16,1,76.96,6.25
28713027,apparel.shoes,baden,94.47,15,0,0.0,0.0
4000170,construction.tools.generator,tefal,154.42,15,1,154.42,6.67
2800656,appliances.kitchen.refrigerators,arg,180.16,15,0,0.0,0.0
2701333,appliances.kitchen.refrigerators,samsung,952.38,15,0,0.0,0.0
3700851,appliances.environment.vacuum,vitek,61.75,15,1,60.05,6.67
3100152,appliances.kitchen.blender,panasonic,51.46,15,0,0.0,0.0
1801513,electronics.video.tv,haier,566.27,15,0,0.0,0.0
5701079,auto.accessories.player,jvc,48.26,15,1,50.19,6.67
8800865,electronics.telephone,texet,6.66,15,0,0.0,0.0
5100573,electronics.clocks,apple,462.77,15,1,450.44,6.67
4804592,electronics.audio.headphone,apple,252.0,15,0,0.0,0.0
1307078,computers.notebook,asus,870.81,15,0,0.0,0.0
1005084,electronics.smartphone,xiaomi,221.34,15,0,0.0,0.0
8800911,electronics.telephone,nokia,23.16,15,0,0.0,0.0
1004893,electronics.smartphone,nokia,89.72,15,0,0.0,0.0
4800358,electronics.audio.headphone,plantronics,27.08,15,1,27.13,6.67
2900934,appliances.kitchen.microwave,hansa,54.03,15,1,59.13,6.67
3600591,appliances.kitchen.washer,artel,93.75,15,0,0.0,0.0
3100055,appliances.kitchen.blender,braun,145.41,15,1,175.01,6.67
3800985,appliances.iron,tefal,28.29,15,2,59.15,13.33
1004920,electronics.smartphone,apple,951.89,15,0,0.0,0.0
8800753,electronics.telephone,nokia,76.91,15,0,0.0,0.0
5100856,electronics.clocks,apple,635.77,15,0,0.0,0.0
4801946,electronics.audio.headphone,apple,25.45,15,1,25.45,6.67
3100872,appliances.kitchen.blender,maxwell,22.91,15,0,0.0,0.0
5100853,electronics.clocks,apple,591.5,15,0,0.0,0.0
28718723,apparel.shoes,respect,128.45,15,0,0.0,0.0
1004462,electronics.smartphone,huawei,105.25,15,0,0.0,0.0
3701135,appliances.environment.vacuum,xiaomi,205.66,15,0,0.0,0.0
1307279,computers.notebook,lenovo,398.95,15,0,0.0,0.0
28719643,apparel.shoes,salamander,76.96,15,0,0.0,0.0
5700799,auto.accessories.player,kenwood,59.2,15,0,0.0,0.0
3700912,appliances.environment.vacuum,samsung,104.22,15,1,104.22,6.67
3601402,appliances.kitchen.washer,lg,470.87,15,0,0.0,0.0
1201411,electronics.tablet,huawei,385.82,15,0,0.0,0.0
4803943,electronics.audio.headphone,harper,25.46,15,0,0.0,0.0
13200011,furniture.bedroom.bed,sv,128.45,15,0,0.0,0.0
1801874,electronics.video.tv,kivi,505.03,15,0,0.0,0.0
5701066,auto.accessories.player,pioneer,71.82,15,0,0.0,0.0
1004147,electronics.smartphone,xiaomi,89.84,15,1,96.48,6.67
5000012,appliances.sewing_machine,jaguar,76.68,15,0,0.0,0.0
1307293,computers.notebook,msi,866.71,15,0,0.0,0.0
1004582,electronics.smartphone,meizu,133.59,15,0,0.0,0.0
3200324,appliances.kitchen.meat_grinder,bosch,199.49,15,0,0.0,0.0
1005153,electronics.smartphone,xiaomi,231.64,15,2,463.28,13.33
6400290,computers.components.cpu,intel,270.64,15,0,0.0,0.0
5700945,auto.accessories.player,nakamichi,55.34,15,1,55.34,6.67
1003906,electronics.smartphone,huawei,141.55,15,0,0.0,0.0
1200620,electronics.tablet,samsung,128.42,15,0,0.0,0.0
1002535,electronics.smartphone,apple,864.63,15,1,864.63,6.67
1003461,electronics.smartphone,xiaomi,373.21,15,0,0.0,0.0
5100468,electronics.clocks,elari,48.21,15,0,0.0,0.0
1801883,electronics.video.tv,philips,257.38,15,0,0.0,0.0
3100541,appliances.kitchen.blender,polaris,36.01,15,0,0.0,0.0
6200284,appliances.environment.air_heater,tefal,90.07,15,0,0.0,0.0
7101172,furniture.bedroom.bed,incanto,144.12,15,0,0.0,0.0
2701627,appliances.kitchen.refrigerators,lg,1776.07,15,0,0.0,0.0
17200722,furniture.living_room.sofa,rals,283.05,15,0,0.0,0.0
1003293,electronics.smartphone,xiaomi,509.73,15,0,0.0,0.0
1306133,computers.notebook,xiaomi,1029.37,15,0,0.0,0.0
1005223,electronics.smartphone,xiaomi,257.12,15,0,0.0,0.0
1004884,electronics.smartphone,asus,228.84,15,0,0.0,0.0
12201562,sport.bicycle,axis,95.24,15,0,0.0,0.0
2800426,appliances.kitchen.refrigerators,haier,378.1,15,1,378.09,6.67
11300005,electronics.telephone,panasonic,25.66,15,0,0.0,0.0
1306830,computers.notebook,lenovo,669.23,15,0,0.0,0.0
4804190,electronics.audio.headphone,olmio,47.63,15,2,95.42,13.33
3100917,appliances.kitchen.blender,redmond,59.18,15,0,0.0,0.0
1002100,electronics.smartphone,samsung,370.64,15,0,0.0,0.0
3601077,appliances.kitchen.washer,haier,411.83,15,0,0.0,0.0
1003636,electronics.smartphone,xiaomi,483.92,15,0,0.0,0.0
1005191,electronics.smartphone,vivo,205.9,15,2,398.93,13.33
2501751,appliances.kitchen.oven,artel,41.08,15,0,0.0,0.0
1306798,computers.notebook,acer,332.03,14,0,0.0,0.0
8800444,electronics.telephone,nokia,46.59,14,0,0.0,0.0
2702050,appliances.kitchen.refrigerators,lg,489.96,14,0,0.0,0.0
3801058,appliances.iron,tefal,154.42,14,0,0.0,0.0
3700039,appliances.environment.vacuum,lg,172.39,14,0,0.0,0.0
12100630,kids.skates,kugoo,966.24,14,0,0.0,0.0
1307096,computers.notebook,lenovo,370.4,14,0,0.0,0.0
1003860,electronics.smartphone,samsung,223.43,14,0,0.0,0.0
1801784,electronics.video.tv,lg,539.5,14,1,539.5,7.14
21401209,electronics.clocks,casio,72.07,14,0,0.0,0.0
5000690,appliances.sewing_machine,chayka,91.89,14,0,0.0,0.0
1600282,computers.peripherals.printer,hp,38.35,14,0,0.0,0.0
7900440,furniture.kitchen.chair,selby,43.73,14,1,43.73,7.14
14100411,electronics.audio.acoustic,yamaha,148.88,14,0,0.0,0.0
1005152,electronics.smartphone,xiaomi,424.46,14,0,0.0,0.0
11200192,appliances.personal.scales,xiaomi,45.25,14,0,0.0,0.0
4700388,auto.accessories.videoregister,prestigio,32.18,14,0,0.0,0.0
3900821,appliances.environment.water_heater,aqua,33.2,14,0,0.0,0.0
1004173,electronics.smartphone,xiaomi,146.46,14,0,0.0,0.0
2800048,appliances.kitchen.refrigerators,atlantic,172.44,14,0,0.0,0.0
1004975,electronics.smartphone,samsung,771.94,14,0,0.0,0.0
1002796,electronics.smartphone,apple,396.41,14,1,391.26,7.14
4600386,appliances.kitchen.dishwasher,bosch,431.86,14,0,0.0,0.0
28714060,apparel.shoes.keds,nike,55.39,14,0,0.0,0.0
4804581,electronics.audio.headphone,xiaomi,35.75,14,0,0.0,0.0
21400576,electronics.clocks,casio,76.91,14,1,76.45,7.14
19300027,appliances.ironing_board,nika,56.6,14,1,56.6,7.14
1005120,electronics.smartphone,apple,1181.5,14,0,0.0,0.0
6000207,auto.accessories.alarm,starline,157.53,14,0,0.0,0.0
5801656,electronics.audio.subwoofer,element,144.15,14,0,0.0,0.0
13200392,furniture.bedroom.bed,brw,460.76,14,0,0.0,0.0
28715760,apparel.shoes.keds,nexpero,107.85,14,0,0.0,0.0
1305567,computers.notebook,hp,288.04,14,0,0.0,0.0
1005259,electronics.smartphone,umi,463.31,14,0,0.0,0.0
1003898,electronics.smartphone,oneplus,540.3,14,0,0.0,0.0
1306183,computers.notebook,acer,386.08,14,0,0.0,0.0
28717124,apparel.shoes.keds,respect,51.22,14,0,0.0,0.0
1005180,electronics.smartphone,samsung,1158.05,14,0,0.0,0.0
3200478,appliances.kitchen.meat_grinder,redmond,77.2,14,1,77.2,7.14
1004891,electronics.smartphone,zte,77.2,14,0,0.0,0.0
1201496,electronics.tablet,prestigio,51.22,14,0,0.0,0.0
1306651,computers.notebook,acer,489.05,14,0,0.0,0.0
1005193,electronics.smartphone,meizu,241.71,14,0,0.0,0.0
3700778,appliances.environment.vacuum,samsung,163.06,14,0,0.0,0.0
1003313,electronics.smartphone,apple,981.53,14,0,0.0,0.0
28713437,apparel.shoes,baden,92.41,14,0,0.0,0.0
1004404,electronics.smartphone,xiaomi,210.04,14,0,0.0,0.0
28713076,apparel.shoes,baden,96.53,14,0,0.0,0.0
1307339,computers.notebook,asus,592.01,14,1,592.01,7.14
2701647,appliances.kitchen.refrigerators,indesit,290.61,14,0,0.0,0.0
5100565,electronics.clocks,apple,460.72,14,0,0.0,0.0
19300100,appliances.ironing_board,nika,17.99,14,0,0.0,0.0
1201512,electronics.tablet,samsung,823.42,14,0,0.0,0.0
12600037,appliances.kitchen.grill,redmond,77.17,14,0,0.0,0.0
1005032,electronics.smartphone,xiaomi,383.51,14,0,0.0,0.0
1701392,computers.peripherals.monitor,acer,135.14,14,0,0.0,0.0
3700832,appliances.environment.vacuum,lg,104.76,14,0,0.0,0.0
2401243,appliances.kitchen.hood,bosch,125.02,14,0,0.0,0.0
1500075,computers.peripherals.printer,canon,146.46,14,0,0.0,0.0
10900328,appliances.kitchen.mixer,dauscher,12.84,14,0,0.0,0.0
2701706,appliances.kitchen.refrigerators,samsung,759.32,14,1,720.48,7.14
1005082,electronics.smartphone,honor,643.49,14,0,0.0,0.0
7004805,kids.carriage,coballe,73.36,14,0,0.0,0.0
1005020,electronics.smartphone,nokia,101.68,14,0,0.0,0.0
1307044,computers.notebook,lenovo,450.2,14,1,450.2,7.14
4801876,electronics.audio.headphone,apple,33.43,14,1,33.43,7.14
5701087,auto.accessories.player,jvc,51.48,14,0,0.0,0.0
6000115,auto.accessories.alarm,tomahawk,97.81,14,0,0.0,0.0
28718097,apparel.shoes.keds,respect,51.22,14,0,0.0,0.0
1005201,electronics.smartphone,samsung,643.23,14,0,0.0,0.0
1004230,electronics.smartphone,apple,1145.33,14,1,1126.61,7.14
1004077,electronics.smartphone,xiaomi,409.28,13,0,0.0,0.0
3900774,appliances.environment.water_heater,artel,72.85,13,0,0.0,0.0
1802052,electronics.video.tv,yasin,109.19,13,0,0.0,0.0
1801653,electronics.video.tv,tcl,455.35,13,1,461.02,7.69
16700960,furniture.kitchen.chair,zeta,5.89,13,0,0.0,0.0
5100845,electronics.clocks,xiaomi,180.16,13,0,0.0,0.0
1480729,computers.desktop,pulser,728.44,13,0,0.0,0.0
1004174,electronics.smartphone,tp-link,97.56,13,0,0.0,0.0
17800210,computers.desktop,zeta,95.72,13,0,0.0,0.0
3200361,appliances.kitchen.meat_grinder,philips,120.95,13,0,0.0,0.0
1306411,computers.notebook,lenovo,514.56,13,0,0.0,0.0
1005163,electronics.smartphone,xiaomi,295.76,13,0,0.0,0.0
6200260,appliances.environment.air_heater,midea,47.62,13,0,0.0,0.0
5701192,auto.accessories.player,imx,244.54,13,0,0.0,0.0
3701025,appliances.environment.vacuum,tefal,108.09,13,0,0.0,0.0
1801382,electronics.video.tv,toshiba,511.98,13,0,0.0,0.0
1003726,electronics.smartphone,sony,154.42,13,0,0.0,0.0
2500859,appliances.kitchen.oven,asel,45.05,13,0,0.0,0.0
1480238,computers.desktop,lenovo,669.23,13,0,0.0,0.0
13200026,furniture.bedroom.bed,sv,100.36,13,0,0.0,0.0
4802297,electronics.audio.headphone,apple,40.53,13,0,0.0,0.0
1201256,electronics.tablet,huawei,178.41,13,1,178.41,7.69
1307179,computers.notebook,lenovo,720.71,13,0,0.0,0.0
10900348,appliances.kitchen.mixer,kitfort,118.07,13,0,0.0,0.0
1802004,electronics.video.tv,yasin,244.25,13,0,0.0,0.0
1307429,computers.notebook,asus,483.67,13,0,0.0,0.0
17900033,construction.tools.generator,huter,213.36,13,0,0.0,0.0
17000006,computers.desktop,sv,154.19,13,0,0.0,0.0
21401437,electronics.clocks,casio,178.9,13,0,0.0,0.0
6000163,auto.accessories.alarm,tomahawk,54.06,13,0,0.0,0.0
28718453,apparel.shoes.keds,strobbs,84.69,13,0,0.0,0.0
1004627,electronics.smartphone,inoi,38.59,13,0,0.0,0.0
28704261,apparel.shoes.keds,adidas,100.72,13,0,0.0,0.0
28718352,apparel.shoes,respect,120.72,13,0,0.0,0.0
6800659,computers.components.hdd,kingston,66.67,13,0,0.0,0.0
28714298,apparel.shoes.keds,nike,177.59,13,0,0.0,0.0
1307444,computers.notebook,asus,424.7,13,0,0.0,0.0
5800299,electronics.audio.subwoofer,alpine,172.46,13,0,0.0,0.0
1004754,electronics.smartphone,honor,257.38,13,0,0.0,0.0
12300632,construction.tools.drill,bosch,46.28,13,0,0.0,0.0
17200962,furniture.living_room.sofa,komfort-s,349.28,13,0,0.0,0.0
1005068,electronics.smartphone,samsung,1044.81,13,0,0.0,0.0
1004876,electronics.smartphone,xiaomi,86.21,13,0,0.0,0.0
1004662,electronics.smartphone,samsung,1158.05,13,0,0.0,0.0
2702610,appliances.kitchen.refrigerators,arg,90.07,13,0,0.0,0.0
5801230,electronics.audio.subwoofer,pride,114.55,13,0,0.0,0.0
21400929,electronics.clocks,casio,56.11,13,0,0.0,0.0
4400250,appliances.kitchen.coffee_machine,delonghi,169.86,13,0,0.0,0.0
5100567,electronics.clocks,apple,460.64,13,0,0.0,0.0
5700793,auto.accessories.player,kenwood,180.18,13,0,0.0,0.0
19200010,construction.tools.saw,huter,84.66,13,1,84.66,7.69
25900012,computers.components.cooler,midea,51.22,13,0,0.0,0.0
1004897,electronics.smartphone,huawei,952.15,13,0,0.0,0.0
5800108,electronics.audio.subwoofer,alpine,164.74,13,0,0.0,0.0
1306560,computers.notebook,lenovo,488.82,13,0,0.0,0.0
1306451,computers.notebook,apple,1286.78,13,0,0.0,0.0
16700605,furniture.kitchen.chair,zeta,16.19,13,0,0.0,0.0
36000069,appliances.kitchen.kettle,dauscher,17.99,13,0,0.0,0.0
4803780,electronics.audio.headphone,elari,72.04,13,0,0.0,0.0
2700071,appliances.kitchen.refrigerators,atlant,226.49,13,0,0.0,0.0
1005185,electronics.smartphone,samsung,771.94,13,0,0.0,0.0
1801861,electronics.video.tv,kivi,293.41,13,1,293.4,7.69
6000092,auto.accessories.alarm,tomahawk,97.81,13,0,0.0,0.0
13200969,furniture.bedroom.bed,bts,102.94,13,1,102.94,7.69
1201356,electronics.tablet,lenovo,102.67,13,0,0.0,0.0
1480704,computers.desktop,pulser,478.75,13,0,0.0,0.0
1004666,electronics.smartphone,samsung,1156.79,13,0,0.0,0.0
28719076,apparel.shoes,baden,118.15,13,0,0.0,0.0
3700937,appliances.environment.vacuum,karcher,235.71,13,0,0.0,0.0
1004940,electronics.smartphone,vivo,141.55,13,0,0.0,0.0
3600287,appliances.kitchen.washer,indesit,199.92,13,0,0.0,0.0
4700549,auto.accessories.videoregister,neoline,143.57,13,0,0.0,0.0
3701277,appliances.environment.vacuum,elenberg,40.98,13,0,0.0,0.0
5700981,auto.accessories.player,alpine,875.18,13,0,0.0,0.0
1307349,computers.notebook,acer,592.01,13,0,0.0,0.0
3601497,appliances.kitchen.washer,lg,385.82,13,0,0.0,0.0
4804418,electronics.audio.headphone,sony,231.64,13,0,0.0,0.0
3601290,appliances.kitchen.washer,indesit,314.14,13,0,0.0,0.0
1003614,electronics.smartphone,doogee,154.19,13,1,154.19,7.69
1500227,computers.peripherals.printer,epson,149.01,13,0,0.0,0.0
1004935,electronics.smartphone,vivo,167.29,13,0,0.0,0.0
3100439,appliances.kitchen.blender,braun,128.68,13,0,0.0,0.0
13201051,furniture.bedroom.bed,brw,69.5,13,0,0.0,0.0
6100191,auto.accessories.radar,sho-me,83.97,13,0,0.0,0.0
1801830,electronics.video.tv,yasin,158.05,13,0,0.0,0.0
1500076,computers.peripherals.printer,samsung,97.79,13,0,0.0,0.0
1004573,electronics.smartphone,samsung,720.45,13,0,0.0,0.0
1500439,computers.peripherals.printer,hp,105.24,13,0,0.0,0.0
28718142,apparel.shoes,fassen,51.22,13,0,0.0,0.0
1005213,electronics.smartphone,honor,849.42,13,0,0.0,0.0
28714755,apparel.shoes,respect,51.22,13,0,0.0,0.0
6200687,appliances.environment.air_heater,oasis,28.03,13,0,0.0,0.0
1801551,electronics.video.tv,haier,463.31,12,0,0.0,0.0
1307370,computers.notebook,acer,257.15,12,0,0.0,0.0
5100568,electronics.clocks,apple,487.52,12,0,0.0,0.0
1801910,electronics.video.tv,samsung,643.39,12,0,0.0,0.0
4803107,electronics.audio.headphone,jbl,115.81,12,0,0.0,0.0
3600453,appliances.kitchen.washer,indesit,187.0,12,0,0.0,0.0
1005108,electronics.smartphone,apple,1181.5,12,0,0.0,0.0
1003524,electronics.smartphone,huawei,231.38,12,0,0.0,0.0
3701429,appliances.environment.vacuum,kolner,95.65,12,0,0.0,0.0
3700245,appliances.environment.vacuum,philips,101.93,12,0,0.0,0.0
1003652,electronics.smartphone,xiaomi,177.37,12,0,0.0,0.0
6302007,appliances.kitchen.kettle,gorenje,48.88,12,0,0.0,0.0
4500301,appliances.kitchen.hob,gefest,116.61,12,0,0.0,0.0
12300304,construction.tools.drill,alteco,39.38,12,0,0.0,0.0
1201388,electronics.tablet,apple,926.38,12,0,0.0,0.0
1003943,electronics.smartphone,xiaomi,164.74,12,1,164.59,8.33
5801158,electronics.audio.subwoofer,infinity,108.11,12,0,0.0,0.0
1003599,electronics.smartphone,oppo,231.67,12,0,0.0,0.0
1003798,electronics.smartphone,nokia,639.47,12,0,0.0,0.0
4803397,electronics.audio.headphone,jbl,33.21,12,0,0.0,0.0
19200063,construction.tools.saw,stihl,179.93,12,0,0.0,0.0
3100583,appliances.kitchen.blender,redmond,51.45,12,0,0.0,0.0
5100593,electronics.clocks,apple,985.59,12,0,0.0,0.0
6000089,auto.accessories.alarm,starline,207.73,12,0,0.0,0.0
3701219,appliances.environment.vacuum,tefal,73.28,12,0,0.0,0.0
1480733,computers.desktop,pulser,700.12,12,0,0.0,0.0
1002525,electronics.smartphone,apple,721.0,12,0,0.0,0.0
7005394,kids.carriage,belecoo,163.27,12,0,0.0,0.0
1004523,electronics.smartphone,nokia,221.3,12,0,0.0,0.0
6600378,computers.components.memory,geil,35.01,12,0,0.0,0.0
5100377,electronics.clocks,xiaomi,70.53,12,0,0.0,0.0
12300231,construction.tools.drill,dewalt,151.07,12,0,0.0,0.0
12202300,sport.bicycle,phoenix,231.38,12,0,0.0,0.0
1201505,electronics.tablet,samsung,164.17,12,1,163.62,8.33
12400167,construction.tools.drill,dwt,68.21,12,0,0.0,0.0
5701123,auto.accessories.player,kenwood,51.48,12,1,51.48,8.33
2701879,appliances.kitchen.refrigerators,beko,288.27,12,1,288.27,8.33
1004142,electronics.smartphone,xiaomi,254.58,12,0,0.0,0.0
1005155,electronics.smartphone,prestigio,38.59,12,0,0.0,0.0
4804443,electronics.audio.headphone,jbl,180.16,12,0,0.0,0.0
1004060,electronics.smartphone,xiaomi,360.34,12,0,0.0,0.0
2402570,appliances.kitchen.hood,bosch,102.94,12,0,0.0,0.0
17800474,computers.desktop,zeta,35.5,12,0,0.0,0.0
1004979,electronics.smartphone,samsung,900.64,12,0,0.0,0.0
1004931,electronics.smartphone,vivo,463.31,12,0,0.0,0.0
13200021,furniture.bedroom.bed,sv,136.4,12,0,0.0,0.0
7005191,kids.carriage,belecoo,185.29,12,0,0.0,0.0
1004239,electronics.smartphone,apple,1335.66,12,0,0.0,0.0
30000074,construction.tools.welding,eurolux,99.62,12,0,0.0,0.0
5701178,auto.accessories.player,swat,28.83,12,0,0.0,0.0
12100605,kids.skates,xiaomi,367.68,12,0,0.0,0.0
5701117,auto.accessories.player,jvc,56.37,12,0,0.0,0.0
3700412,appliances.environment.vacuum,thomas,334.6,12,0,0.0,0.0
1003911,electronics.smartphone,samsung,177.1,12,0,0.0,0.0
4700392,auto.accessories.videoregister,sho-me,166.62,12,0,0.0,0.0
28704388,apparel.shoes.keds,asics,51.48,12,0,0.0,0.0
1002482,electronics.smartphone,meizu,128.24,12,0,0.0,0.0
3600164,appliances.kitchen.washer,indesit,203.33,12,1,203.33,8.33
1201471,electronics.tablet,samsung,478.65,12,0,0.0,0.0
3800659,appliances.iron,polaris,43.48,12,0,0.0,0.0
1801899,electronics.video.tv,samsung,769.39,12,0,0.0,0.0
5701245,auto.accessories.player,pioneer,82.27,12,1,82.24,8.33
19200049,construction.tools.saw,eurolux,76.68,12,0,0.0,0.0
1002923,electronics.smartphone,huawei,239.9,12,1,170.67,8.33
1004988,electronics.smartphone,nokia,128.26,12,0,0.0,0.0
28713737,apparel.shoes.keds,nike,67.75,12,0,0.0,0.0
5100533,electronics.clocks,wonlex,46.08,12,0,0.0,0.0
21405784,electronics.clocks,casio,183.02,12,0,0.0,0.0
1480171,computers.desktop,acer,823.67,12,0,0.0,0.0
12100563,kids.skates,xiaomi,486.5,12,0,0.0,0.0
17200971,furniture.living_room.sofa,komfort-s,352.11,12,0,0.0,0.0
28715765,apparel.shoes.keds,nexpero,107.85,12,0,0.0,0.0
5700791,auto.accessories.player,sony,59.02,12,0,0.0,0.0
14700648,furniture.living_room.cabinet,sv,398.21,12,0,0.0,0.0
5100689,electronics.clocks,apple,385.82,12,1,385.82,8.33
3700172,appliances.environment.vacuum,arnica,192.82,12,0,0.0,0.0
2501589,appliances.kitchen.oven,redmond,154.42,12,0,0.0,0.0
6200690,appliances.environment.air_heater,oasis,37.81,12,2,78.97,16.67
28717035,apparel.shoes.keds,strobbs,48.39,12,0,0.0,0.0
1307151,computers.notebook,lenovo,329.46,12,0,0.0,0.0
3100667,appliances.kitchen.blender,elenberg,15.42,12,0,0.0,0.0
5100674,electronics.clocks,xiaomi,153.15,11,0,0.0,0.0
1500463,computers.peripherals.printer,hp,153.3,11,0,0.0,0.0
9700230,computers.components.power_supply,aerocool,30.31,11,0,0.0,0.0
2702476,appliances.kitchen.refrigerators,midea,218.51,11,0,0.0,0.0
5100239,electronics.clocks,samsung,257.38,11,0,0.0,0.0
4802606,electronics.audio.headphone,sony,59.18,11,0,0.0,0.0
12300489,construction.tools.drill,crown,27.8,11,0,0.0,0.0
13200282,furniture.bedroom.bed,polini,257.38,11,0,0.0,0.0
3700823,appliances.environment.vacuum,bosch,283.05,11,1,282.99,9.09
6400301,computers.components.cpu,intel,594.32,11,0,0.0,0.0
1003548,electronics.smartphone,samsung,386.08,11,0,0.0,0.0
5100628,electronics.clocks,garmin,257.38,11,0,0.0,0.0
2900513,appliances.kitchen.microwave,samsung,133.83,11,1,141.55,9.09
3100575,appliances.kitchen.blender,bosch,149.11,11,0,0.0,0.0
1306100,computers.notebook,xiaomi,1029.6,11,0,0.0,0.0
28716978,apparel.shoes,respect,82.63,11,0,0.0,0.0
21403053,electronics.clocks,casio,36.29,11,0,0.0,0.0
3600984,appliances.kitchen.washer,midea,210.68,11,0,0.0,0.0
28718601,apparel.shoes,respect,89.84,11,0,0.0,0.0
3100359,appliances.kitchen.blender,scarlett,27.0,11,0,0.0,0.0
2501909,appliances.kitchen.oven,dauscher,59.18,11,0,0.0,0.0
17200727,furniture.living_room.sofa,rals,666.62,11,0,0.0,0.0
3801211,appliances.iron,redmond,48.88,11,0,0.0,0.0
1004930,electronics.smartphone,apple,900.67,11,0,0.0,0.0
28719182,apparel.shoes,rieker,97.3,11,0,0.0,0.0
16800032,furniture.kitchen.table,bts,56.6,11,1,45.02,9.09
3200550,appliances.kitchen.meat_grinder,dauscher,37.3,11,0,0.0,0.0
1801512,electronics.video.tv,haier,900.9,11,0,0.0,0.0
1307140,computers.notebook,acer,333.86,11,0,0.0,0.0
4802272,electronics.audio.headphone,samsung,6.67,11,0,0.0,0.0
1801699,electronics.video.tv,haier,193.03,11,0,0.0,0.0
21400098,electronics.clocks,casio,379.42,11,0,0.0,0.0
1600002,computers.peripherals.printer,canon,275.17,11,0,0.0,0.0
6400344,computers.components.cpu,amd,237.97,11,0,0.0,0.0
3700915,appliances.environment.vacuum,samsung,180.16,11,0,0.0,0.0
1004820,electronics.smartphone,honor,368.07,11,0,0.0,0.0
1307050,computers.notebook,apple,1662.56,11,1,1582.79,9.09
1480557,computers.desktop,netechnics,772.19,11,0,0.0,0.0
3700689,appliances.environment.vacuum,samsung,181.45,11,0,0.0,0.0
21403742,electronics.clocks,casio,90.09,11,0,0.0,0.0
8800599,electronics.telephone,texet,8.21,11,3,24.630000000000003,27.27
1004726,electronics.smartphone,xiaomi,230.38,11,0,0.0,0.0
6300198,appliances.kitchen.kettle,redmond,33.21,11,2,66.88,18.18
5701005,auto.accessories.player,pioneer,424.72,11,0,0.0,0.0
5100491,electronics.clocks,xiaomi,245.56,11,0,0.0,0.0
3601553,appliances.kitchen.washer,lg,488.74,11,0,0.0,0.0
14700810,furniture.living_room.cabinet,bts,126.9,11,0,0.0,0.0
1004955,electronics.smartphone,nokia,153.96,11,1,152.94,9.09
1801872,electronics.video.tv,kivi,218.0,11,0,0.0,0.0
1004950,electronics.smartphone,oneplus,874.67,11,0,0.0,0.0
14300088,electronics.audio.music_tools.piano,yamaha,159.97,11,0,0.0,0.0
1004500,electronics.smartphone,oppo,308.86,11,0,0.0,0.0
1004405,electronics.smartphone,xiaomi,210.04,11,0,0.0,0.0
21400515,electronics.clocks,casio,82.63,11,0,0.0,0.0
2701685,appliances.kitchen.refrigerators,indesit,308.63,11,1,308.63,9.09
5100571,electronics.clocks,apple,435.72,11,0,0.0,0.0
1004945,electronics.smartphone,samsung,920.33,11,0,0.0,0.0
3200513,appliances.kitchen.meat_grinder,bosch,110.43,11,0,0.0,0.0
1003523,electronics.smartphone,zte,136.43,11,0,0.0,0.0
3700828,appliances.environment.vacuum,philips,257.38,11,0,0.0,0.0
3601288,appliances.kitchen.washer,samsung,300.83,11,0,0.0,0.0
25800007,medicine.tools.tonometer,omron,51.43,11,0,0.0,0.0
2900806,appliances.kitchen.microwave,samsung,118.38,11,0,0.0,0.0
28715684,apparel.shoes,greyder,97.81,11,0,0.0,0.0
2701391,appliances.kitchen.refrigerators,lg,1338.46,11,0,0.0,0.0
1005182,electronics.smartphone,samsung,1029.34,11,1,1029.34,9.09
1306613,computers.notebook,xiaomi,1518.44,11,0,0.0,0.0
1005083,electronics.smartphone,honor,643.49,11,0,0.0,0.0
17900047,construction.tools.generator,huter,101.91,11,0,0.0,0.0
3200388,appliances.kitchen.meat_grinder,moulinex,141.55,11,0,0.0,0.0
1201238,electronics.tablet,huawei,94.96,11,0,0.0,0.0
3200280,appliances.kitchen.meat_grinder,moulinex,66.9,11,0,0.0,0.0
1201293,electronics.tablet,apple,407.71,11,0,0.0,0.0
1003707,electronics.smartphone,huawei,151.87,11,0,0.0,0.0
1801543,electronics.video.tv,lg,491.3,11,0,0.0,0.0
5701037,auto.accessories.player,swat,100.39,11,0,0.0,0.0
1201389,electronics.tablet,apple,926.38,11,1,898.09,9.09
1003883,electronics.smartphone,xiaomi,230.47,11,0,0.0,0.0
7004045,kids.carriage,chicco,288.28,11,0,0.0,0.0
6000072,auto.accessories.alarm,pandora,915.98,11,0,0.0,0.0
3100906,appliances.kitchen.blender,elenberg,40.98,11,0,0.0,0.0
4800776,electronics.audio.headphone,samsung,12.48,11,0,0.0,0.0
1004919,electronics.smartphone,apple,900.67,11,0,0.0,0.0
5000565,appliances.sewing_machine,janome,104.22,11,0,0.0,0.0
35108590,apparel.underwear,milavitsa,12.85,11,1,12.85,9.09
1005110,electronics.smartphone,apple,1027.05,11,0,0.0,0.0
5800823,electronics.audio.subwoofer,nakamichi,123.56,11,0,0.0,0.0
1003534,electronics.smartphone,samsung,514.44,11,0,0.0,0.0
19100053,construction.tools.saw,crown,56.63,11,1,56.63,9.09
1201397,electronics.tablet,apple,1181.24,11,1,1181.24,9.09
21401322,electronics.clocks,casio,28.98,11,0,0.0,0.0
2900418,appliances.kitchen.microwave,ava,53.23,11,0,0.0,0.0
2701887,appliances.kitchen.refrigerators,beko,342.45,11,0,0.0,0.0
55000006,apparel.costume,nike,218.77,11,0,0.0,0.0
1003852,electronics.smartphone,samsung,229.07,11,0,0.0,0.0
17800089,computers.desktop,zeta,58.2,11,1,58.2,9.09
12201563,sport.bicycle,axis,95.24,11,0,0.0,0.0
4801028,electronics.audio.headphone,xiaomi,12.36,11,0,0.0,0.0
1002678,electronics.smartphone,meizu,231.26,11,0,0.0,0.0
2501539,appliances.kitchen.oven,asel,86.49,11,1,86.49,9.09
8801049,electronics.telephone,philips,48.88,11,0,0.0,0.0
55000012,apparel.costume,jordan,190.46,11,0,0.0,0.0
2701880,appliances.kitchen.refrigerators,beko,268.66,11,1,268.62,9.09
6200971,appliances.environment.air_heater,willmark,10.27,11,0,0.0,0.0
1005183,electronics.smartphone,samsung,1029.34,11,0,0.0,0.0
1306746,computers.notebook,lenovo,1172.33,11,0,0.0,0.0
1003371,electronics.smartphone,sony,411.59,11,0,0.0,0.0
1004489,electronics.smartphone,huawei,124.19,11,0,0.0,0.0
8800939,electronics.telephone,maxvi,7.72,11,0,0.0,0.0
1004869,electronics.smartphone,xiaomi,423.95,11,0,0.0,0.0
1480509,computers.desktop,pulser,692.4,11,0,0.0,0.0
3100871,appliances.kitchen.blender,vitek,23.14,11,0,0.0,0.0
5800808,electronics.audio.subwoofer,pioneer,88.01,10,0,0.0,0.0
1801592,electronics.video.tv,sony,514.25,10,0,0.0,0.0
1003441,electronics.smartphone,nokia,407.08,10,0,0.0,0.0
10900029,appliances.kitchen.mixer,bosch,58.95,10,0,0.0,0.0
1004528,electronics.smartphone,samsung,385.85,10,0,0.0,0.0
1003983,electronics.smartphone,huawei,102.71,10,0,0.0,0.0
1005184,electronics.smartphone,samsung,1029.34,10,0,0.0,0.0
1003314,electronics.smartphone,apple,967.68,10,0,0.0,0.0
7005805,kids.carriage,babytime,58.86,10,0,0.0,0.0
1480400,computers.desktop,lenovo,1105.53,10,0,0.0,0.0
1307154,computers.notebook,lenovo,527.17,10,0,0.0,0.0
1306686,computers.notebook,prestigio,257.15,10,0,0.0,0.0
7005189,kids.carriage,belecoo,171.65,10,0,0.0,0.0
5100874,electronics.clocks,samsung,280.11,10,0,0.0,0.0
1801272,electronics.video.tv,artel,307.03,10,1,282.71,10.0
3700691,appliances.environment.vacuum,samsung,64.09,10,0,0.0,0.0
2900954,appliances.kitchen.microwave,arg,56.6,10,0,0.0,0.0
3601494,appliances.kitchen.washer,beko,241.89,10,0,0.0,0.0
1005096,electronics.smartphone,tp-link,136.17,10,0,0.0,0.0
42700015,auto.accessories.winch,t-max,221.88,10,0,0.0,0.0
28713583,apparel.shoes,greyder,102.96,10,0,0.0,0.0
5801550,electronics.audio.subwoofer,alphard,43.76,10,0,0.0,0.0
28715705,apparel.shoes.keds,puma,94.98,10,0,0.0,0.0
4801033,electronics.audio.headphone,plantronics,12.69,10,0,0.0,0.0
1004583,electronics.smartphone,google,849.52,10,0,0.0,0.0
17800342,computers.desktop,zeta,64.84,10,0,0.0,0.0
1306522,computers.notebook,lenovo,833.74,10,0,0.0,0.0
3701178,appliances.environment.vacuum,kitfort,43.5,10,1,43.5,10.0
1306776,computers.notebook,lenovo,1103.08,10,0,0.0,0.0
28716679,apparel.shoes,respect,120.72,10,0,0.0,0.0
1005079,electronics.smartphone,honor,128.68,10,0,0.0,0.0
1201500,electronics.tablet,xiaomi,383.54,10,0,0.0,0.0
1004916,electronics.smartphone,apple,900.67,10,0,0.0,0.0
2800004,appliances.kitchen.refrigerators,indesit,205.9,10,0,0.0,0.0
12100784,kids.skates,kugoo,568.84,10,0,0.0,0.0
4800236,electronics.audio.headphone,samsung,38.22,10,0,0.0,0.0
21403738,electronics.clocks,casio,83.4,10,0,0.0,0.0
1005208,electronics.smartphone,apple,424.7,10,0,0.0,0.0
6200724,appliances.environment.air_heater,oasis,22.11,10,0,0.0,0.0
1004213,electronics.smartphone,xiaomi,503.37,10,0,0.0,0.0
1004732,electronics.smartphone,sony,385.6,10,0,0.0,0.0
13200702,furniture.bedroom.bed,bts,154.42,10,0,0.0,0.0
7005234,kids.carriage,wingoffly,121.17,10,0,0.0,0.0
5000223,appliances.sewing_machine,janome,110.43,10,0,0.0,0.0
8800533,electronics.telephone,nokia,33.46,10,0,0.0,0.0
2402553,appliances.kitchen.hood,turboair,54.03,10,0,0.0,0.0
1005246,electronics.smartphone,nokia,321.73,10,0,0.0,0.0
3900834,appliances.environment.water_heater,aqua,39.98,10,0,0.0,0.0
9002788,kids.toys,bestoy,56.63,10,0,0.0,0.0
28719197,apparel.shoes,salamander,146.46,10,0,0.0,0.0
7101297,furniture.bedroom.bed,incanto,180.16,10,0,0.0,0.0
1002098,electronics.smartphone,samsung,370.64,10,0,0.0,0.0
2900936,appliances.kitchen.microwave,galanz,69.47,10,0,0.0,0.0
3200387,appliances.kitchen.meat_grinder,redmond,100.36,10,0,0.0,0.0
6200523,appliances.environment.air_heater,timberk,64.32,10,1,64.32,10.0
3701068,appliances.environment.vacuum,gorenje,105.51,10,0,0.0,0.0
19200012,construction.tools.saw,huter,65.61,10,1,68.19,10.0
1801853,electronics.video.tv,tcl,797.96,10,0,0.0,0.0
4700634,auto.accessories.videoregister,intego,154.44,10,0,0.0,0.0
2701672,appliances.kitchen.refrigerators,indesit,234.21,10,0,0.0,0.0
2701557,appliances.kitchen.refrigerators,bosch,1419.9,10,0,0.0,0.0
6000276,auto.accessories.alarm,alligator,38.61,10,0,0.0,0.0
2800613,appliances.kitchen.refrigerators,dauscher,211.05,10,0,0.0,0.0
5801387,electronics.audio.subwoofer,pioneer,87.26,10,0,0.0,0.0
3200157,appliances.kitchen.meat_grinder,bosch,161.91,10,0,0.0,0.0
1401577,computers.desktop,apple,1415.48,10,0,0.0,0.0
17800204,computers.desktop,zeta,28.82,10,0,0.0,0.0
1005173,electronics.smartphone,samsung,643.23,10,0,0.0,0.0
2100099,electronics.video.tv,lg,347.21,10,0,0.0,0.0
1201255,electronics.tablet,huawei,179.9,10,0,0.0,0.0
2900802,appliances.kitchen.microwave,samsung,115.81,10,0,0.0,0.0
21410498,electronics.clocks,longines,1328.22,10,0,0.0,0.0
28703635,apparel.shoes.keds,nike,115.58,10,0,0.0,0.0
3701190,appliances.environment.vacuum,scarlett,128.45,10,0,0.0,0.0
13200667,furniture.bedroom.bed,bts,148.24,10,0,0.0,0.0
2900011,appliances.kitchen.microwave,samsung,109.33,10,1,109.33,10.0
35103864,apparel.underwear,milavitsa,22.96,10,0,0.0,0.0
28719274,apparel.shoes,rieker,73.36,10,0,0.0,0.0
3700616,appliances.environment.vacuum,karcher,565.67,10,0,0.0,0.0
4700718,auto.accessories.videoregister,xiaomi,46.3,10,0,0.0,0.0
1801918,electronics.video.tv,samsung,1801.82,10,0,0.0,0.0
1004831,electronics.smartphone,oneplus,836.57,10,0,0.0,0.0
1306895,computers.notebook,hp,488.79,10,0,0.0,0.0
1307271,computers.notebook,lenovo,321.5,10,0,0.0,0.0
3000097,appliances.kitchen.steam_cooker,tefal,77.2,10,0,0.0,0.0
2300295,electronics.camera.video,gopro,231.64,10,0,0.0,0.0
1201410,electronics.tablet,lenovo,89.81,10,0,0.0,0.0
1003896,electronics.smartphone,xiaomi,478.33,10,0,0.0,0.0
8700219,appliances.personal.hair_cutter,braun,51.46,10,0,0.0,0.0
3600835,appliances.kitchen.washer,samsung,656.36,10,0,0.0,0.0
55000009,apparel.costume,jordan,149.27,10,0,0.0,0.0
1003309,electronics.smartphone,apple,771.96,10,0,0.0,0.0
4700636,auto.accessories.videoregister,neoline,92.25,10,0,0.0,0.0
4803948,electronics.audio.headphone,xiaomi,5.79,10,0,0.0,0.0
4600007,appliances.kitchen.dishwasher,bosch,542.44,10,0,0.0,0.0
6100216,auto.accessories.radar,ibox,84.43,10,0,0.0,0.0
2702452,appliances.kitchen.refrigerators,dauscher,887.54,10,0,0.0,0.0
1307343,computers.notebook,acer,720.71,10,0,0.0,0.0
1306310,computers.notebook,apple,1352.42,10,0,0.0,0.0
1005175,electronics.smartphone,samsung,643.23,10,0,0.0,0.0
1480161,computers.desktop,acer,193.03,10,0,0.0,0.0
5801511,electronics.audio.subwoofer,alphard,90.09,10,0,0.0,0.0
3700791,appliances.environment.vacuum,lg,154.42,10,0,0.0,0.0
49800017,accessories.bag,ritmix,12.32,10,0,0.0,0.0
5800861,electronics.audio.subwoofer,kicx,34.75,10,0,0.0,0.0
3601508,appliances.kitchen.washer,midea,218.77,10,0,0.0,0.0
4804595,electronics.audio.headphone,olmio,39.39,10,0,0.0,0.0
1001588,electronics.smartphone,meizu,128.3,10,0,0.0,0.0
28714357,apparel.shoes.keds,fly,155.71,10,0,0.0,0.0
14500000,appliances.kitchen.coffee_grinder,vitek,20.34,10,0,0.0,0.0
1004016,electronics.smartphone,samsung,720.46,10,0,0.0,0.0
3800808,appliances.iron,philips,74.62,10,0,0.0,0.0
6400282,computers.components.cpu,amd,159.33,10,0,0.0,0.0
1003901,electronics.smartphone,xiaomi,514.79,10,0,0.0,0.0
1003447,electronics.smartphone,nokia,113.2,10,0,0.0,0.0
1004197,electronics.smartphone,meizu,86.49,10,0,0.0,0.0
1002062,electronics.smartphone,samsung,77.14,10,0,0.0,0.0
1003706,electronics.smartphone,huawei,112.98,10,0,0.0,0.0
3601000,appliances.kitchen.washer,samsung,792.79,10,0,0.0,0.0
2800424,appliances.kitchen.refrigerators,haier,231.09,10,0,0.0,0.0
17200721,furniture.living_room.sofa,rals,324.04,10,0,0.0,0.0
6800653,computers.components.hdd,kingston,25.48,10,1,25.48,10.0
11200239,appliances.personal.scales,elenberg,7.7,10,0,0.0,0.0
1480131,computers.desktop,acer,694.97,10,0,0.0,0.0
1306021,computers.notebook,lenovo,468.48,10,1,468.48,10.0
2700856,appliances.kitchen.refrigerators,indesit,371.95,10,1,371.95,10.0
4700476,auto.accessories.videoregister,xiaomi,50.45,10,0,0.0,0.0
6000047,auto.accessories.alarm,starline,110.68,10,0,0.0,0.0
21400508,electronics.clocks,casio,55.86,10,0,0.0,0.0
3700666,appliances.environment.vacuum,thomas,243.63,10,0,0.0,0.0
8700375,appliances.personal.hair_cutter,philips,61.75,10,0,0.0,0.0
3600896,appliances.kitchen.washer,indesit,215.45,10,0,0.0,0.0
1480708,computers.desktop,pulser,548.25,10,0,0.0,0.0
1305975,computers.notebook,apple,2522.33,10,0,0.0,0.0
28715121,apparel.shoes.keds,baden,51.22,9,0,0.0,0.0
1004234,electronics.smartphone,apple,1098.79,9,1,1088.7,11.11
1801634,electronics.video.tv,xiaomi,460.76,9,0,0.0,0.0
5100530,electronics.clocks,garmin,944.58,9,0,0.0,0.0
1004228,electronics.smartphone,apple,1142.86,9,0,0.0,0.0
1307316,computers.notebook,lenovo,248.89,9,0,0.0,0.0
12400292,construction.tools.drill,total,77.2,9,0,0.0,0.0
4400388,appliances.kitchen.coffee_machine,polaris,77.09,9,1,83.14,11.11
17200718,furniture.living_room.sofa,rals,283.05,9,0,0.0,0.0
3100971,appliances.kitchen.blender,moulinex,87.49,9,0,0.0,0.0
5100862,electronics.clocks,samsung,330.22,9,0,0.0,0.0
1801785,electronics.video.tv,lg,443.74,9,0,0.0,0.0
5701122,auto.accessories.player,kenwood,51.48,9,0,0.0,0.0
1005149,electronics.smartphone,xiaomi,609.83,9,0,0.0,0.0
3601515,appliances.kitchen.washer,samsung,617.75,9,0,0.0,0.0
28717034,apparel.shoes.keds,strobbs,51.22,9,0,0.0,0.0
5200096,computers.ebooks,pocketbook,102.19,9,0,0.0,0.0
1307338,computers.notebook,asus,849.42,9,0,0.0,0.0
10400600,kids.toys,rastar,58.95,9,0,0.0,0.0
1802010,electronics.video.tv,yasin,359.08,9,0,0.0,0.0
1801696,electronics.video.tv,hisense,823.47,9,0,0.0,0.0
3601279,appliances.kitchen.washer,samsung,1184.05,9,0,0.0,0.0
1004574,electronics.smartphone,samsung,670.81,9,0,0.0,0.0
6000200,auto.accessories.alarm,pandora,267.96,9,0,0.0,0.0
4801838,electronics.audio.headphone,jbl,92.54,9,0,0.0,0.0
45300033,kids.swing,lorelli,73.15,9,0,0.0,0.0
21400579,electronics.clocks,casio,72.25,9,0,0.0,0.0
1480709,computers.desktop,pulser,550.82,9,0,0.0,0.0
13200099,furniture.bedroom.bed,brw,101.93,9,1,101.93,11.11
1480555,computers.desktop,netechnics,553.4,9,0,0.0,0.0
1004817,electronics.smartphone,honor,499.11,9,0,0.0,0.0
2700978,appliances.kitchen.refrigerators,samsung,521.7,9,0,0.0,0.0
1307353,computers.notebook,acer,393.81,9,0,0.0,0.0
3701377,appliances.environment.vacuum,xiaomi,298.33,9,0,0.0,0.0
5800508,electronics.audio.subwoofer,edge,48.91,9,0,0.0,0.0
1802022,electronics.video.tv,samsung,539.27,9,1,527.66,11.11
3700829,appliances.environment.vacuum,samsung,127.42,9,0,0.0,0.0
5700758,auto.accessories.player,pioneer,75.94,9,0,0.0,0.0
5100626,electronics.clocks,apple,553.17,9,0,0.0,0.0
12202390,sport.bicycle,giant,2522.33,9,0,0.0,0.0
1003877,electronics.smartphone,prestigio,51.2,9,0,0.0,0.0
1003195,electronics.smartphone,huawei,124.13,9,0,0.0,0.0
1307454,computers.notebook,asus,481.12,9,0,0.0,0.0
18300155,accessories.bag,lenovo,10.27,9,0,0.0,0.0
3900686,appliances.environment.water_heater,ariston,108.08,9,0,0.0,0.0
2501637,appliances.kitchen.oven,bosch,345.39,9,0,0.0,0.0
1005243,electronics.smartphone,vivo,463.31,9,0,0.0,0.0
1307042,computers.notebook,lenovo,1472.85,9,0,0.0,0.0
1004129,electronics.smartphone,xiaomi,149.27,9,0,0.0,0.0
14700087,furniture.living_room.cabinet,sv,334.6,9,0,0.0,0.0
5801037,electronics.audio.subwoofer,hertz,231.9,9,0,0.0,0.0
5800952,electronics.audio.subwoofer,kicx,15.44,9,0,0.0,0.0
1201287,electronics.tablet,apple,491.39,9,0,0.0,0.0
4803403,electronics.audio.headphone,sony,128.45,9,0,0.0,0.0
28712566,apparel.shoes,respect,128.45,9,0,0.0,0.0
4501997,appliances.kitchen.hob,hansa,231.41,9,0,0.0,0.0
2800501,appliances.kitchen.refrigerators,atlant,146.46,9,0,0.0,0.0
2702416,appliances.kitchen.refrigerators,dauscher,789.93,9,0,0.0,0.0
1003856,electronics.smartphone,xiaomi,140.85,9,0,0.0,0.0
13200208,furniture.bedroom.bed,brw,177.87,9,0,0.0,0.0
10900314,appliances.kitchen.mixer,scarlett,21.42,9,0,0.0,0.0
2900655,appliances.kitchen.microwave,elenberg,62.94,9,0,0.0,0.0
1480465,computers.desktop,pulser,1160.88,9,0,0.0,0.0
5801039,electronics.audio.subwoofer,hertz,132.64,9,0,0.0,0.0
1801998,electronics.video.tv,artel,124.84,9,0,0.0,0.0
1005053,electronics.smartphone,tp-link,58.94,9,0,0.0,0.0
2300234,electronics.camera.video,sjcam,76.14,9,0,0.0,0.0
1201459,electronics.tablet,apple,489.05,9,0,0.0,0.0
1480647,computers.desktop,acer,385.34,9,0,0.0,0.0
2701888,appliances.kitchen.refrigerators,beko,410.74,9,0,0.0,0.0
8800489,electronics.telephone,hiper,12.41,9,0,0.0,0.0
12200545,sport.bicycle,phoenix,174.78,9,0,0.0,0.0
10900026,appliances.kitchen.mixer,panasonic,40.8,9,1,40.8,11.11
3100073,appliances.kitchen.blender,bosch,79.77,9,0,0.0,0.0
2800618,appliances.kitchen.refrigerators,atlant,318.47,9,0,0.0,0.0
3801170,appliances.iron,redmond,46.28,9,0,0.0,0.0
3601083,appliances.kitchen.washer,candy,360.34,9,0,0.0,0.0
29100044,appliances.personal.massager,vitek,48.88,9,0,0.0,0.0
10900096,appliances.kitchen.mixer,polaris,33.44,9,1,30.61,11.11
4804434,electronics.audio.headphone,xiaomi,53.4,9,0,0.0,0.0
1307071,computers.notebook,acer,642.74,9,0,0.0,0.0
42300040,furniture.living_room.cabinet,brw,198.46,9,0,0.0,0.0
3601081,appliances.kitchen.washer,renova,71.04,9,0,0.0,0.0
1201216,electronics.tablet,lenovo,253.36,9,0,0.0,0.0
5100865,electronics.clocks,samsung,354.64,9,0,0.0,0.0
2702538,appliances.kitchen.refrigerators,dauscher,200.52,9,1,167.29,11.11
3900663,appliances.environment.water_heater,thermex,110.48,9,0,0.0,0.0
1801824,electronics.video.tv,xiaomi,771.96,9,1,771.96,11.11
1306732,computers.notebook,asus,360.11,9,0,0.0,0.0
1005233,electronics.smartphone,xiaomi,160.88,9,0,0.0,0.0
1306312,computers.notebook,apple,1364.0,9,0,0.0,0.0
2900634,appliances.kitchen.oven,elenberg,97.79,9,0,0.0,0.0
1004475,electronics.smartphone,blackberry,334.37,9,0,0.0,0.0
11200402,appliances.personal.scales,elenberg,10.27,9,0,0.0,0.0
12300261,construction.tools.drill,dewalt,114.66,9,0,0.0,0.0
4000033,construction.tools.generator,karcher,63.45,9,0,0.0,0.0
5100643,electronics.clocks,apple,727.65,9,0,0.0,0.0
1002538,electronics.smartphone,apple,603.5,9,0,0.0,0.0
55000014,apparel.costume,jordan,190.46,9,0,0.0,0.0
1004814,electronics.smartphone,honor,231.64,9,0,0.0,0.0
1306591,computers.notebook,asus,601.79,9,0,0.0,0.0
3801063,appliances.iron,philips,84.87,9,0,0.0,0.0
6700550,computers.components.videocards,msi,213.62,9,0,0.0,0.0
4802273,electronics.audio.headphone,samsung,6.8,9,1,6.22,11.11
1306178,computers.notebook,lenovo,1801.82,9,0,0.0,0.0
1306661,computers.notebook,hp,336.77,9,0,0.0,0.0
3701349,appliances.environment.vacuum,scarlett,102.71,9,0,0.0,0.0
28401058,accessories.bag,karya,100.39,9,0,0.0,0.0
5100469,electronics.clocks,elari,34.68,9,0,0.0,0.0
1004403,electronics.smartphone,xiaomi,195.61,9,0,0.0,0.0
1401582,computers.desktop,avalon,797.7,9,0,0.0,0.0
6701013,computers.components.videocards,asrock,218.17,9,0,0.0,0.0
9200489,computers.peripherals.keyboard,sven,16.96,9,0,0.0,0.0
5800617,electronics.audio.subwoofer,kicx,20.85,9,0,0.0,0.0
17900043,construction.tools.generator,huter,535.38,9,0,0.0,0.0
1005206,electronics.smartphone,honor,231.64,9,0,0.0,0.0
21400669,electronics.clocks,orient,125.61,9,0,0.0,0.0
19300096,appliances.ironing_board,nika,38.59,9,0,0.0,0.0
3601349,appliances.kitchen.washer,artel,118.92,9,0,0.0,0.0
1004502,electronics.smartphone,oppo,463.31,9,0,0.0,0.0
13201131,furniture.bedroom.bed,polini,136.4,9,0,0.0,0.0
1005261,electronics.smartphone,oppo,463.05,9,0,0.0,0.0
1005093,electronics.smartphone,tecno,118.15,9,1,118.15,11.11
6902463,furniture.living_room.chair,zlatek,51.46,9,0,0.0,0.0
1201387,electronics.tablet,apple,1003.58,9,0,0.0,0.0
1003713,electronics.smartphone,samsung,767.07,9,0,0.0,0.0
12400207,construction.tools.drill,makita,174.26,9,0,0.0,0.0
1201448,electronics.tablet,apple,617.52,9,0,0.0,0.0
11200451,appliances.personal.scales,huawei,33.44,9,0,0.0,0.0
44000001,apparel.shoes,genau,39.87,9,0,0.0,0.0
12600063,appliances.kitchen.grill,delonghi,84.92,9,0,0.0,0.0
14100113,electronics.audio.acoustic,fender,119.69,9,1,119.69,11.11
1201254,electronics.tablet,prestigio,128.52,9,0,0.0,0.0
2701642,appliances.kitchen.refrigerators,indesit,257.38,9,0,0.0,0.0
1306646,computers.notebook,acer,532.81,9,0,0.0,0.0
3700870,appliances.environment.vacuum,bosch,378.36,9,1,383.51,11.11
10400081,kids.toys,rastar,20.31,9,0,0.0,0.0
11000101,appliances.kitchen.toster,philips,28.29,9,1,33.44,11.11
1004625,electronics.smartphone,fly,43.73,9,0,0.0,0.0
1005216,electronics.smartphone,samsung,1544.42,9,0,0.0,0.0
3701017,appliances.environment.vacuum,dyson,307.83,9,0,0.0,0.0
3900486,appliances.environment.water_heater,ariston,210.23,9,0,0.0,0.0
22900039,furniture.bedroom.pillow,ikea,6.92,9,0,0.0,0.0
2401197,appliances.kitchen.hood,samsung,140.98,9,0,0.0,0.0
12100456,kids.skates,kugoo,261.76,9,0,0.0,0.0
28718017,apparel.shoes,respect,59.2,9,0,0.0,0.0
6100016,auto.accessories.radar,neoline,93.75,9,0,0.0,0.0
17200729,furniture.living_room.sofa,rals,860.85,9,0,0.0,0.0
5801524,electronics.audio.subwoofer,alphard,61.78,9,0,0.0,0.0
4802878,electronics.audio.headphone,jbl,14.9,9,0,0.0,0.0
1307113,computers.notebook,hp,907.43,9,0,0.0,0.0
3601063,appliances.kitchen.washer,artel,94.98,9,0,0.0,0.0
1004855,electronics.smartphone,xiaomi,126.08,9,1,123.3,11.11
19200119,construction.tools.saw,stihl,198.2,9,0,0.0,0.0
4802593,electronics.audio.headphone,jbl,25.71,9,0,0.0,0.0
17000000,computers.desktop,sv,102.71,9,0,0.0,0.0
7001735,kids.carriage,wingoffly,113.84,9,0,0.0,0.0
12300490,construction.tools.drill,ivt,33.37,9,0,0.0,0.0
12300191,construction.tools.drill,dewalt,194.57,9,0,0.0,0.0
4804102,electronics.audio.headphone,huawei,102.94,9,0,0.0,0.0
2800585,appliances.kitchen.refrigerators,atlant,437.57,9,0,0.0,0.0
3800821,appliances.iron,tefal,79.77,9,0,0.0,0.0
3900776,appliances.environment.water_heater,artel,77.09,9,0,0.0,0.0
4600527,appliances.kitchen.dishwasher,hansa,334.55,9,0,0.0,0.0
1801537,electronics.video.tv,haier,360.26,9,0,0.0,0.0
1003141,electronics.smartphone,apple,382.97,9,0,0.0,0.0
1801963,electronics.video.tv,philips,373.21,9,0,0.0,0.0
4200544,appliances.environment.air_conditioner,elenberg,229.07,9,0,0.0,0.0
28715851,apparel.shoes,respect,89.84,9,0,0.0,0.0
12202483,sport.bicycle,eltreco,656.39,9,0,0.0,0.0
1201407,electronics.tablet,huawei,257.12,9,0,0.0,0.0
4700596,auto.accessories.videoregister,incar,128.7,9,0,0.0,0.0
2701422,appliances.kitchen.refrigerators,haier,617.75,9,0,0.0,0.0
1004024,electronics.smartphone,xiaomi,128.42,9,0,0.0,0.0
7004322,kids.carriage,babytime,58.61,9,0,0.0,0.0
42300032,furniture.living_room.cabinet,sv,51.46,9,0,0.0,0.0
17200723,furniture.living_room.sofa,rals,348.44,9,0,0.0,0.0
28712565,apparel.shoes,respect,89.84,8,0,0.0,0.0
1801792,electronics.video.tv,elenberg,218.51,8,0,0.0,0.0
1003153,electronics.smartphone,huawei,149.3,8,0,0.0,0.0
1002550,electronics.smartphone,blackberry,355.12,8,0,0.0,0.0
6301657,appliances.kitchen.kettle,maxwell,12.61,8,0,0.0,0.0
7004549,kids.carriage,rant,69.47,8,0,0.0,0.0
1801859,electronics.video.tv,kivi,166.54,8,0,0.0,0.0
2501889,appliances.kitchen.oven,asel,100.87,8,0,0.0,0.0
28719262,apparel.shoes,rieker,119.69,8,0,0.0,0.0
21409662,electronics.clocks,tissot,1482.66,8,0,0.0,0.0
8800855,electronics.telephone,bq,32.15,8,0,0.0,0.0
5700890,auto.accessories.player,kenwood,179.93,8,0,0.0,0.0
28715839,apparel.shoes,rooman,51.22,8,0,0.0,0.0
3800762,appliances.iron,philips,308.86,8,0,0.0,0.0
1306257,computers.notebook,hp,398.72,8,0,0.0,0.0
14701293,furniture.living_room.cabinet,sv,411.59,8,0,0.0,0.0
3100105,appliances.kitchen.blender,braun,100.36,8,0,0.0,0.0
21401948,electronics.clocks,casio,40.16,8,0,0.0,0.0
8800464,electronics.telephone,nokia,38.17,8,0,0.0,0.0
5100575,electronics.clocks,apple,429.39,8,0,0.0,0.0
3100738,appliances.kitchen.blender,vitek,20.57,8,0,0.0,0.0
3701245,appliances.environment.vacuum,elenberg,41.16,8,0,0.0,0.0
28715775,apparel.shoes,nexpero,97.56,8,0,0.0,0.0
1004713,electronics.smartphone,haier,77.2,8,0,0.0,0.0
2401877,appliances.kitchen.hood,artel,52.9,8,0,0.0,0.0
3100955,appliances.kitchen.blender,dauscher,32.15,8,0,0.0,0.0
4500656,appliances.kitchen.hob,bosch,187.88,8,0,0.0,0.0
3601015,appliances.kitchen.washer,indesit,231.11,8,0,0.0,0.0
1201371,electronics.tablet,prestigio,76.94,8,0,0.0,0.0
14700811,furniture.living_room.cabinet,bts,102.71,8,0,0.0,0.0
2702480,appliances.kitchen.refrigerators,midea,124.53,8,0,0.0,0.0
1005207,electronics.smartphone,apple,424.7,8,0,0.0,0.0
19200004,construction.tools.saw,huter,87.49,8,0,0.0,0.0
26900073,sport.trainer,domyos,167.55,8,0,0.0,0.0
21401454,electronics.clocks,casio,39.38,8,0,0.0,0.0
3100841,appliances.kitchen.blender,braun,175.01,8,0,0.0,0.0
6000273,auto.accessories.alarm,pandora,135.91,8,0,0.0,0.0
25800005,medicine.tools.tonometer,omron,42.68,8,0,0.0,0.0
8800812,electronics.telephone,nokia,72.05,8,0,0.0,0.0
5800406,electronics.audio.subwoofer,jbl,46.33,8,0,0.0,0.0
11100315,appliances.personal.scales,dauscher,7.7,8,0,0.0,0.0
1480393,computers.desktop,lenovo,1029.37,8,0,0.0,0.0
3700301,appliances.environment.vacuum,vitek,120.93,8,0,0.0,0.0
10900228,appliances.kitchen.mixer,smeg,542.07,8,0,0.0,0.0
11600134,computers.desktop,microlab,55.34,8,0,0.0,0.0
4700387,auto.accessories.videoregister,neoline,48.12,8,0,0.0,0.0
12300751,construction.tools.drill,total,76.96,8,0,0.0,0.0
1307356,computers.notebook,asus,373.21,8,0,0.0,0.0
1004318,electronics.smartphone,nokia,326.13,8,0,0.0,0.0
6301514,appliances.kitchen.kettle,maxwell,17.99,8,0,0.0,0.0
28719273,apparel.shoes,rieker,73.36,8,0,0.0,0.0
11100287,appliances.personal.scales,elenberg,11.81,8,0,0.0,0.0
1801750,electronics.video.tv,harper,141.14,8,0,0.0,0.0
2701703,appliances.kitchen.refrigerators,bosch,571.11,8,0,0.0,0.0
11700113,electronics.audio.acoustic,fender,1049.71,8,0,0.0,0.0
6200688,appliances.environment.air_heater,oasis,28.7,8,0,0.0,0.0
3601475,appliances.kitchen.washer,lg,536.83,8,0,0.0,0.0
1003711,electronics.smartphone,samsung,669.23,8,0,0.0,0.0
1201128,electronics.tablet,nexttab,58.95,8,0,0.0,0.0
6901535,furniture.living_room.chair,zlatek,51.46,8,0,0.0,0.0
3701432,appliances.environment.vacuum,vitek,77.17,8,0,0.0,0.0
17800025,computers.desktop,dxracer,267.68,8,0,0.0,0.0
10900306,appliances.kitchen.mixer,elenberg,12.84,8,0,0.0,0.0
1305316,computers.notebook,dell,706.55,8,0,0.0,0.0
1801541,electronics.video.tv,lg,447.37,8,0,0.0,0.0
3700863,appliances.environment.vacuum,bosch,149.3,8,1,245.29,12.5
1004735,electronics.smartphone,sony,411.85,8,0,0.0,0.0
1005225,electronics.smartphone,samsung,216.18,8,0,0.0,0.0
2800037,appliances.kitchen.refrigerators,midea,223.66,8,0,0.0,0.0
8800969,electronics.telephone,fly,9.76,8,0,0.0,0.0
8800637,electronics.telephone,nokia,76.71,8,0,0.0,0.0
21408805,electronics.clocks,cover,383.79,8,0,0.0,0.0
3701241,appliances.environment.vacuum,redmond,205.63,8,0,0.0,0.0
11600160,computers.desktop,microlab,16.6,8,2,39.26,25.0
1003532,electronics.smartphone,samsung,360.11,8,0,0.0,0.0
13800557,furniture.bathroom.toilet,rosa,36.44,8,0,0.0,0.0
28703556,apparel.shoes.keds,reebok,118.15,8,0,0.0,0.0
1801858,electronics.video.tv,tcl,198.2,8,0,0.0,0.0
4803585,electronics.audio.headphone,huawei,105.28,8,0,0.0,0.0
1002398,electronics.smartphone,sony,252.31,8,0,0.0,0.0
17800248,computers.desktop,zeta,115.4,8,0,0.0,0.0
49800018,accessories.bag,ritmix,3.69,8,0,0.0,0.0
3601027,appliances.kitchen.washer,indesit,203.87,8,1,200.66,12.5
2401741,appliances.kitchen.hood,midea,79.77,8,0,0.0,0.0
1480712,computers.desktop,pulser,795.36,8,0,0.0,0.0
5100875,electronics.clocks,samsung,308.86,8,1,280.11,12.5
28718694,apparel.shoes,respect,89.84,8,0,0.0,0.0
1306608,computers.notebook,lenovo,772.19,8,0,0.0,0.0
1004358,electronics.smartphone,apple,1338.52,8,0,0.0,0.0
1307351,computers.notebook,acer,437.33,8,0,0.0,0.0
16800026,furniture.kitchen.table,bts,56.6,8,0,0.0,0.0
3700567,appliances.environment.vacuum,thomas,221.34,8,0,0.0,0.0
6200718,appliances.environment.air_heater,oasis,36.01,8,0,0.0,0.0
5800843,electronics.audio.subwoofer,kenwood,46.33,8,0,0.0,0.0
1307058,computers.notebook,apple,1464.36,8,0,0.0,0.0
2900957,appliances.kitchen.microwave,arg,59.18,8,1,61.75,12.5
2702279,appliances.kitchen.refrigerators,lg,694.74,8,0,0.0,0.0
17200719,furniture.living_room.sofa,rals,307.45,8,0,0.0,0.0
1701303,computers.peripherals.monitor,samsung,331.51,8,0,0.0,0.0
4900181,appliances.kitchen.juicer,elenberg,25.71,8,0,0.0,0.0
4802955,electronics.audio.headphone,hyperx,115.74,8,0,0.0,0.0
1000978,electronics.smartphone,samsung,333.49,8,0,0.0,0.0
4400495,appliances.kitchen.coffee_machine,redmond,195.6,8,0,0.0,0.0
4802233,electronics.audio.headphone,jbl,46.31,8,0,0.0,0.0
5700607,auto.accessories.player,pioneer,270.28,8,0,0.0,0.0
14300093,electronics.audio.music_tools.piano,yamaha,375.56,8,0,0.0,0.0
4600498,appliances.kitchen.dishwasher,hansa,385.83,8,0,0.0,0.0
2700276,appliances.kitchen.refrigerators,pozis,239.36,8,0,0.0,0.0
4400478,appliances.kitchen.coffee_machine,vitek,182.73,8,0,0.0,0.0
1801826,electronics.video.tv,toshiba,359.6,8,0,0.0,0.0
1004424,electronics.smartphone,samsung,217.04,8,0,0.0,0.0
2701819,appliances.kitchen.refrigerators,beko,223.66,8,0,0.0,0.0
2501451,appliances.kitchen.oven,elenberg,110.66,8,0,0.0,0.0
1480434,computers.desktop,smart,2069.29,8,0,0.0,0.0
4700557,auto.accessories.videoregister,sho-me,140.83,8,0,0.0,0.0
4600245,appliances.kitchen.dishwasher,bosch,530.0,8,0,0.0,0.0
3000069,appliances.kitchen.steam_cooker,polaris,35.99,8,0,0.0,0.0
4700581,auto.accessories.videoregister,subini,79.8,8,0,0.0,0.0
13200246,furniture.bedroom.bed,sv,100.36,8,0,0.0,0.0
1201202,electronics.tablet,lenovo,231.38,8,0,0.0,0.0
2701818,appliances.kitchen.refrigerators,beko,240.39,8,0,0.0,0.0
1307480,computers.notebook,lenovo,254.81,8,0,0.0,0.0
5000504,appliances.sewing_machine,janome,138.74,8,0,0.0,0.0
6701017,computers.components.videocards,gigabyte,285.2,8,0,0.0,0.0
28718018,apparel.shoes,respect,42.21,8,0,0.0,0.0
3701187,appliances.environment.vacuum,vitek,51.46,8,0,0.0,0.0
5100574,electronics.clocks,apple,468.45,8,0,0.0,0.0
13800038,furniture.bathroom.toilet,santeri,58.35,8,0,0.0,0.0
19100336,construction.tools.saw,alteco,208.5,8,0,0.0,0.0
1802009,electronics.video.tv,samsung,796.62,8,0,0.0,0.0
1004360,electronics.smartphone,apple,1685.76,8,0,0.0,0.0
5701197,auto.accessories.player,nakamichi,78.5,8,1,78.5,12.5
21411459,electronics.clocks,armani,297.56,8,0,0.0,0.0
28719050,apparel.shoes,baden,66.41,8,0,0.0,0.0
1306631,computers.notebook,hp,580.89,8,0,0.0,0.0
8800944,electronics.telephone,nokia,20.39,8,0,0.0,0.0
1005123,electronics.smartphone,apple,1181.5,8,0,0.0,0.0
1306671,computers.notebook,lenovo,926.64,8,0,0.0,0.0
5200147,computers.ebooks,pocketbook,176.18,8,0,0.0,0.0
1600600,computers.peripherals.printer,hp,148.06,8,0,0.0,0.0
3601242,appliances.kitchen.washer,samsung,926.64,8,0,0.0,0.0
1005111,electronics.smartphone,apple,1181.5,8,0,0.0,0.0
5000084,appliances.sewing_machine,janome,183.71,8,0,0.0,0.0
28704287,apparel.shoes.keds,adidas,111.71,8,0,0.0,0.0
1306832,computers.notebook,lenovo,1029.6,8,0,0.0,0.0
4501523,appliances.kitchen.hob,midea,166.65,8,0,0.0,0.0
28718660,apparel.shoes,respect,136.17,8,0,0.0,0.0
2800611,appliances.kitchen.refrigerators,indesit,347.59,8,0,0.0,0.0
3600025,appliances.kitchen.washer,indesit,202.76,8,0,0.0,0.0
28400774,accessories.bag,baden,46.08,8,0,0.0,0.0
1801988,electronics.video.tv,elenberg,130.55,8,0,0.0,0.0
7900985,furniture.kitchen.chair,lorelli,82.14,8,0,0.0,0.0
14700100,furniture.living_room.cabinet,sv,411.59,8,0,0.0,0.0
28719071,apparel.shoes.keds,baden,102.71,8,0,0.0,0.0
28717145,apparel.shoes.keds,fassen,44.79,8,2,96.00999999999999,25.0
18500060,electronics.tablet,xp-pen,429.61,8,0,0.0,0.0
1307065,computers.notebook,hp,453.01,8,0,0.0,0.0
1480749,computers.desktop,pulser,779.92,8,0,0.0,0.0
12200998,sport.bicycle,greenbike,1156.53,8,0,0.0,0.0
1004827,electronics.smartphone,doogee,208.76,8,0,0.0,0.0
28714424,apparel.shoes.keds,asics,72.05,8,0,0.0,0.0
12100840,kids.skates,xiaomi,725.6,8,0,0.0,0.0
1005131,electronics.smartphone,apple,1917.66,8,0,0.0,0.0
3600775,appliances.kitchen.washer,bosch,450.18,8,0,0.0,0.0
8800586,electronics.telephone,philips,81.08,8,1,81.08,12.5
3601331,appliances.kitchen.washer,samsung,321.63,8,0,0.0,0.0
21404582,electronics.clocks,casio,25.2,8,0,0.0,0.0
11300046,electronics.telephone,panasonic,40.93,8,0,0.0,0.0
2501796,appliances.kitchen.oven,artel,41.16,8,1,41.16,12.5
2501782,appliances.kitchen.oven,oursson,126.1,8,0,0.0,0.0
3701439,appliances.environment.vacuum,bosch,347.47,8,0,0.0,0.0
4801945,electronics.audio.headphone,sony,56.6,8,0,0.0,0.0
12202342,sport.bicycle,axis,195.63,8,0,0.0,0.0
4000214,construction.tools.generator,vitek,41.16,8,0,0.0,0.0
1004460,electronics.smartphone,xiaomi,247.08,8,0,0.0,0.0
1801516,electronics.video.tv,haier,295.99,8,0,0.0,0.0
12300061,construction.tools.drill,bosch,82.86,8,0,0.0,0.0
3601603,appliances.kitchen.washer,lg,525.43,8,0,0.0,0.0
1701111,computers.peripherals.monitor,acer,514.79,8,0,0.0,0.0
8700352,appliances.personal.hair_cutter,philips,72.0,8,0,0.0,0.0
9100636,computers.peripherals.mouse,logitech,36.01,8,0,0.0,0.0
1306659,computers.notebook,hp,318.41,8,0,0.0,0.0
28716515,apparel.shoes,respect,128.45,8,0,0.0,0.0
21407374,electronics.clocks,casio,44.53,8,0,0.0,0.0
2700458,appliances.kitchen.refrigerators,atlant,241.94,8,0,0.0,0.0
28715700,apparel.shoes.keds,puma,94.98,8,0,0.0,0.0
1307457,computers.notebook,lenovo,836.31,8,0,0.0,0.0
5000339,appliances.sewing_machine,janome,133.83,8,1,133.27,12.5
10900384,appliances.kitchen.mixer,kitfort,149.04,8,0,0.0,0.0
1480680,computers.desktop,hp,571.19,8,0,0.0,0.0
1801770,electronics.video.tv,changhong,132.77,8,0,0.0,0.0
4700407,auto.accessories.videoregister,neoline,179.47,8,0,0.0,0.0
4802974,electronics.audio.headphone,kingston,37.04,8,0,0.0,0.0
28716998,apparel.shoes,respect,82.63,8,0,0.0,0.0
1480710,computers.desktop,pulser,646.07,8,0,0.0,0.0
3601490,appliances.kitchen.washer,candy,290.3,8,0,0.0,0.0
2500966,appliances.kitchen.oven,beko,253.03,8,0,0.0,0.0
14700670,furniture.living_room.cabinet,sv,123.53,8,0,0.0,0.0
5800275,electronics.audio.subwoofer,mystery,172.46,8,0,0.0,0.0
1004599,electronics.smartphone,nokia,257.38,8,0,0.0,0.0
22400036,electronics.audio.microphone,hoco,20.57,7,0,0.0,0.0
3900685,appliances.environment.water_heater,ariston,99.1,7,1,99.1,14.29
5801486,electronics.audio.subwoofer,alphard,118.41,7,0,0.0,0.0
1004671,electronics.smartphone,samsung,1415.45,7,0,0.0,0.0
14100085,electronics.audio.acoustic,fender,167.83,7,0,0.0,0.0
2800308,appliances.kitchen.refrigerators,almacom,209.74,7,0,0.0,0.0
1307369,computers.notebook,lenovo,311.63,7,0,0.0,0.0
12400456,construction.tools.drill,p.i.t.,41.67,7,0,0.0,0.0
3200378,appliances.kitchen.meat_grinder,elenberg,38.59,7,0,0.0,0.0
3601376,appliances.kitchen.washer,candy,254.81,7,0,0.0,0.0
14100407,electronics.audio.acoustic,cort,151.1,7,0,0.0,0.0
5701031,auto.accessories.player,alpine,823.7,7,0,0.0,0.0
3601284,appliances.kitchen.washer,artel,83.58,7,0,0.0,0.0
28717908,apparel.shoes,burgerschuhe,102.45,7,0,0.0,0.0
1003857,electronics.smartphone,samsung,261.02,7,0,0.0,0.0
2702414,appliances.kitchen.refrigerators,dauscher,372.41,7,0,0.0,0.0
14300018,electronics.audio.music_tools.piano,cortland,77.17,7,0,0.0,0.0
3800310,appliances.iron,vitek,38.59,7,0,0.0,0.0
18800010,auto.accessories.parktronic,parkmaster,32.18,7,0,0.0,0.0
8800517,electronics.telephone,texet,25.96,7,0,0.0,0.0
28719296,apparel.shoes.keds,fila,136.17,7,0,0.0,0.0
1303355,computers.notebook,hp,432.42,7,0,0.0,0.0
1005128,electronics.smartphone,apple,1917.66,7,0,0.0,0.0
2701390,appliances.kitchen.refrigerators,lg,1299.88,7,0,0.0,0.0
3600999,appliances.kitchen.washer,samsung,823.68,7,0,0.0,0.0
18200055,electronics.audio.acoustic,sony,630.39,7,0,0.0,0.0
28718721,apparel.shoes,respect,89.84,7,0,0.0,0.0
6200695,appliances.environment.air_heater,electrolux,68.18,7,0,0.0,0.0
4600469,appliances.kitchen.dishwasher,hansa,334.35,7,0,0.0,0.0
19300000,appliances.ironing_board,braun,100.36,7,0,0.0,0.0
1201291,electronics.tablet,apple,411.57,7,0,0.0,0.0
30000238,construction.tools.welding,hyundai,72.58,7,0,0.0,0.0
10900349,appliances.kitchen.mixer,kitfort,111.04,7,0,0.0,0.0
3700951,appliances.environment.vacuum,bosch,164.74,7,0,0.0,0.0
42300006,furniture.living_room.cabinet,sv,167.06,7,0,0.0,0.0
17800168,computers.desktop,aerocool,171.92,7,0,0.0,0.0
1003936,electronics.smartphone,xiaomi,424.46,7,0,0.0,0.0
4501774,appliances.kitchen.hob,hansa,154.42,7,0,0.0,0.0
12300559,construction.tools.drill,makita,155.5,7,0,0.0,0.0
1004963,electronics.smartphone,nokia,141.55,7,0,0.0,0.0
1600040,computers.peripherals.printer,samsung,138.63,7,1,138.66,14.29
10201401,kids.dolls,llorens,48.9,7,0,0.0,0.0
2501557,appliances.kitchen.oven,asel,62.01,7,0,0.0,0.0
3601089,appliances.kitchen.washer,artel,83.63,7,0,0.0,0.0
3700901,appliances.environment.vacuum,samsung,190.46,7,0,0.0,0.0
1801999,electronics.video.tv,horizont,137.71,7,0,0.0,0.0
4000013,construction.tools.generator,karcher,130.18,7,1,129.99,14.29
34900059,appliances.kitchen.grill,demiray,106.03,7,0,0.0,0.0
51000001,appliances.environment.vacuum,bosch,181.32,7,1,181.34,14.29
1801935,electronics.video.tv,rebus,167.29,7,0,0.0,0.0
3700559,appliances.environment.vacuum,karcher,203.35,7,1,203.32,14.29
4803924,electronics.audio.headphone,defender,7.59,7,0,0.0,0.0
1401684,computers.desktop,avalon,977.37,7,0,0.0,0.0
5700944,auto.accessories.player,jvc,192.8,7,0,0.0,0.0
5100857,electronics.clocks,apple,604.65,7,0,0.0,0.0
12300618,construction.tools.drill,dewalt,148.0,7,0,0.0,0.0
28718084,apparel.shoes.keds,respect,51.22,7,0,0.0,0.0
1003892,electronics.smartphone,xiaomi,145.11,7,0,0.0,0.0
1801955,electronics.video.tv,sony,926.41,7,0,0.0,0.0
3900702,appliances.environment.water_heater,thermex,115.75,7,1,115.75,14.29
2702611,appliances.kitchen.refrigerators,arg,128.68,7,1,128.68,14.29
35200006,apparel.underwear,milavitsa,9.0,7,0,0.0,0.0
1003114,electronics.smartphone,sony,128.39,7,0,0.0,0.0
1307253,computers.notebook,asus,1145.36,7,0,0.0,0.0
1307016,computers.notebook,asus,801.79,7,0,0.0,0.0
2800545,appliances.kitchen.refrigerators,midea,149.27,7,0,0.0,0.0
5100448,electronics.clocks,garmin,257.38,7,0,0.0,0.0
1307181,computers.notebook,asus,489.05,7,0,0.0,0.0
2500289,appliances.kitchen.oven,bosch,347.24,7,0,0.0,0.0
2701889,appliances.kitchen.refrigerators,beko,342.45,7,0,0.0,0.0
1801542,electronics.video.tv,lg,486.24,7,0,0.0,0.0
1002484,electronics.smartphone,meizu,179.69,7,0,0.0,0.0
4802025,electronics.audio.headphone,awei,11.71,7,0,0.0,0.0
3601204,appliances.kitchen.washer,lg,519.94,7,0,0.0,0.0
5100569,electronics.clocks,apple,474.0,7,0,0.0,0.0
11000000,appliances.kitchen.toster,vitek,33.44,7,0,0.0,0.0
28719198,apparel.shoes,salamander,146.46,7,0,0.0,0.0
4803395,electronics.audio.headphone,jbl,33.21,7,0,0.0,0.0
3701102,appliances.environment.vacuum,xiaomi,281.86,7,0,0.0,0.0
5100749,electronics.clocks,huawei,154.96,7,0,0.0,0.0
1004742,electronics.smartphone,honor,504.26,7,0,0.0,0.0
4000177,construction.tools.generator,elenberg,33.44,7,0,0.0,0.0
1005023,electronics.smartphone,xiaomi,478.75,7,0,0.0,0.0
5701090,auto.accessories.player,jvc,52.77,7,0,0.0,0.0
1480244,computers.desktop,hp,792.02,7,0,0.0,0.0
6201053,appliances.environment.air_heater,willmark,15.42,7,0,0.0,0.0
28717907,apparel.shoes,burgerschuhe,102.45,7,0,0.0,0.0
23700131,furniture.bedroom.blanket,alvitek,27.03,7,1,27.03,14.29
1003774,electronics.smartphone,nokia,370.2,7,0,0.0,0.0
4802429,electronics.audio.headphone,hyperx,74.36,7,0,0.0,0.0
5100691,electronics.clocks,wonlex,24.43,7,0,0.0,0.0
14701292,furniture.living_room.cabinet,bts,128.68,7,0,0.0,0.0
6300984,appliances.kitchen.kettle,redmond,26.51,7,0,0.0,0.0
1306952,computers.notebook,apple,2124.89,7,0,0.0,0.0
8800283,electronics.telephone,maxvi,9.01,7,1,9.01,14.29
4700661,auto.accessories.videoregister,ibox,64.08,7,0,0.0,0.0
1801837,electronics.video.tv,rebus,179.93,7,0,0.0,0.0
5800274,electronics.audio.subwoofer,jbl,51.97,7,0,0.0,0.0
1201364,electronics.tablet,huawei,167.03,7,0,0.0,0.0
3800490,appliances.iron,maxwell,15.19,7,0,0.0,0.0
1306797,computers.notebook,acer,297.83,7,0,0.0,0.0
1004152,electronics.smartphone,meizu,127.48,7,0,0.0,0.0
6100160,auto.accessories.radar,ibox,74.1,7,0,0.0,0.0
5100864,electronics.clocks,huawei,233.82,7,0,0.0,0.0
9200409,computers.peripherals.keyboard,defender,12.56,7,0,0.0,0.0
1801854,electronics.video.tv,samsung,1003.63,7,0,0.0,0.0
4000048,construction.tools.generator,elenberg,92.64,7,0,0.0,0.0
4400000,appliances.kitchen.coffee_machine,delonghi,823.68,7,0,0.0,0.0
1004737,electronics.smartphone,sony,462.82,7,0,0.0,0.0
4700521,auto.accessories.videoregister,sho-me,191.77,7,0,0.0,0.0
1201421,electronics.tablet,lenovo,128.42,7,0,0.0,0.0
25900001,computers.components.cooler,ecocool,92.64,7,1,92.64,14.29
3200482,appliances.kitchen.meat_grinder,scarlett,59.18,7,0,0.0,0.0
3701400,appliances.environment.vacuum,kitfort,43.5,7,0,0.0,0.0
1004962,electronics.smartphone,nokia,128.61,7,0,0.0,0.0
4804177,electronics.audio.headphone,xiaomi,6.67,7,0,0.0,0.0
2400666,appliances.kitchen.hood,turboair,48.88,7,1,48.88,14.29
3701404,appliances.environment.vacuum,dauscher,50.94,7,0,0.0,0.0
1307327,computers.notebook,hp,378.13,7,0,0.0,0.0
3800980,appliances.iron,tefal,110.66,7,0,0.0,0.0
3200574,appliances.kitchen.meat_grinder,dauscher,69.47,7,0,0.0,0.0
3701001,appliances.environment.vacuum,samsung,406.44,7,0,0.0,0.0
2800477,appliances.kitchen.refrigerators,beko,380.68,7,0,0.0,0.0
28719170,apparel.shoes,salamander,137.71,7,0,0.0,0.0
3801203,appliances.iron,philips,131.25,7,0,0.0,0.0
1003771,electronics.smartphone,huawei,231.38,7,0,0.0,0.0
3800859,appliances.iron,tefal,41.16,7,0,0.0,0.0
6000159,auto.accessories.alarm,pandora,145.18,7,0,0.0,0.0
5100402,electronics.clocks,garmin,180.16,7,0,0.0,0.0
3100967,appliances.kitchen.blender,kitfort,54.07,7,0,0.0,0.0
2800468,appliances.kitchen.refrigerators,haier,527.39,7,0,0.0,0.0
3200432,appliances.kitchen.meat_grinder,moulinex,136.4,7,0,0.0,0.0
12600007,appliances.kitchen.grill,tefal,270.2,7,0,0.0,0.0
6301984,appliances.kitchen.kettle,dauscher,10.27,7,0,0.0,0.0
6902272,furniture.living_room.chair,zlatek,51.46,7,0,0.0,0.0
3800422,appliances.iron,polaris,23.14,7,0,0.0,0.0
1600558,computers.peripherals.printer,canon,192.49,7,0,0.0,0.0
2501371,appliances.kitchen.oven,beko,228.51,7,0,0.0,0.0
40900007,construction.tools.painting,fubag,24.71,7,0,0.0,0.0
3600145,appliances.kitchen.washer,indesit,169.63,7,0,0.0,0.0
1003566,electronics.smartphone,xiaomi,483.68,7,0,0.0,0.0
1004143,electronics.smartphone,xiaomi,141.32,7,0,0.0,0.0
1801793,electronics.video.tv,elenberg,246.6,7,0,0.0,0.0
2701330,appliances.kitchen.refrigerators,atlant,231.41,7,0,0.0,0.0
5700755,auto.accessories.player,pioneer,64.35,7,0,0.0,0.0
1002881,electronics.smartphone,xiaomi,254.08,7,0,0.0,0.0
13200378,furniture.bedroom.bed,bts,128.68,7,0,0.0,0.0
1306609,computers.notebook,lenovo,720.71,7,0,0.0,0.0
7900871,furniture.kitchen.chair,peg-perego,157.02,7,0,0.0,0.0
6100104,auto.accessories.radar,ibox,62.91,7,0,0.0,0.0
6200547,appliances.environment.air_heater,oasis,49.81,7,0,0.0,0.0
11700107,electronics.audio.acoustic,leem,1209.81,7,0,0.0,0.0
1004145,electronics.smartphone,xiaomi,167.06,7,0,0.0,0.0
1700940,computers.peripherals.monitor,samsung,172.21,7,1,172.44,14.29
2702340,appliances.kitchen.refrigerators,lg,599.5,7,0,0.0,0.0
28712685,apparel.shoes,marcomen,100.65,7,0,0.0,0.0
21409627,electronics.clocks,oris,2162.22,7,0,0.0,0.0
3000063,appliances.kitchen.steam_cooker,braun,100.36,7,0,0.0,0.0
3100782,appliances.kitchen.blender,maxwell,25.71,7,0,0.0,0.0
4802026,electronics.audio.headphone,awei,15.42,7,0,0.0,0.0
5100728,electronics.clocks,aimoto,53.93,7,0,0.0,0.0
1201408,electronics.tablet,lenovo,76.94,7,0,0.0,0.0
21401212,electronics.clocks,orient,181.21,7,0,0.0,0.0
11600406,computers.desktop,microlab,265.9,7,0,0.0,0.0
12300466,construction.tools.drill,alteco,65.9,7,0,0.0,0.0
1401608,computers.desktop,apple,2496.59,7,0,0.0,0.0
4502496,appliances.kitchen.hob,dauscher,144.12,7,0,0.0,0.0
1306610,computers.notebook,lenovo,720.71,7,0,0.0,0.0
1004868,electronics.smartphone,xiaomi,514.79,7,0,0.0,0.0
2501705,appliances.kitchen.oven,bbk,84.92,7,0,0.0,0.0
2800637,appliances.kitchen.refrigerators,atlant,437.33,7,0,0.0,0.0
1005256,electronics.smartphone,xiaomi,151.56,7,0,0.0,0.0
5100266,electronics.clocks,wonlex,42.47,7,2,84.94,28.57
1500462,computers.peripherals.printer,hp,96.44,7,0,0.0,0.0
55000004,apparel.costume,nike,218.77,7,0,0.0,0.0
28714284,apparel.shoes.keds,reebok,146.7,7,0,0.0,0.0
1701420,computers.peripherals.monitor,samsung,218.77,7,0,0.0,0.0
3700848,appliances.environment.vacuum,karcher,321.76,7,0,0.0,0.0
3600659,appliances.kitchen.washer,atlant,218.26,7,0,0.0,0.0
48200034,apparel.dress,mltl,32.18,7,0,0.0,0.0
2701876,appliances.kitchen.refrigerators,beko,360.09,7,1,360.09,14.29
3100553,appliances.kitchen.blender,gorenje,22.91,7,0,0.0,0.0
1004877,electronics.smartphone,xiaomi,86.21,7,0,0.0,0.0
2701789,appliances.kitchen.refrigerators,bosch,447.66,7,1,447.66,14.29
6700581,computers.components.videocards,palit,166.07,7,0,0.0,0.0
28718055,apparel.shoes,baden,97.04,7,0,0.0,0.0
1600593,computers.peripherals.printer,epson,174.52,7,0,0.0,0.0
4804336,electronics.audio.headphone,hp,16.73,7,0,0.0,0.0
1004892,electronics.smartphone,zte,66.9,7,0,0.0,0.0
16800027,furniture.kitchen.table,bts,51.22,7,0,0.0,0.0
5800674,electronics.audio.subwoofer,kicx,35.26,7,0,0.0,0.0
18300370,accessories.bag,xiaomi,36.01,7,0,0.0,0.0
5700325,auto.accessories.player,swat,23.17,7,0,0.0,0.0
11200064,appliances.personal.scales,saturn,8.75,7,1,8.75,14.29
1003801,electronics.smartphone,apple,624.73,7,0,0.0,0.0
16800034,furniture.kitchen.table,bts,66.9,7,0,0.0,0.0
6200885,appliances.environment.air_heater,oasis,7.7,7,0,0.0,0.0
2701705,appliances.kitchen.refrigerators,bosch,455.58,7,0,0.0,0.0
2501475,appliances.kitchen.oven,beko,229.07,7,0,0.0,0.0
1004441,electronics.smartphone,apple,1685.76,7,0,0.0,0.0
8700218,appliances.personal.hair_cutter,braun,46.31,7,0,0.0,0.0
28718448,apparel.shoes.keds,strobbs,84.69,7,0,0.0,0.0
1005012,electronics.smartphone,inoi,38.44,7,0,0.0,0.0
1480740,computers.desktop,pulser,1413.14,7,0,0.0,0.0
6200159,appliances.environment.air_heater,elenberg,10.27,7,0,0.0,0.0
28718661,apparel.shoes,respect,136.17,7,0,0.0,0.0
1480156,computers.desktop,neo,622.67,7,0,0.0,0.0
22600013,auto.accessories.compressor,chameleon,36.04,7,0,0.0,0.0
1004323,electronics.smartphone,honor,244.54,7,0,0.0,0.0
1004149,electronics.smartphone,xiaomi,329.16,7,0,0.0,0.0
6200637,appliances.environment.air_heater,oasis,23.4,7,0,0.0,0.0
12400045,construction.tools.drill,dewalt,152.89,7,0,0.0,0.0
1307321,computers.notebook,hp,1273.91,7,0,0.0,0.0
5701134,auto.accessories.player,pioneer,82.11,7,0,0.0,0.0
2501244,appliances.kitchen.oven,artel,35.01,7,0,0.0,0.0
55000007,apparel.costume,nike,218.77,7,0,0.0,0.0
28717921,apparel.shoes,rieker,73.36,7,0,0.0,0.0
21406393,electronics.clocks,casio,97.81,7,1,97.81,14.29
1800944,electronics.video.tv,sony,514.56,7,1,558.58,14.29
2701385,appliances.kitchen.refrigerators,indesit,360.06,7,0,0.0,0.0
8700327,appliances.personal.hair_cutter,philips,28.29,7,1,28.29,14.29
8800048,electronics.telephone,nokia,22.37,7,0,0.0,0.0
1307229,computers.notebook,lenovo,923.83,7,0,0.0,0.0
7003167,kids.carriage,cybex,1956.27,7,0,0.0,0.0
30000070,construction.tools.welding,eurolux,81.31,7,0,0.0,0.0
1002545,electronics.smartphone,apple,1049.17,7,0,0.0,0.0
2300219,electronics.camera.video,sony,553.4,7,0,0.0,0.0
1307124,computers.notebook,hp,1669.28,7,0,0.0,0.0
1004342,electronics.smartphone,meizu,200.26,7,0,0.0,0.0
1700880,computers.peripherals.monitor,acer,138.72,7,0,0.0,0.0
19200048,construction.tools.saw,huter,115.81,7,0,0.0,0.0
5100798,electronics.clocks,garmin,2160.46,7,0,0.0,0.0
28716597,apparel.shoes,baden,53.8,7,0,0.0,0.0
13200636,furniture.bedroom.bed,sv,154.19,7,0,0.0,0.0
1201192,electronics.tablet,lenovo,178.36,7,1,178.9,14.29
2900010,appliances.kitchen.microwave,samsung,123.32,7,0,0.0,0.0
2900636,appliances.kitchen.microwave,horizont,58.69,7,0,0.0,0.0
6100140,auto.accessories.radar,neoline,142.3,7,0,0.0,0.0
10900003,appliances.kitchen.mixer,polaris,40.85,7,0,0.0,0.0
5801510,electronics.audio.subwoofer,alphard,115.83,7,0,0.0,0.0
4600445,appliances.kitchen.dishwasher,bosch,435.82,7,1,435.81,14.29
12200053,sport.bicycle,xiaomi,643.49,7,0,0.0,0.0
5800829,electronics.audio.subwoofer,kenwood,218.8,7,0,0.0,0.0
1003907,electronics.smartphone,huawei,131.27,7,0,0.0,0.0
2702580,appliances.kitchen.refrigerators,midea,643.49,7,0,0.0,0.0
5000403,appliances.sewing_machine,brother,114.48,7,0,0.0,0.0
1004852,electronics.smartphone,meizu,230.38,7,0,0.0,0.0
1306922,computers.notebook,asus,685.37,7,0,0.0,0.0
6301923,appliances.kitchen.kettle,elenberg,12.84,7,1,12.84,14.29
1480194,computers.desktop,lenovo,385.85,7,0,0.0,0.0
1201413,electronics.tablet,nexttab,48.31,7,0,0.0,0.0
28715758,apparel.shoes.keds,nexpero,107.85,7,0,0.0,0.0
1307145,computers.notebook,hp,802.85,7,0,0.0,0.0
1005086,electronics.smartphone,gionee,123.3,7,0,0.0,0.0
3701366,appliances.environment.vacuum,ilife,254.8,7,1,254.8,14.29
17200720,furniture.living_room.sofa,rals,532.91,7,0,0.0,0.0
3601449,appliances.kitchen.washer,bosch,411.62,7,0,0.0,0.0
3601443,appliances.kitchen.washer,artel,93.75,7,0,0.0,0.0
12301271,construction.tools.drill,crown,26.69,7,0,0.0,0.0
3601071,appliances.kitchen.washer,haier,424.7,7,0,0.0,0.0
28717170,apparel.shoes,respect,120.72,7,0,0.0,0.0
1480160,computers.desktop,acer,257.38,7,0,0.0,0.0
4800678,electronics.audio.headphone,panasonic,5.89,7,0,0.0,0.0
3100117,appliances.kitchen.blender,panasonic,48.11,7,0,0.0,0.0
28718918,apparel.shoes.keds,nexpero,84.69,7,1,102.71,14.29
2500513,appliances.kitchen.oven,bosch,334.6,7,0,0.0,0.0
1005081,electronics.smartphone,honor,128.68,7,0,0.0,0.0
5000065,appliances.sewing_machine,janome,210.55,7,0,0.0,0.0
3700958,appliances.environment.vacuum,philips,203.33,7,0,0.0,0.0
3100909,appliances.kitchen.blender,vitek,33.44,7,0,0.0,0.0
4802265,electronics.audio.headphone,xiaomi,35.26,7,1,35.26,14.29
1003308,electronics.smartphone,apple,1158.07,7,0,0.0,0.0
1801084,electronics.video.tv,jvc,154.42,7,0,0.0,0.0
28718143,apparel.shoes,fassen,51.22,7,0,0.0,0.0
28718085,apparel.shoes.keds,respect,39.38,7,0,0.0,0.0
2700701,appliances.kitchen.refrigerators,atlant,247.62,7,0,0.0,0.0
4000194,construction.tools.generator,scarlett,72.05,7,0,0.0,0.0
28719263,apparel.shoes,rieker,119.69,7,0,0.0,0.0
1306569,computers.notebook,acer,1055.11,7,0,0.0,0.0
1801832,electronics.video.tv,shivaki,120.38,7,0,0.0,0.0
14700101,furniture.living_room.cabinet,sv,360.34,7,0,0.0,0.0
12400087,construction.tools.drill,bosch,115.56,7,0,0.0,0.0
11300010,electronics.telephone,panasonic,40.39,7,1,40.39,14.29
2100029,electronics.video.tv,sony,746.22,6,0,0.0,0.0
3700782,appliances.environment.vacuum,polaris,56.11,6,0,0.0,0.0
4200542,appliances.environment.air_conditioner,elenberg,191.77,6,0,0.0,0.0
1201343,electronics.tablet,lenovo,192.75,6,0,0.0,0.0
12300078,construction.tools.drill,bosch,82.37,6,0,0.0,0.0
2300201,electronics.camera.video,sony,205.41,6,0,0.0,0.0
1306984,computers.notebook,lenovo,720.71,6,0,0.0,0.0
6700993,computers.components.videocards,msi,346.98,6,0,0.0,0.0
1003992,electronics.smartphone,lg,216.2,6,0,0.0,0.0
1801971,electronics.video.tv,lg,592.01,6,0,0.0,0.0
6301456,appliances.kitchen.kettle,elenberg,46.31,6,0,0.0,0.0
4803807,electronics.audio.headphone,sony,426.01,6,0,0.0,0.0
6800992,computers.components.hdd,transcend,45.05,6,0,0.0,0.0
6901289,furniture.living_room.chair,bambola,53.88,6,0,0.0,0.0
1004175,electronics.smartphone,tp-link,92.05,6,0,0.0,0.0
1005190,electronics.smartphone,vivo,205.9,6,0,0.0,0.0
5701107,auto.accessories.player,pioneer,141.57,6,0,0.0,0.0
2702556,appliances.kitchen.refrigerators,midea,834.0,6,0,0.0,0.0
1307184,computers.notebook,lenovo,805.14,6,0,0.0,0.0
1306947,computers.notebook,acer,308.86,6,0,0.0,0.0
3700898,appliances.environment.vacuum,samsung,118.15,6,0,0.0,0.0
1304438,computers.notebook,lenovo,1315.09,6,0,0.0,0.0
55000005,apparel.costume,nike,218.77,6,0,0.0,0.0
3700462,appliances.environment.vacuum,scarlett,59.18,6,0,0.0,0.0
28717169,apparel.shoes,respect,120.72,6,0,0.0,0.0
1005050,electronics.smartphone,oneplus,720.48,6,0,0.0,0.0
2701707,appliances.kitchen.refrigerators,samsung,711.47,6,0,0.0,0.0
2800655,appliances.kitchen.refrigerators,arg,295.73,6,0,0.0,0.0
5800728,electronics.audio.subwoofer,kicx,20.08,6,0,0.0,0.0
17900034,construction.tools.generator,huter,250.95,6,1,250.95,16.67
6200736,appliances.environment.air_heater,oasis,35.98,6,0,0.0,0.0
1004759,electronics.smartphone,doogee,94.96,6,0,0.0,0.0
1801911,electronics.video.tv,samsung,1001.0,6,0,0.0,0.0
1801990,electronics.video.tv,lg,656.13,6,0,0.0,0.0
1480447,computers.desktop,pulser,187.88,6,0,0.0,0.0
1004736,electronics.smartphone,sony,411.83,6,0,0.0,0.0
4000112,construction.tools.generator,philips,411.83,6,0,0.0,0.0
4000137,construction.tools.generator,philips,123.53,6,0,0.0,0.0
5000184,appliances.sewing_machine,janome,102.65,6,0,0.0,0.0
1005038,electronics.smartphone,google,579.17,6,0,0.0,0.0
1004980,electronics.smartphone,samsung,1029.34,6,0,0.0,0.0
3701239,appliances.environment.vacuum,arnica,97.13,6,0,0.0,0.0
1005033,electronics.smartphone,xiaomi,450.2,6,0,0.0,0.0
19100002,construction.tools.saw,bosch,107.98,6,0,0.0,0.0
3200523,appliances.kitchen.meat_grinder,elenberg,72.05,6,0,0.0,0.0
28718612,apparel.shoes,respect,79.02,6,0,0.0,0.0
6000215,auto.accessories.alarm,pandora,133.85,6,0,0.0,0.0
1003746,electronics.smartphone,sony,283.12,6,0,0.0,0.0
8800543,electronics.telephone,texet,6.46,6,0,0.0,0.0
1306660,computers.notebook,hp,347.19,6,0,0.0,0.0
5700401,auto.accessories.player,nakamichi,48.91,6,0,0.0,0.0
1600554,computers.peripherals.printer,hp,118.82,6,0,0.0,0.0
30000186,construction.tools.welding,denzel,86.68,6,0,0.0,0.0
5100850,electronics.clocks,huawei,192.77,6,0,0.0,0.0
5100694,electronics.clocks,mykronoz,58.95,6,0,0.0,0.0
2500223,appliances.kitchen.oven,hansa,232.12,6,0,0.0,0.0
4600559,appliances.kitchen.dishwasher,beko,331.66,6,0,0.0,0.0
1004784,electronics.smartphone,meizu,179.93,6,0,0.0,0.0
2701977,appliances.kitchen.refrigerators,samsung,771.96,6,0,0.0,0.0
3701000,appliances.environment.vacuum,samsung,592.01,6,0,0.0,0.0
3701447,appliances.environment.vacuum,xiaomi,82.09,6,0,0.0,0.0
2701995,appliances.kitchen.refrigerators,samsung,617.62,6,0,0.0,0.0
1004042,electronics.smartphone,xiaomi,141.32,6,0,0.0,0.0
1802045,electronics.video.tv,lg,1942.88,6,0,0.0,0.0
2501534,appliances.kitchen.oven,gefest,304.25,6,0,0.0,0.0
4803614,electronics.audio.headphone,marshall,174.26,6,0,0.0,0.0
8800045,electronics.telephone,nokia,20.75,6,0,0.0,0.0
34900025,appliances.kitchen.grill,obi,337.6,6,0,0.0,0.0
6200524,appliances.environment.air_heater,tefal,79.79,6,0,0.0,0.0
11700213,electronics.audio.acoustic,yamaha,193.52,6,0,0.0,0.0
1307385,computers.notebook,dell,334.6,6,0,0.0,0.0
2800511,appliances.kitchen.refrigerators,hansa,257.38,6,0,0.0,0.0
6000065,auto.accessories.alarm,pandora,120.98,6,0,0.0,0.0
2800504,appliances.kitchen.refrigerators,pozis,309.14,6,0,0.0,0.0
1307315,computers.notebook,hp,491.39,6,0,0.0,0.0
3701078,appliances.environment.vacuum,philips,270.25,6,0,0.0,0.0
1005063,electronics.smartphone,nubia,159.57,6,0,0.0,0.0
30000068,construction.tools.welding,eurolux,55.83,6,0,0.0,0.0
28719181,apparel.shoes,rieker,97.3,6,0,0.0,0.0
1801620,electronics.video.tv,sony,694.72,6,0,0.0,0.0
1480530,computers.desktop,pulser,1073.36,6,0,0.0,0.0
1005114,electronics.smartphone,apple,1181.5,6,0,0.0,0.0
17000107,computers.desktop,sv,195.35,6,0,0.0,0.0
5100334,electronics.clocks,wonlex,19.82,6,0,0.0,0.0
1306314,computers.notebook,apple,1595.87,6,0,0.0,0.0
28714590,apparel.shoes.keds,adidas,68.99,6,0,0.0,0.0
3701268,appliances.environment.vacuum,artel,67.31,6,0,0.0,0.0
4700455,auto.accessories.videoregister,intego,48.65,6,0,0.0,0.0
39900028,apparel.trousers,nike,73.34,6,0,0.0,0.0
5100776,electronics.clocks,garmin,707.1,6,0,0.0,0.0
12300928,construction.tools.drill,dewalt,102.94,6,0,0.0,0.0
5701099,auto.accessories.player,kenwood,120.98,6,1,120.98,16.67
8800685,electronics.telephone,texet,14.7,6,0,0.0,0.0
2500793,appliances.kitchen.oven,samsung,347.47,6,0,0.0,0.0
11600058,computers.desktop,microlab,40.28,6,0,0.0,0.0
8800518,electronics.telephone,texet,25.96,6,0,0.0,0.0
16700845,furniture.kitchen.chair,zeta,16.19,6,0,0.0,0.0
1801773,electronics.video.tv,changhong,282.89,6,0,0.0,0.0
1003096,electronics.smartphone,meizu,308.33,6,0,0.0,0.0
3200535,appliances.kitchen.meat_grinder,scarlett,61.52,6,0,0.0,0.0
17800698,computers.desktop,zeta,121.21,6,0,0.0,0.0
3601551,appliances.kitchen.washer,midea,257.38,6,0,0.0,0.0
4000134,construction.tools.generator,philips,61.75,6,0,0.0,0.0
3601355,appliances.kitchen.washer,lg,457.75,6,1,457.75,16.67
6301541,appliances.kitchen.kettle,galaxy,28.06,6,0,0.0,0.0
2800467,appliances.kitchen.refrigerators,haier,463.31,6,0,0.0,0.0
4800730,electronics.audio.headphone,sony,6.15,6,0,0.0,0.0
5100716,electronics.clocks,aimoto,66.67,6,0,0.0,0.0
3700752,appliances.environment.vacuum,samsung,115.81,6,0,0.0,0.0
3701397,appliances.environment.vacuum,dyson,833.97,6,0,0.0,0.0
1401129,computers.desktop,remix,75.97,6,0,0.0,0.0
18500019,electronics.tablet,wacom,108.63,6,0,0.0,0.0
28716967,apparel.shoes,respect,118.15,6,0,0.0,0.0
13200944,furniture.bedroom.bed,sv,282.89,6,0,0.0,0.0
1480149,computers.desktop,neo,746.22,6,0,0.0,0.0
28716670,apparel.shoes,respect,84.69,6,0,0.0,0.0
12600045,appliances.kitchen.grill,bosch,169.86,6,0,0.0,0.0
4900015,appliances.kitchen.juicer,braun,167.29,6,0,0.0,0.0
3000106,appliances.kitchen.steam_cooker,tefal,58.33,6,0,0.0,0.0
21404513,electronics.clocks,casio,16.73,6,0,0.0,0.0
1306413,computers.notebook,acer,759.32,6,0,0.0,0.0
3901012,appliances.environment.water_heater,teploross,101.14,6,0,0.0,0.0
5801376,electronics.audio.subwoofer,alphard,102.96,6,0,0.0,0.0
4803427,electronics.audio.headphone,jbl,76.96,6,0,0.0,0.0
4804551,electronics.audio.headphone,apple,247.08,6,0,0.0,0.0
21410256,electronics.clocks,casio,135.91,6,0,0.0,0.0
3601447,appliances.kitchen.washer,candy,437.01,6,0,0.0,0.0
6300739,appliances.kitchen.kettle,vitek,20.34,6,0,0.0,0.0
1306891,computers.notebook,hp,342.09,6,0,0.0,0.0
21403791,electronics.clocks,casio,15.96,6,0,0.0,0.0
6600729,computers.components.memory,hyperx,49.16,6,0,0.0,0.0
42300033,furniture.living_room.cabinet,brw,111.2,6,0,0.0,0.0
6500891,computers.components.motherboard,gigabyte,83.4,6,0,0.0,0.0
28716605,apparel.shoes,baden,118.15,6,0,0.0,0.0
2900192,appliances.kitchen.microwave,gorenje,121.59,6,0,0.0,0.0
21408015,electronics.clocks,casio,40.16,6,0,0.0,0.0
12600067,appliances.kitchen.grill,redmond,236.79,6,0,0.0,0.0
2500827,appliances.kitchen.oven,samsung,437.31,6,0,0.0,0.0
5100467,electronics.clocks,elari,39.77,6,1,39.77,16.67
3801144,appliances.iron,tefal,154.42,6,0,0.0,0.0
8800891,electronics.telephone,bq,17.35,6,0,0.0,0.0
3701003,appliances.environment.vacuum,karcher,320.6,6,0,0.0,0.0
4803653,electronics.audio.headphone,harper,38.33,6,1,38.33,16.67
6200689,appliances.environment.air_heater,oasis,37.81,6,0,0.0,0.0
3200090,appliances.kitchen.meat_grinder,kenwood,175.01,6,0,0.0,0.0
2800587,appliances.kitchen.refrigerators,indesit,299.89,6,0,0.0,0.0
3200439,appliances.kitchen.meat_grinder,vitek,69.47,6,0,0.0,0.0
12300915,construction.tools.drill,total,30.86,6,0,0.0,0.0
4600355,appliances.kitchen.dishwasher,gorenje,502.69,6,0,0.0,0.0
1005245,electronics.smartphone,apple,746.2,6,0,0.0,0.0
2701782,appliances.kitchen.refrigerators,haier,463.31,6,1,463.31,16.67
3000095,appliances.kitchen.steam_cooker,polaris,71.02,6,0,0.0,0.0
1307061,computers.notebook,asus,879.96,6,0,0.0,0.0
28719175,apparel.shoes,salamander,127.42,6,0,0.0,0.0
6301335,appliances.kitchen.kettle,xiaomi,30.12,6,0,0.0,0.0
4802400,electronics.audio.headphone,samsung,45.7,6,0,0.0,0.0
28300595,accessories.wallet,karya,46.33,6,0,0.0,0.0
4700509,auto.accessories.videoregister,axper,197.95,6,0,0.0,0.0
2800597,appliances.kitchen.refrigerators,leadbros,190.48,6,0,0.0,0.0
13201035,furniture.bedroom.bed,sv,514.56,6,0,0.0,0.0
1801852,electronics.video.tv,tcl,385.05,6,0,0.0,0.0
10900227,appliances.kitchen.mixer,smeg,527.54,6,0,0.0,0.0
8800923,electronics.telephone,bq,25.71,6,0,0.0,0.0
12300510,construction.tools.drill,dewalt,143.89,6,0,0.0,0.0
1004375,electronics.smartphone,oppo,254.58,6,0,0.0,0.0
3700167,appliances.environment.vacuum,thomas,347.24,6,0,0.0,0.0
6200375,appliances.environment.air_heater,timberk,51.46,6,0,0.0,0.0
7006182,kids.carriage,hp,102.94,6,0,0.0,0.0
1480372,computers.desktop,lenovo,1794.0,6,0,0.0,0.0
5800116,electronics.audio.subwoofer,hertz,82.7,6,0,0.0,0.0
4000128,construction.tools.generator,philips,84.92,6,0,0.0,0.0
19300007,appliances.ironing_board,perilla,43.73,6,0,0.0,0.0
8800342,electronics.telephone,texet,26.64,6,0,0.0,0.0
5701038,auto.accessories.player,kenwood,128.7,6,0,0.0,0.0
4000104,construction.tools.generator,polaris,38.59,6,0,0.0,0.0
28706430,apparel.shoes,respect,47.36,6,0,0.0,0.0
8800805,electronics.telephone,bq,29.58,6,0,0.0,0.0
1500082,computers.peripherals.printer,epson,671.5,6,1,671.49,16.67
6400242,computers.components.cpu,amd,91.89,6,0,0.0,0.0
1801906,electronics.video.tv,tcl,270.02,6,1,270.25,16.67
1004999,electronics.smartphone,doogee,108.94,6,0,0.0,0.0
5100257,electronics.clocks,wonlex,28.31,6,0,0.0,0.0
1307255,computers.notebook,lenovo,514.79,6,0,0.0,0.0
1201446,electronics.tablet,apple,617.26,6,0,0.0,0.0
28718362,apparel.shoes,respect,76.96,6,0,0.0,0.0
6800526,computers.components.hdd,seagate,45.04,6,0,0.0,0.0
1201365,electronics.tablet,samsung,382.9,6,0,0.0,0.0
3600456,appliances.kitchen.washer,atlant,224.95,6,0,0.0,0.0
1801350,electronics.video.tv,toshiba,411.59,6,0,0.0,0.0
17800272,computers.desktop,zeta,93.66,6,0,0.0,0.0
4804539,electronics.audio.headphone,ritmix,0.88,6,0,0.0,0.0
2502179,appliances.kitchen.oven,asel,86.49,6,0,0.0,0.0
5100403,electronics.clocks,garmin,180.16,6,0,0.0,0.0
2401882,appliances.kitchen.hood,artel,61.24,6,0,0.0,0.0
1801847,electronics.video.tv,tcl,354.94,6,0,0.0,0.0
3601365,appliances.kitchen.washer,artel,93.7,6,0,0.0,0.0
1004157,electronics.smartphone,samsung,746.48,6,0,0.0,0.0
6100017,auto.accessories.radar,neoline,110.4,6,0,0.0,0.0
4700590,auto.accessories.videoregister,sho-me,141.73,6,0,0.0,0.0
5100594,electronics.clocks,apple,1181.5,6,0,0.0,0.0
2800351,appliances.kitchen.refrigerators,almacom,180.18,6,1,180.18,16.67
5100269,electronics.clocks,wonlex,19.82,6,0,0.0,0.0
3701399,appliances.environment.vacuum,kitfort,38.35,6,0,0.0,0.0
7005190,kids.carriage,belecoo,183.03,6,0,0.0,0.0
14100285,electronics.audio.acoustic,yamaha,156.34,6,0,0.0,0.0
1005097,electronics.smartphone,tp-link,135.14,6,0,0.0,0.0
21405870,electronics.clocks,fossil,191.51,6,0,0.0,0.0
6701116,computers.components.videocards,pny,385.85,6,0,0.0,0.0
1307012,computers.notebook,apple,2342.15,6,0,0.0,0.0
3700852,appliances.environment.vacuum,lg,106.77,6,1,106.77,16.67
28400759,accessories.bag,baden,32.18,6,0,0.0,0.0
2701424,appliances.kitchen.refrigerators,midea,346.16,6,0,0.0,0.0
1801589,electronics.video.tv,sony,462.79,6,0,0.0,0.0
1004912,electronics.smartphone,sony,1029.34,6,0,0.0,0.0
4802894,electronics.audio.headphone,meizu,84.94,6,0,0.0,0.0
28716984,apparel.shoes.keds,respect,71.82,6,0,0.0,0.0
1802021,electronics.video.tv,artel,475.95,6,0,0.0,0.0
28715975,apparel.shoes.keds,adidas,111.84,6,0,0.0,0.0
3700991,appliances.environment.vacuum,tefal,120.96,6,0,0.0,0.0
12201456,sport.bicycle,dk,257.15,6,0,0.0,0.0
49800011,accessories.bag,ritmix,7.06,6,0,0.0,0.0
1003870,electronics.smartphone,xiaomi,330.75,6,0,0.0,0.0
28718695,apparel.shoes,respect,128.45,6,0,0.0,0.0
12100514,kids.skates,maomaoku,352.39,6,0,0.0,0.0
18300666,accessories.bag,xiaomi,38.59,6,0,0.0,0.0
10900113,appliances.kitchen.mixer,philips,69.47,6,1,69.47,16.67
1004440,electronics.smartphone,meizu,370.17,6,1,370.15,16.67
1307193,computers.notebook,acer,821.1,6,0,0.0,0.0
2700239,appliances.kitchen.refrigerators,atlant,283.12,6,0,0.0,0.0
4803795,electronics.audio.headphone,plantronics,25.69,6,0,0.0,0.0
1003802,electronics.smartphone,apple,1000.03,6,0,0.0,0.0
28706566,apparel.shoes,burgerschuhe,44.79,6,0,0.0,0.0
3700006,appliances.environment.vacuum,thomas,411.83,6,0,0.0,0.0
1003338,electronics.smartphone,xiaomi,171.96,6,0,0.0,0.0
4900018,appliances.kitchen.juicer,philips,109.5,6,0,0.0,0.0
19100330,construction.tools.saw,alteco,233.47,6,0,0.0,0.0
5701244,auto.accessories.player,pioneer,154.44,6,0,0.0,0.0
5100367,electronics.clocks,wonlex,39.61,6,0,0.0,0.0
25800003,medicine.tools.tonometer,omron,33.44,6,0,0.0,0.0
6000199,auto.accessories.alarm,pandora,759.35,6,0,0.0,0.0
2402064,appliances.kitchen.hood,midea,162.14,6,0,0.0,0.0
4400392,appliances.kitchen.coffee_machine,smeg,2403.41,6,0,0.0,0.0
3601240,appliances.kitchen.washer,candy,386.08,6,0,0.0,0.0
9002789,kids.toys,bestoy,72.07,6,0,0.0,0.0
14700020,furniture.living_room.cabinet,brw,282.89,6,0,0.0,0.0
3900968,appliances.environment.water_heater,ariston,87.49,6,0,0.0,0.0
3200275,appliances.kitchen.meat_grinder,saturn,56.37,6,0,0.0,0.0
1307239,computers.notebook,hp,460.5,6,0,0.0,0.0
1500430,computers.peripherals.printer,canon,179.44,6,0,0.0,0.0
8700365,appliances.personal.hair_cutter,scarlett,7.85,6,0,0.0,0.0
1002549,electronics.smartphone,apple,563.18,6,0,0.0,0.0
46800027,appliances.kitchen.refrigerators,alpicool,668.88,6,0,0.0,0.0
4600541,appliances.kitchen.dishwasher,beko,303.45,6,0,0.0,0.0
3701495,appliances.environment.vacuum,dauscher,38.59,6,0,0.0,0.0
3700790,appliances.environment.vacuum,bosch,217.71,6,0,0.0,0.0
14701456,furniture.living_room.cabinet,brw,630.9,6,0,0.0,0.0
6300361,appliances.kitchen.kettle,elenberg,16.71,6,0,0.0,0.0
6301985,appliances.kitchen.kettle,dauscher,36.01,6,0,0.0,0.0
5801693,electronics.audio.subwoofer,pride,234.24,6,0,0.0,0.0
5701084,auto.accessories.player,kenwood,140.54,6,0,0.0,0.0
1004734,electronics.smartphone,sony,385.6,6,0,0.0,0.0
39900044,apparel.trousers,nike,61.75,6,0,0.0,0.0
1306184,computers.notebook,acer,530.0,6,0,0.0,0.0
5701060,auto.accessories.player,pioneer,56.63,6,1,56.63,16.67
1004729,electronics.smartphone,sony,179.9,6,0,0.0,0.0
5100762,electronics.clocks,canyon,30.63,6,0,0.0,0.0
2800605,appliances.kitchen.refrigerators,indesit,283.12,6,0,0.0,0.0
3900080,appliances.environment.water_heater,thermex,56.6,6,0,0.0,0.0
49800025,accessories.bag,ritmix,8.71,6,0,0.0,0.0
5000318,appliances.sewing_machine,janome,136.17,6,0,0.0,0.0
5800741,electronics.audio.subwoofer,jbl,167.31,6,0,0.0,0.0
28716665,apparel.shoes,respect,89.84,6,0,0.0,0.0
12201949,sport.bicycle,phoenix,89.07,6,0,0.0,0.0
1004911,electronics.smartphone,sony,1029.6,6,0,0.0,0.0
3601357,appliances.kitchen.washer,renova,76.12,6,0,0.0,0.0
3200573,appliances.kitchen.meat_grinder,dauscher,25.71,6,2,51.42,33.33
2702332,appliances.kitchen.refrigerators,lg,514.63,6,0,0.0,0.0
1306987,computers.notebook,asus,845.5,6,0,0.0,0.0
6700615,computers.components.videocards,msi,1289.58,6,0,0.0,0.0
6701118,computers.components.videocards,powercolor,179.93,6,0,0.0,0.0
1802002,electronics.video.tv,ergo,360.09,6,0,0.0,0.0
28719034,apparel.shoes,baden,62.81,6,1,51.22,16.67
2701650,appliances.kitchen.refrigerators,indesit,282.58,6,0,0.0,0.0
17900229,construction.tools.generator,magnetta,203.75,6,0,0.0,0.0
1801697,electronics.video.tv,hisense,849.42,6,0,0.0,0.0
5701089,auto.accessories.player,jvc,296.02,6,0,0.0,0.0
3100548,appliances.kitchen.blender,vitek,22.88,6,0,0.0,0.0
4803121,electronics.audio.headphone,jbl,27.77,6,1,27.77,16.67
4400260,appliances.kitchen.coffee_machine,bene,8.97,6,0,0.0,0.0
2402567,appliances.kitchen.hood,hansa,102.65,6,0,0.0,0.0
2800020,appliances.kitchen.refrigerators,midea,244.54,6,0,0.0,0.0
2501352,appliances.kitchen.oven,beko,247.6,6,0,0.0,0.0
1004014,electronics.smartphone,nokia,138.97,6,0,0.0,0.0
30000171,construction.tools.welding,magnetta,102.71,6,0,0.0,0.0
42300039,furniture.living_room.cabinet,brw,196.14,6,0,0.0,0.0
28718771,apparel.shoes.keds,rooman,66.67,6,0,0.0,0.0
1306546,computers.notebook,dell,1544.18,6,0,0.0,0.0
5800381,electronics.audio.subwoofer,alphard,51.48,6,0,0.0,0.0
8801091,electronics.telephone,nokia,23.14,6,0,0.0,0.0
12600060,appliances.kitchen.grill,scarlett,53.0,6,0,0.0,0.0
6301803,appliances.kitchen.kettle,scarlett,23.14,6,1,23.14,16.67
4803449,electronics.audio.headphone,sony,7.7,6,0,0.0,0.0
28715759,apparel.shoes.keds,nexpero,107.85,6,0,0.0,0.0
3701153,appliances.environment.vacuum,arnica,192.8,6,0,0.0,0.0
1004156,electronics.smartphone,xiaomi,149.3,6,0,0.0,0.0
17000002,computers.desktop,sv,110.66,6,0,0.0,0.0
2800661,appliances.kitchen.refrigerators,dauscher,207.7,6,0,0.0,0.0
3200353,appliances.kitchen.meat_grinder,vitek,66.85,6,1,66.85,16.67
28719645,apparel.shoes,salamander,76.96,6,0,0.0,0.0
6500862,computers.components.motherboard,asrock,51.29,6,0,0.0,0.0
1004341,electronics.smartphone,meizu,200.23,6,0,0.0,0.0
5800729,electronics.audio.subwoofer,kicx,29.34,6,0,0.0,0.0
1004033,electronics.smartphone,meizu,203.35,6,0,0.0,0.0
1801658,electronics.video.tv,sony,2574.04,6,0,0.0,0.0
8801051,electronics.telephone,philips,48.88,6,0,0.0,0.0
5100361,electronics.clocks,wonlex,24.2,6,0,0.0,0.0
5100828,electronics.clocks,aimoto,54.06,6,0,0.0,0.0
10900341,appliances.kitchen.mixer,dauscher,10.81,6,0,0.0,0.0
1002987,electronics.smartphone,xiaomi,202.99,6,0,0.0,0.0
30500001,country_yard.cultivator,huter,308.89,6,0,0.0,0.0
3801238,appliances.iron,elenberg,12.84,6,0,0.0,0.0
1701386,computers.peripherals.monitor,hp,282.89,6,0,0.0,0.0
16700844,furniture.kitchen.chair,zeta,16.19,6,0,0.0,0.0
28704169,apparel.shoes.keds,nike,73.52,6,0,0.0,0.0
40900001,construction.tools.painting,bosch,116.48,6,0,0.0,0.0
3601605,appliances.kitchen.washer,lg,372.32,6,0,0.0,0.0
16700606,furniture.kitchen.chair,zeta,17.22,6,0,0.0,0.0
3701121,appliances.environment.vacuum,bosch,170.12,6,0,0.0,0.0
7004490,kids.carriage,babytime,60.49,6,0,0.0,0.0
6000124,auto.accessories.alarm,starline,138.23,6,0,0.0,0.0
3601514,appliances.kitchen.washer,samsung,476.18,6,0,0.0,0.0
8800447,electronics.telephone,nokia,46.57,6,0,0.0,0.0
7006453,kids.carriage,belecoo,172.46,6,0,0.0,0.0
3100662,appliances.kitchen.blender,redmond,61.52,6,0,0.0,0.0
3701359,appliances.environment.vacuum,bosch,181.34,6,0,0.0,0.0
1004432,electronics.smartphone,samsung,169.86,6,0,0.0,0.0
1801896,electronics.video.tv,samsung,926.41,6,0,0.0,0.0
1801561,electronics.video.tv,lg,553.17,6,0,0.0,0.0
1003347,electronics.smartphone,xiaomi,119.69,6,0,0.0,0.0
4400226,appliances.kitchen.coffee_machine,delonghi,175.01,6,0,0.0,0.0
2700257,appliances.kitchen.refrigerators,atlant,329.22,6,0,0.0,0.0
3701155,appliances.environment.vacuum,tefal,200.75,6,0,0.0,0.0
3601525,appliances.kitchen.washer,samsung,527.66,6,0,0.0,0.0
11300002,electronics.telephone,panasonic,102.68,6,0,0.0,0.0
1005080,electronics.smartphone,honor,128.68,6,0,0.0,0.0
1801769,electronics.video.tv,shivaki,239.72,6,0,0.0,0.0
2800596,appliances.kitchen.refrigerators,xing,166.36,6,0,0.0,0.0
6000268,auto.accessories.alarm,pandora,275.43,6,0,0.0,0.0
1201373,electronics.tablet,huawei,231.35,6,0,0.0,0.0
2900632,appliances.kitchen.microwave,samsung,128.42,6,0,0.0,0.0
3801081,appliances.iron,scarlett,16.71,6,0,0.0,0.0
3200429,appliances.kitchen.meat_grinder,vitek,58.41,6,0,0.0,0.0
28716483,apparel.shoes,respect,89.84,6,0,0.0,0.0
2702527,appliances.kitchen.refrigerators,dauscher,159.57,6,0,0.0,0.0
1307436,computers.notebook,asus,437.33,6,0,0.0,0.0
1307342,computers.notebook,acer,900.9,6,1,823.68,16.67
16800580,furniture.kitchen.table,mebelson,146.7,6,0,0.0,0.0
1801305,electronics.video.tv,haier,193.03,6,0,0.0,0.0
3900971,appliances.environment.water_heater,ariston,133.38,6,0,0.0,0.0
1701452,computers.peripherals.monitor,lg,94.93,6,0,0.0,0.0
6301823,appliances.kitchen.kettle,redmond,61.24,6,0,0.0,0.0
1003752,electronics.smartphone,sony,257.38,6,0,0.0,0.0
3701323,appliances.environment.vacuum,bosch,142.06,6,0,0.0,0.0
2800395,appliances.kitchen.refrigerators,atlant,282.89,6,0,0.0,0.0
21407130,electronics.clocks,tissot,1822.44,6,0,0.0,0.0
28716214,apparel.shoes.keds,respect,66.67,6,0,0.0,0.0
1306839,computers.notebook,asus,545.68,6,0,0.0,0.0
13500041,furniture.bedroom.bed,brw,80.31,6,0,0.0,0.0
5200133,computers.ebooks,ritmix,95.57,6,0,0.0,0.0
8800859,electronics.telephone,bq,32.15,6,0,0.0,0.0
2501666,appliances.kitchen.oven,oursson,105.51,6,0,0.0,0.0
2800602,appliances.kitchen.refrigerators,dauscher,205.9,6,0,0.0,0.0
6200035,appliances.environment.air_heater,elenberg,56.6,5,0,0.0,0.0
3000064,appliances.kitchen.steam_cooker,braun,72.05,5,0,0.0,0.0
12201675,sport.bicycle,giant,504.26,5,0,0.0,0.0
3701022,appliances.environment.vacuum,thomas,489.05,5,0,0.0,0.0
12600016,appliances.kitchen.grill,clatronic,22.11,5,0,0.0,0.0
2702349,appliances.kitchen.refrigerators,lg,612.4,5,0,0.0,0.0
1004769,electronics.smartphone,lg,514.56,5,0,0.0,0.0
5200146,computers.ebooks,pocketbook,245.73,5,0,0.0,0.0
2701732,appliances.kitchen.refrigerators,lg,1248.34,5,0,0.0,0.0
2300262,electronics.camera.video,xiaomi,133.73,5,0,0.0,0.0
4802720,electronics.audio.headphone,xiaomi,17.34,5,0,0.0,0.0
1307329,computers.notebook,hp,1145.2,5,0,0.0,0.0
3600895,appliances.kitchen.washer,indesit,254.76,5,0,0.0,0.0
12201759,sport.bicycle,axis,90.09,5,0,0.0,0.0
6900446,furniture.living_room.chair,zlatek,37.3,5,0,0.0,0.0
19300021,appliances.ironing_board,perilla,51.45,5,0,0.0,0.0
6302040,appliances.kitchen.kettle,dauscher,38.59,5,0,0.0,0.0
3700737,appliances.environment.vacuum,philips,205.9,5,0,0.0,0.0
2702481,appliances.kitchen.refrigerators,midea,141.57,5,0,0.0,0.0
3700854,appliances.environment.vacuum,bosch,82.36,5,0,0.0,0.0
1004917,electronics.smartphone,apple,952.15,5,0,0.0,0.0
3100956,appliances.kitchen.blender,dauscher,30.86,5,0,0.0,0.0
19200156,construction.tools.saw,huter,90.58,5,0,0.0,0.0
1003339,electronics.smartphone,xiaomi,200.78,5,0,0.0,0.0
1002995,electronics.smartphone,apple,456.79,5,0,0.0,0.0
4900346,appliances.kitchen.juicer,redmond,64.33,5,0,0.0,0.0
1002546,electronics.smartphone,apple,1012.64,5,0,0.0,0.0
5000804,appliances.sewing_machine,bernina,1747.79,5,0,0.0,0.0
2100016,electronics.video.tv,sony,411.59,5,0,0.0,0.0
28717688,apparel.shoes.keds,greyder,144.15,5,0,0.0,0.0
7005064,kids.carriage,babytime,56.62,5,0,0.0,0.0
11100002,appliances.personal.scales,polaris,15.39,5,0,0.0,0.0
19300009,appliances.ironing_board,perilla,38.58,5,0,0.0,0.0
1004846,electronics.smartphone,meizu,323.61,5,0,0.0,0.0
1801283,electronics.video.tv,lg,849.19,5,0,0.0,0.0
12200907,sport.bicycle,torrent,64.32,5,0,0.0,0.0
6200014,appliances.environment.air_heater,electrolux,64.33,5,0,0.0,0.0
3700749,appliances.environment.vacuum,samsung,118.38,5,0,0.0,0.0
3601005,appliances.kitchen.washer,bosher,110.66,5,0,0.0,0.0
6700486,computers.components.videocards,palit,200.52,5,0,0.0,0.0
17800120,computers.desktop,zeta,102.44,5,0,0.0,0.0
1201567,electronics.tablet,apple,437.57,5,0,0.0,0.0
4000204,construction.tools.generator,karcher,274.91,5,0,0.0,0.0
5701024,auto.accessories.player,kenwood,113.26,5,0,0.0,0.0
8800564,electronics.telephone,maxvi,33.55,5,0,0.0,0.0
1801559,electronics.video.tv,philips,321.73,5,0,0.0,0.0
28713435,apparel.shoes,baden,92.41,5,0,0.0,0.0
1802006,electronics.video.tv,lg,539.95,5,0,0.0,0.0
1701406,computers.peripherals.monitor,acer,290.1,5,0,0.0,0.0
1306534,computers.notebook,xiaomi,720.48,5,0,0.0,0.0
5801322,electronics.audio.subwoofer,pioneer,90.09,5,0,0.0,0.0
3200533,appliances.kitchen.meat_grinder,bosch,257.12,5,0,0.0,0.0
5100405,electronics.clocks,wonlex,38.35,5,0,0.0,0.0
28718905,apparel.shoes,salamander,66.67,5,0,0.0,0.0
4500592,appliances.kitchen.hob,beko,208.47,5,0,0.0,0.0
1004208,electronics.smartphone,inoi,64.26,5,0,0.0,0.0
6200345,appliances.environment.air_heater,klima,46.08,5,0,0.0,0.0
19200103,construction.tools.saw,stihl,236.81,5,0,0.0,0.0
5100700,electronics.clocks,mykronoz,58.95,5,0,0.0,0.0
6600559,computers.components.memory,geil,33.46,5,0,0.0,0.0
5800367,electronics.audio.subwoofer,kicx,61.26,5,0,0.0,0.0
5700414,auto.accessories.player,clarion,55.34,5,0,0.0,0.0
6100197,auto.accessories.radar,ritmix,38.35,5,0,0.0,0.0
4804550,electronics.audio.headphone,olto,5.12,5,0,0.0,0.0
4804605,electronics.audio.headphone,cnd,48.88,5,0,0.0,0.0
1307217,computers.notebook,hp,483.67,5,0,0.0,0.0
3601105,appliances.kitchen.washer,midea,234.76,5,0,0.0,0.0
1005197,electronics.smartphone,htc,102.94,5,0,0.0,0.0
6301343,appliances.kitchen.kettle,galaxy,41.16,5,0,0.0,0.0
6301113,appliances.kitchen.kettle,xiaomi,45.82,5,0,0.0,0.0
28714289,apparel.shoes.keds,nike,144.12,5,0,0.0,0.0
19100051,construction.tools.saw,crown,62.73,5,0,0.0,0.0
3900749,appliances.environment.water_heater,haier,102.68,5,0,0.0,0.0
21407206,electronics.clocks,tissot,715.59,5,0,0.0,0.0
17800271,computers.desktop,zeta,29.42,5,0,0.0,0.0
12600083,appliances.kitchen.grill,scarlett,116.84,5,0,0.0,0.0
5000476,appliances.sewing_machine,janome,110.63,5,0,0.0,0.0
1306147,computers.notebook,dell,1518.44,5,0,0.0,0.0
7004806,kids.carriage,coballe,71.88,5,0,0.0,0.0
17900201,construction.tools.generator,denzel,102.38,5,0,0.0,0.0
1201477,electronics.tablet,microsoft,669.0,5,0,0.0,0.0
12300942,construction.tools.drill,dewalt,606.42,5,0,0.0,0.0
1201367,electronics.tablet,huawei,166.87,5,0,0.0,0.0
3800798,appliances.iron,philips,69.47,5,0,0.0,0.0
1802075,electronics.video.tv,philips,463.31,5,0,0.0,0.0
22900082,furniture.bedroom.pillow,belashoff,25.74,5,0,0.0,0.0
1480327,computers.desktop,neo,705.04,5,0,0.0,0.0
5100644,electronics.clocks,garmin,138.97,5,0,0.0,0.0
1307139,computers.notebook,hp,1116.89,5,0,0.0,0.0
1801799,electronics.video.tv,elenberg,334.06,5,0,0.0,0.0
28401176,accessories.bag,karya,100.39,5,0,0.0,0.0
2800118,appliances.kitchen.refrigerators,leadbros,141.57,5,0,0.0,0.0
1480727,computers.desktop,pulser,1698.86,5,0,0.0,0.0
2800476,appliances.kitchen.refrigerators,dauscher,172.18,5,0,0.0,0.0
25900022,computers.components.cooler,ecocool,92.64,5,0,0.0,0.0
28719634,apparel.shoes.keds,fassen,44.79,5,0,0.0,0.0
5701125,auto.accessories.player,swat,141.57,5,0,0.0,0.0
6201110,appliances.environment.air_heater,ballu,69.82,5,0,0.0,0.0
1005265,electronics.smartphone,xiaomi,205.66,5,0,0.0,0.0
1306558,computers.notebook,acer,1801.82,5,0,0.0,0.0
5200132,computers.ebooks,pocketbook,161.91,5,0,0.0,0.0
1201517,electronics.tablet,microsoft,1104.28,5,0,0.0,0.0
9200640,computers.peripherals.keyboard,defender,19.84,5,0,0.0,0.0
4000192,construction.tools.generator,karcher,193.03,5,0,0.0,0.0
1004588,electronics.smartphone,inoi,77.13,5,1,76.79,20.0
1004977,electronics.smartphone,samsung,771.94,5,0,0.0,0.0
1500349,computers.peripherals.printer,hp,231.2,5,0,0.0,0.0
4802234,electronics.audio.headphone,jbl,46.31,5,0,0.0,0.0
5000107,appliances.sewing_machine,jaguar,70.68,5,0,0.0,0.0
28719036,apparel.shoes,baden,89.84,5,1,62.81,20.0
12300059,construction.tools.drill,bosch,66.89,5,0,0.0,0.0
12100564,kids.skates,ninebot,566.3,5,0,0.0,0.0
13200338,furniture.bedroom.bed,domini,141.57,5,0,0.0,0.0
1307275,computers.notebook,msi,2574.04,5,0,0.0,0.0
4803964,electronics.audio.headphone,defender,15.5,5,0,0.0,0.0
28300290,accessories.wallet,karya,33.46,5,0,0.0,0.0
4804109,electronics.audio.headphone,defender,15.24,5,0,0.0,0.0
3801054,appliances.iron,maxwell,15.19,5,0,0.0,0.0
3601535,appliances.kitchen.washer,samsung,385.9,5,0,0.0,0.0
3900694,appliances.environment.water_heater,ariston,89.84,5,0,0.0,0.0
30000069,construction.tools.welding,eurolux,71.56,5,0,0.0,0.0
8801040,electronics.telephone,nokia,36.01,5,0,0.0,0.0
2800428,appliances.kitchen.refrigerators,haier,231.38,5,0,0.0,0.0
2700610,appliances.kitchen.refrigerators,indesit,302.22,5,0,0.0,0.0
9101313,computers.peripherals.mouse,hyperx,40.74,5,0,0.0,0.0
2800641,appliances.kitchen.refrigerators,arg,231.38,5,0,0.0,0.0
17800523,computers.desktop,zeta,47.29,5,0,0.0,0.0
9200601,computers.peripherals.keyboard,x-game,9.24,5,0,0.0,0.0
11300020,electronics.telephone,panasonic,42.45,5,0,0.0,0.0
2701288,appliances.kitchen.refrigerators,samsung,849.42,5,0,0.0,0.0
1307294,computers.notebook,msi,967.73,5,0,0.0,0.0
7004004,kids.carriage,alis,128.68,5,0,0.0,0.0
1201214,electronics.tablet,lenovo,378.1,5,0,0.0,0.0
6400294,computers.components.cpu,intel,448.53,5,0,0.0,0.0
8800379,electronics.telephone,jinga,8.3,5,0,0.0,0.0
4502339,appliances.kitchen.hob,dauscher,81.73,5,0,0.0,0.0
3600997,appliances.kitchen.washer,indesit,282.89,5,0,0.0,0.0
43800006,furniture.kitchen.table,ersport,115.83,5,0,0.0,0.0
17000001,computers.desktop,sv,162.17,5,0,0.0,0.0
1201486,electronics.tablet,irbis,88.96,5,0,0.0,0.0
4803603,electronics.audio.headphone,marshall,65.97,5,0,0.0,0.0
2800660,appliances.kitchen.refrigerators,dauscher,156.22,5,0,0.0,0.0
4803940,electronics.audio.headphone,honor,146.72,5,0,0.0,0.0
17800733,computers.desktop,zeta,51.71,5,0,0.0,0.0
1801280,electronics.video.tv,sony,385.6,5,0,0.0,0.0
5100654,electronics.clocks,garmin,138.97,5,0,0.0,0.0
1004994,electronics.smartphone,oneplus,581.48,5,0,0.0,0.0
8901535,kids.toys,x-game,8.21,5,0,0.0,0.0
28704106,apparel.shoes.keds,nike,61.57,5,0,0.0,0.0
45300034,kids.swing,lorelli,73.35,5,0,0.0,0.0
2702608,appliances.kitchen.refrigerators,haier,1029.6,5,0,0.0,0.0
42700011,auto.accessories.winch,t-max,384.57,5,0,0.0,0.0
8700025,appliances.personal.hair_cutter,remington,38.26,5,0,0.0,0.0
7005773,kids.carriage,alis,128.68,5,0,0.0,0.0
3800775,appliances.iron,tefal,360.34,5,0,0.0,0.0
28300435,accessories.wallet,karya,46.33,5,0,0.0,0.0
28716499,apparel.shoes,respect,154.19,5,0,0.0,0.0
2701673,appliances.kitchen.refrigerators,indesit,331.67,5,0,0.0,0.0
3200009,appliances.kitchen.meat_grinder,kenwood,154.42,5,0,0.0,0.0
22400054,electronics.audio.microphone,trust,15.16,5,0,0.0,0.0
14300312,electronics.audio.music_tools.piano,m-audio,52.08,5,1,52.08,20.0
13200942,furniture.bedroom.bed,sv,308.63,5,0,0.0,0.0
1306691,computers.notebook,lenovo,373.06,5,0,0.0,0.0
1201296,electronics.tablet,apple,514.56,5,0,0.0,0.0
2702053,appliances.kitchen.refrigerators,lg,527.63,5,0,0.0,0.0
4502236,appliances.kitchen.hob,bosch,429.61,5,0,0.0,0.0
1500297,computers.peripherals.printer,hp,112.84,5,0,0.0,0.0
28719157,apparel.shoes,salamander,127.42,5,0,0.0,0.0
1004853,electronics.smartphone,meizu,231.41,5,0,0.0,0.0
3901044,appliances.environment.water_heater,aqua,51.22,5,0,0.0,0.0
1307486,computers.notebook,xiaomi,630.39,5,0,0.0,0.0
1307445,computers.notebook,acer,411.83,5,0,0.0,0.0
5800827,electronics.audio.subwoofer,mystery,172.46,5,0,0.0,0.0
18200008,electronics.audio.acoustic,lg,154.42,5,0,0.0,0.0
5701126,auto.accessories.player,pioneer,66.93,5,0,0.0,0.0
2401254,appliances.kitchen.hood,hansa,76.94,5,0,0.0,0.0
3700467,appliances.environment.vacuum,vitek,46.28,5,0,0.0,0.0
5200134,computers.ebooks,pocketbook,151.29,5,0,0.0,0.0
3100645,appliances.kitchen.blender,galaxy,25.71,5,0,0.0,0.0
28718926,apparel.shoes.keds,nexpero,113.0,5,0,0.0,0.0
5200131,computers.ebooks,pocketbook,128.45,5,0,0.0,0.0
3200013,appliances.kitchen.meat_grinder,panasonic,101.65,5,0,0.0,0.0
1307322,computers.notebook,hp,391.0,5,0,0.0,0.0
6900085,furniture.living_room.chair,nania,56.01,5,0,0.0,0.0
5100612,electronics.clocks,jet,32.18,5,0,0.0,0.0
6000218,auto.accessories.alarm,starline,242.48,5,0,0.0,0.0
28715779,apparel.shoes,nexpero,107.85,5,0,0.0,0.0
35108559,apparel.underwear,milavitsa,12.85,5,0,0.0,0.0
2900630,appliances.kitchen.microwave,samsung,133.59,5,0,0.0,0.0
5200128,computers.ebooks,pocketbook,254.57,5,0,0.0,0.0
1801632,electronics.video.tv,philips,244.51,5,0,0.0,0.0
28300432,accessories.wallet,karya,46.33,5,0,0.0,0.0
6501081,computers.components.motherboard,gigabyte,38.75,5,0,0.0,0.0
6100198,auto.accessories.radar,neoline,44.76,5,0,0.0,0.0
1701461,computers.peripherals.monitor,hp,329.22,5,0,0.0,0.0
28718074,apparel.shoes,respect,47.36,5,0,0.0,0.0
8700154,appliances.personal.hair_cutter,polaris,11.81,5,0,0.0,0.0
28712684,apparel.shoes,marcomen,100.65,5,0,0.0,0.0
3900487,appliances.environment.water_heater,ariston,243.69,5,0,0.0,0.0
2701399,appliances.kitchen.refrigerators,indesit,303.48,5,1,303.48,20.0
3600026,appliances.kitchen.washer,indesit,189.97,5,0,0.0,0.0
1307056,computers.notebook,apple,1430.92,5,0,0.0,0.0
3600433,appliances.kitchen.washer,indesit,194.9,5,0,0.0,0.0
23700007,furniture.bedroom.blanket,ikea,5.12,5,0,0.0,0.0
2401325,appliances.kitchen.hood,bosch,247.33,5,0,0.0,0.0
11700295,electronics.audio.acoustic,alesis,336.46,5,0,0.0,0.0
2501740,appliances.kitchen.oven,redmond,102.94,5,0,0.0,0.0
12400391,construction.tools.drill,alteco,52.51,5,0,0.0,0.0
21406333,electronics.clocks,casio,28.83,5,0,0.0,0.0
1004035,electronics.smartphone,nokia,128.27,5,0,0.0,0.0
28719391,apparel.shoes,rieker,99.36,5,0,0.0,0.0
1801425,electronics.video.tv,xiaomi,566.04,5,0,0.0,0.0
9002783,kids.toys,bestoy,72.07,5,2,144.14,40.0
28716006,apparel.shoes.keds,jordan,154.19,5,0,0.0,0.0
6200013,appliances.environment.air_heater,electrolux,90.07,5,0,0.0,0.0
11600448,computers.desktop,sven,45.38,5,0,0.0,0.0
3700960,appliances.environment.vacuum,karcher,128.45,5,0,0.0,0.0
3701357,appliances.environment.vacuum,dyson,401.53,5,1,401.53,20.0
1201151,electronics.tablet,samsung,514.63,5,0,0.0,0.0
17800521,computers.desktop,zeta,48.78,5,0,0.0,0.0
1500448,computers.peripherals.printer,hp,102.7,5,0,0.0,0.0
28704330,apparel.shoes.keds,nike,200.78,5,0,0.0,0.0
4804294,electronics.audio.headphone,meizu,71.82,5,0,0.0,0.0
1004155,electronics.smartphone,meizu,99.46,5,0,0.0,0.0
11000112,appliances.kitchen.toster,bosch,56.6,5,0,0.0,0.0
1004997,electronics.smartphone,doogee,112.38,5,0,0.0,0.0
30900009,computers.components.cooler,deepcool,14.38,5,0,0.0,0.0
21406387,electronics.clocks,casio,175.55,5,0,0.0,0.0
21405899,electronics.clocks,boccia,1728.62,5,0,0.0,0.0
5801278,electronics.audio.subwoofer,hp,174.91,5,0,0.0,0.0
30900027,computers.components.cooler,deepcool,23.48,5,0,0.0,0.0
1003416,electronics.smartphone,meizu,409.1,5,0,0.0,0.0
2702086,appliances.kitchen.refrigerators,dauscher,218.77,5,0,0.0,0.0
6400333,computers.components.cpu,intel,98.72,5,0,0.0,0.0
1801019,electronics.video.tv,yasin,102.71,5,0,0.0,0.0
21408026,electronics.clocks,casio,73.1,5,0,0.0,0.0
1003734,electronics.smartphone,lg,204.64,5,0,0.0,0.0
3600836,appliances.kitchen.washer,samsung,630.62,5,0,0.0,0.0
8800888,electronics.telephone,fly,22.32,5,0,0.0,0.0
3701035,appliances.environment.vacuum,samsung,218.77,5,0,0.0,0.0
3600592,appliances.kitchen.washer,artel,93.75,5,1,93.75,20.0
1480703,computers.desktop,pulser,432.42,5,0,0.0,0.0
30900031,computers.components.cooler,deepcool,4.09,5,0,0.0,0.0
5701058,auto.accessories.player,pioneer,112.47,5,0,0.0,0.0
5100868,electronics.clocks,samsung,360.34,5,0,0.0,0.0
2700333,appliances.kitchen.refrigerators,atlant,260.75,5,0,0.0,0.0
28718096,apparel.shoes.keds,respect,31.92,5,0,0.0,0.0
4802898,electronics.audio.headphone,samsung,169.12,5,0,0.0,0.0
4500281,appliances.kitchen.hob,bosch,275.17,5,0,0.0,0.0
2800128,appliances.kitchen.refrigerators,atlant,304.25,5,0,0.0,0.0
21400938,electronics.clocks,casio,73.56,5,0,0.0,0.0
1307526,computers.notebook,asus,1029.6,5,0,0.0,0.0
28715761,apparel.shoes.keds,nexpero,75.42,5,0,0.0,0.0
5100265,electronics.clocks,wonlex,42.47,5,0,0.0,0.0
5800167,electronics.audio.subwoofer,alpine,100.39,5,0,0.0,0.0
1480428,computers.desktop,acer,231.59,5,0,0.0,0.0
21404356,electronics.clocks,casio,25.2,5,1,24.97,20.0
17800520,computers.desktop,zeta,51.29,5,0,0.0,0.0
3900647,appliances.environment.water_heater,ariston,102.96,5,0,0.0,0.0
2300241,electronics.camera.video,sjcam,138.23,5,0,0.0,0.0
5700311,auto.accessories.player,alpine,179.93,5,0,0.0,0.0
1500017,computers.peripherals.printer,samsung,111.24,5,0,0.0,0.0
1306361,computers.notebook,acer,1152.93,5,0,0.0,0.0
3801304,appliances.iron,tefal,51.46,5,0,0.0,0.0
6100148,auto.accessories.radar,playme,141.29,5,0,0.0,0.0
1802112,electronics.video.tv,blaupunkt,380.94,5,0,0.0,0.0
1004372,electronics.smartphone,honor,378.39,5,0,0.0,0.0
1306954,computers.notebook,lenovo,694.97,5,0,0.0,0.0
1307441,computers.notebook,acer,555.97,5,0,0.0,0.0
21405817,electronics.clocks,casio,161.91,5,0,0.0,0.0
1801923,electronics.video.tv,samsung,1209.53,5,0,0.0,0.0
4501713,appliances.kitchen.hob,beko,151.84,5,0,0.0,0.0
17200724,furniture.living_room.sofa,rals,337.9,5,0,0.0,0.0
1306772,computers.notebook,lenovo,849.42,5,0,0.0,0.0
1801931,electronics.video.tv,saturn,244.28,5,0,0.0,0.0
28719644,apparel.shoes,salamander,64.61,5,0,0.0,0.0
14700021,furniture.living_room.cabinet,brw,264.1,5,0,0.0,0.0
1480343,computers.desktop,hp,645.83,5,0,0.0,0.0
1307354,computers.notebook,asus,929.21,5,0,0.0,0.0
8801002,electronics.telephone,nokia,36.01,5,0,0.0,0.0
28719264,apparel.shoes,rieker,119.69,5,0,0.0,0.0
2300222,electronics.camera.video,sony,334.6,5,0,0.0,0.0
14700018,furniture.living_room.cabinet,brw,603.36,5,1,603.36,20.0
28717064,apparel.shoes.keds,strobbs,51.22,5,0,0.0,0.0
12600015,appliances.kitchen.grill,vitek,77.14,5,0,0.0,0.0
7101831,furniture.bedroom.bed,incanto,257.38,5,0,0.0,0.0
5100649,electronics.clocks,garmin,311.44,5,0,0.0,0.0
9100607,computers.peripherals.mouse,crown,6.97,5,0,0.0,0.0
3700910,appliances.environment.vacuum,lg,154.19,5,0,0.0,0.0
16800033,furniture.kitchen.table,bts,51.22,5,0,0.0,0.0
6400162,computers.components.cpu,intel,207.26,5,0,0.0,0.0
1306394,computers.notebook,xiaomi,1250.74,5,0,0.0,0.0
8800071,electronics.telephone,nokia,61.78,5,0,0.0,0.0
28718770,apparel.shoes.keds,rooman,66.67,5,0,0.0,0.0
18500037,electronics.tablet,wacom,78.73,5,0,0.0,0.0
5200130,computers.ebooks,ritmix,77.17,5,0,0.0,0.0
10201150,kids.dolls,llorens,30.25,5,0,0.0,0.0
1307152,computers.notebook,lenovo,656.13,5,0,0.0,0.0
12400174,construction.tools.drill,crown,69.5,5,0,0.0,0.0
3100623,appliances.kitchen.blender,braun,43.73,5,0,0.0,0.0
12301284,construction.tools.drill,alteco,18.02,5,0,0.0,0.0
5100712,electronics.clocks,aimoto,71.82,5,0,0.0,0.0
1004467,electronics.smartphone,doogee,59.18,5,0,0.0,0.0
11200504,appliances.personal.scales,dauscher,8.98,5,0,0.0,0.0
3700753,appliances.environment.vacuum,samsung,87.49,5,1,90.07,20.0
5100332,electronics.clocks,garmin,510.73,5,0,0.0,0.0
6200515,appliances.environment.air_heater,ballu,33.98,5,0,0.0,0.0
28714354,apparel.shoes.keds,nike,102.94,5,0,0.0,0.0
12300925,construction.tools.drill,alteco,31.66,5,1,31.66,20.0
17200725,furniture.living_room.sofa,rals,696.88,5,0,0.0,0.0
12300451,construction.tools.drill,crown,39.82,5,0,0.0,0.0
28719164,apparel.shoes,rieker,86.23,5,0,0.0,0.0
3100189,appliances.kitchen.blender,braun,94.98,5,0,0.0,0.0
1307238,computers.notebook,lenovo,303.46,5,0,0.0,0.0
2401260,appliances.kitchen.hood,hansa,51.2,5,0,0.0,0.0
1801612,electronics.video.tv,lg,1325.61,5,0,0.0,0.0
3701378,appliances.environment.vacuum,bosch,295.99,5,0,0.0,0.0
3800382,appliances.iron,vitek,28.03,5,0,0.0,0.0
5100619,electronics.clocks,elari,125.84,5,0,0.0,0.0
1500208,computers.peripherals.printer,xerox,94.98,5,0,0.0,0.0
28706565,apparel.shoes,burgerschuhe,44.79,5,0,0.0,0.0
49800020,accessories.bag,ritmix,15.43,5,0,0.0,0.0
21404234,electronics.clocks,otan,836.57,5,0,0.0,0.0
2501929,appliances.kitchen.oven,asel,61.75,5,0,0.0,0.0
28716667,apparel.shoes,respect,128.45,5,0,0.0,0.0
19100037,construction.tools.saw,dewalt,126.14,5,0,0.0,0.0
2402627,appliances.kitchen.hood,gorenje,90.07,5,0,0.0,0.0
3100927,appliances.kitchen.blender,elenberg,25.71,5,0,0.0,0.0
4900088,appliances.kitchen.juicer,bosch,128.68,5,0,0.0,0.0
1004681,electronics.smartphone,xiaomi,171.18,5,0,0.0,0.0
3601125,appliances.kitchen.washer,haier,334.6,5,0,0.0,0.0
1003890,electronics.smartphone,xiaomi,304.88,5,0,0.0,0.0
8700318,appliances.personal.hair_cutter,braun,70.76,5,0,0.0,0.0
12300196,construction.tools.drill,bosch,138.61,5,0,0.0,0.0
28300313,accessories.wallet,karya,38.61,5,0,0.0,0.0
4000189,construction.tools.generator,tefal,167.29,5,0,0.0,0.0
8800390,electronics.telephone,texet,25.25,5,0,0.0,0.0
5100735,electronics.clocks,apple,464.1,5,0,0.0,0.0
12600095,appliances.kitchen.grill,polaris,59.18,5,0,0.0,0.0
1004340,electronics.smartphone,meizu,151.61,5,0,0.0,0.0
28716183,apparel.shoes,respect,113.0,5,0,0.0,0.0
13200934,furniture.bedroom.bed,polini,257.38,5,0,0.0,0.0
4501747,appliances.kitchen.hob,beko,140.12,5,0,0.0,0.0
4804606,electronics.audio.headphone,xiaomi,43.24,5,0,0.0,0.0
1005257,electronics.smartphone,lg,463.31,5,0,0.0,0.0
28718449,apparel.shoes.keds,strobbs,64.61,5,0,0.0,0.0
7900426,furniture.kitchen.chair,selby,38.59,5,0,0.0,0.0
12300001,construction.tools.drill,bosch,36.01,5,0,0.0,0.0
14500012,appliances.kitchen.coffee_grinder,galaxy,15.16,5,0,0.0,0.0
13201191,furniture.bedroom.bed,brw,220.08,5,0,0.0,0.0
21404354,electronics.clocks,casio,45.3,5,0,0.0,0.0
1004717,electronics.smartphone,haier,46.31,5,0,0.0,0.0
3200267,appliances.kitchen.meat_grinder,kenwood,283.12,5,0,0.0,0.0
8800909,electronics.telephone,bq,20.33,5,0,0.0,0.0
42300005,furniture.living_room.cabinet,sv,282.89,5,0,0.0,0.0
1003859,electronics.smartphone,samsung,251.44,5,0,0.0,0.0
28713920,apparel.shoes.keds,nike,74.39,5,0,0.0,0.0
2702537,appliances.kitchen.refrigerators,midea,384.82,5,0,0.0,0.0
1802036,electronics.video.tv,kivi,334.6,5,0,0.0,0.0
2401896,appliances.kitchen.hood,oasis,38.84,5,0,0.0,0.0
1004136,electronics.smartphone,xiaomi,128.42,5,0,0.0,0.0
1306858,computers.notebook,asus,691.65,5,0,0.0,0.0
5701177,auto.accessories.player,incar,486.5,5,0,0.0,0.0
3000103,appliances.kitchen.steam_cooker,philips,179.41,5,1,179.41,20.0
5801525,electronics.audio.subwoofer,alphard,69.5,5,0,0.0,0.0
3601306,appliances.kitchen.washer,dauscher,226.49,5,0,0.0,0.0
1004579,electronics.smartphone,irbis,94.72,5,0,0.0,0.0
6000201,auto.accessories.alarm,starline,135.91,5,0,0.0,0.0
1004910,electronics.smartphone,sony,1029.34,5,0,0.0,0.0
1801993,electronics.video.tv,horizont,253.75,5,0,0.0,0.0
4000036,construction.tools.generator,karcher,251.09,5,0,0.0,0.0
16200286,kids.fmcg.diapers,huggies,4.02,5,0,0.0,0.0
3900841,appliances.environment.water_heater,haier,64.33,5,0,0.0,0.0
1003756,electronics.smartphone,nokia,72.28,5,0,0.0,0.0
30000003,construction.tools.welding,huter,133.31,5,0,0.0,0.0
1003747,electronics.smartphone,sony,282.81,5,0,0.0,0.0
1480726,computers.desktop,pulser,1145.43,5,0,0.0,0.0
2701659,appliances.kitchen.refrigerators,bosch,450.44,5,0,0.0,0.0
28719173,apparel.shoes,salamander,127.42,5,0,0.0,0.0
21408050,electronics.clocks,romanson,134.37,5,0,0.0,0.0
19200155,construction.tools.saw,huter,52.23,5,0,0.0,0.0
22400121,electronics.audio.microphone,m-audio,128.7,5,0,0.0,0.0
1307346,computers.notebook,acer,566.04,5,0,0.0,0.0
8800744,electronics.telephone,nokia,45.87,5,0,0.0,0.0
1005030,electronics.smartphone,xiaomi,126.88,5,0,0.0,0.0
1307451,computers.notebook,acer,720.71,5,0,0.0,0.0
5100270,electronics.clocks,wonlex,24.43,5,0,0.0,0.0
1200864,electronics.tablet,apple,566.04,5,0,0.0,0.0
1004815,electronics.smartphone,honor,231.41,5,0,0.0,0.0
1307291,computers.notebook,msi,1806.2,5,0,0.0,0.0
1801922,electronics.video.tv,samsung,1544.16,5,0,0.0,0.0
46800011,appliances.kitchen.refrigerators,dometic,93.7,5,0,0.0,0.0
17900046,construction.tools.generator,huter,160.08,5,0,0.0,0.0
5100067,electronics.clocks,apple,360.11,5,0,0.0,0.0
1802071,electronics.video.tv,philips,154.42,5,0,0.0,0.0
2701774,appliances.kitchen.refrigerators,indesit,370.59,5,0,0.0,0.0
2900512,appliances.kitchen.microwave,samsung,141.32,5,0,0.0,0.0
6000165,auto.accessories.alarm,starline,379.93,5,0,0.0,0.0
5000049,appliances.sewing_machine,janome,203.43,5,0,0.0,0.0
3700895,appliances.environment.vacuum,tefal,215.96,5,0,0.0,0.0
5700579,auto.accessories.player,pioneer,113.26,5,0,0.0,0.0
3200538,appliances.kitchen.meat_grinder,gorenje,106.54,5,0,0.0,0.0
8800401,electronics.telephone,nokia,56.35,5,0,0.0,0.0
3600972,appliances.kitchen.washer,indesit,218.38,5,0,0.0,0.0
12600068,appliances.kitchen.grill,scarlett,41.74,5,0,0.0,0.0
2501615,appliances.kitchen.oven,bosch,347.59,5,0,0.0,0.0
1701169,computers.peripherals.monitor,lg,180.16,5,0,0.0,0.0
1801343,electronics.video.tv,toshiba,370.67,5,0,0.0,0.0
3601486,appliances.kitchen.washer,lg,489.05,5,1,489.05,20.0
1480368,computers.desktop,lenovo,1122.9,5,0,0.0,0.0
6000173,auto.accessories.alarm,starline,259.47,5,0,0.0,0.0
2700619,appliances.kitchen.refrigerators,indesit,347.24,5,0,0.0,0.0
28718677,apparel.shoes,respect,107.85,5,0,0.0,0.0
11700398,electronics.audio.acoustic,electro-voice,1844.32,5,0,0.0,0.0
4802157,electronics.audio.headphone,jbl,20.57,5,0,0.0,0.0
2701731,appliances.kitchen.refrigerators,lg,959.75,5,1,957.53,20.0
5100860,electronics.clocks,samsung,390.68,5,0,0.0,0.0
28703727,apparel.shoes.keds,nike,97.56,5,0,0.0,0.0
21404772,electronics.clocks,orient,223.43,5,0,0.0,0.0
6000288,auto.accessories.alarm,starline,206.96,5,0,0.0,0.0
3701577,appliances.environment.vacuum,thomas,308.86,5,0,0.0,0.0
3701388,appliances.environment.vacuum,dauscher,33.21,5,0,0.0,0.0
1307348,computers.notebook,acer,694.97,5,1,694.97,20.0
3200124,appliances.kitchen.meat_grinder,moulinex,110.66,5,0,0.0,0.0
3601461,appliances.kitchen.washer,samsung,409.02,5,0,0.0,0.0
4501015,appliances.kitchen.hob,bosch,234.21,5,0,0.0,0.0
5000552,appliances.sewing_machine,jaguar,72.33,5,0,0.0,0.0
1003592,electronics.smartphone,meizu,151.49,5,0,0.0,0.0
1003484,electronics.smartphone,xiaomi,169.83,5,0,0.0,0.0
1306421,computers.notebook,hp,514.56,5,0,0.0,0.0
3900703,appliances.environment.water_heater,thermex,100.18,5,0,0.0,0.0
1305602,computers.notebook,lenovo,1286.78,5,0,0.0,0.0
6601031,computers.components.memory,kingston,49.42,5,0,0.0,0.0
1003714,electronics.smartphone,samsung,720.46,5,0,0.0,0.0
14300068,electronics.audio.music_tools.piano,yamaha,236.53,5,0,0.0,0.0
35104167,apparel.underwear,milavitsa,33.32,5,0,0.0,0.0
5801701,electronics.audio.subwoofer,fli,141.57,5,1,141.57,20.0
3700988,appliances.environment.vacuum,samsung,92.64,5,0,0.0,0.0
6200303,appliances.environment.air_heater,sinbo,12.87,5,0,0.0,0.0
12100767,kids.skates,phoenix,33.44,5,0,0.0,0.0
1701549,computers.peripherals.monitor,acer,103.73,5,0,0.0,0.0
6400328,computers.components.cpu,amd,401.3,5,0,0.0,0.0
4700157,auto.accessories.videoregister,neoline,282.83,5,0,0.0,0.0
1307473,computers.notebook,msi,1104.25,5,0,0.0,0.0
1004251,electronics.smartphone,apple,1052.54,5,0,0.0,0.0
5000077,appliances.sewing_machine,janome,107.85,5,0,0.0,0.0
28713028,apparel.shoes,baden,94.47,5,0,0.0,0.0
8800448,electronics.telephone,nokia,43.66,5,0,0.0,0.0
1307402,computers.notebook,lenovo,460.75,5,0,0.0,0.0
6500944,computers.components.motherboard,asus,144.92,5,0,0.0,0.0
7900164,furniture.kitchen.chair,babys,43.71,5,0,0.0,0.0
18300990,accessories.bag,apple,30.07,5,0,0.0,0.0
4500288,appliances.kitchen.hob,bosch,254.81,5,1,254.54,20.0
1801884,electronics.video.tv,shivaki,282.35,5,0,0.0,0.0
1003777,electronics.smartphone,nokia,254.83,5,0,0.0,0.0
1701359,computers.peripherals.monitor,gamemax,233.85,5,0,0.0,0.0
2702286,appliances.kitchen.refrigerators,dauscher,101.91,5,0,0.0,0.0
2900242,appliances.kitchen.microwave,hansa,128.68,5,0,0.0,0.0
3100632,appliances.kitchen.blender,moulinex,66.9,5,0,0.0,0.0
1003966,electronics.smartphone,samsung,720.48,5,0,0.0,0.0
1004359,electronics.smartphone,apple,1763.98,5,0,0.0,0.0
4600518,appliances.kitchen.dishwasher,bosch,543.41,5,0,0.0,0.0
47500036,construction.tools.light,xiaomi,26.23,5,0,0.0,0.0
8800537,electronics.telephone,fly,13.09,5,0,0.0,0.0
28717049,apparel.shoes.keds,strobbs,51.22,5,0,0.0,0.0
5700783,auto.accessories.player,sony,110.43,5,0,0.0,0.0
4000224,construction.tools.generator,vitek,56.86,5,0,0.0,0.0
1801930,electronics.video.tv,saturn,177.35,5,0,0.0,0.0
4700410,auto.accessories.videoregister,neoline,411.83,5,0,0.0,0.0
3100959,appliances.kitchen.blender,scarlett,51.22,5,0,0.0,0.0
8801027,electronics.telephone,philips,73.36,5,0,0.0,0.0
2702351,appliances.kitchen.refrigerators,midea,101.93,5,0,0.0,0.0
5100729,electronics.clocks,aimoto,48.75,5,1,48.75,20.0
2700274,appliances.kitchen.refrigerators,pozis,272.59,5,0,0.0,0.0
2501614,appliances.kitchen.oven,redmond,164.71,5,0,0.0,0.0
4000159,construction.tools.generator,tefal,231.64,5,0,0.0,0.0
42300004,furniture.living_room.cabinet,sv,282.89,5,0,0.0,0.0
3700802,appliances.environment.vacuum,lg,669.23,5,0,0.0,0.0
3701225,appliances.environment.vacuum,redmond,115.81,5,0,0.0,0.0
3900687,appliances.environment.water_heater,ariston,90.83,5,0,0.0,0.0
3900990,appliances.environment.water_heater,ariston,122.18,5,0,0.0,0.0
1480507,computers.desktop,pulser,571.42,5,0,0.0,0.0
1307062,computers.notebook,asus,1024.97,5,0,0.0,0.0
2800427,appliances.kitchen.refrigerators,haier,347.47,5,0,0.0,0.0
3700094,appliances.environment.vacuum,philips,98.64,5,0,0.0,0.0
2501069,appliances.kitchen.oven,asel,56.37,5,0,0.0,0.0
5700846,auto.accessories.player,pioneer,350.07,5,0,0.0,0.0
6700781,computers.components.videocards,gigabyte,185.1,5,0,0.0,0.0
1003750,electronics.smartphone,sony,347.47,5,0,0.0,0.0
28718907,apparel.shoes,salamander,66.67,5,0,0.0,0.0
5800779,electronics.audio.subwoofer,kicx,36.04,5,0,0.0,0.0
26900017,sport.trainer,housefit,203.35,5,0,0.0,0.0
4700390,auto.accessories.videoregister,playme,231.27,5,0,0.0,0.0
1005172,electronics.smartphone,tp-link,159.33,5,0,0.0,0.0
21402583,electronics.clocks,orient,230.64,5,0,0.0,0.0
1701009,computers.peripherals.monitor,samsung,203.64,5,0,0.0,0.0
12201345,sport.bicycle,phoenix,180.16,5,0,0.0,0.0
6701039,computers.components.videocards,gigabyte,192.8,5,0,0.0,0.0
45300025,kids.swing,joie,79.02,5,0,0.0,0.0
45300048,kids.swing,lorelli,45.81,5,0,0.0,0.0
5100870,electronics.clocks,honor,193.03,5,0,0.0,0.0
1480511,computers.desktop,pulser,808.23,5,0,0.0,0.0
6600733,computers.components.memory,geil,33.21,5,0,0.0,0.0
1003013,electronics.smartphone,huawei,179.9,5,0,0.0,0.0
7002066,kids.carriage,wingoffly,114.29,5,0,0.0,0.0
1307186,computers.notebook,hp,1029.37,5,0,0.0,0.0
6300315,appliances.kitchen.kettle,elenberg,55.67,5,0,0.0,0.0
7101285,furniture.bedroom.bed,incanto,169.86,5,0,0.0,0.0
3900894,appliances.environment.water_heater,klima,90.07,5,0,0.0,0.0
3601294,appliances.kitchen.washer,lg,1518.65,5,0,0.0,0.0
5801655,electronics.audio.subwoofer,element,111.97,4,0,0.0,0.0
1004284,electronics.smartphone,bq,52.74,4,0,0.0,0.0
1480508,computers.desktop,pulser,556.29,4,0,0.0,0.0
4804636,electronics.audio.headphone,denn,15.42,4,1,15.42,25.0
50600010,auto.accessories.compressor,magnetta,100.39,4,0,0.0,0.0
12400475,construction.tools.drill,bosch,308.86,4,0,0.0,0.0
21401925,electronics.clocks,casio,75.68,4,0,0.0,0.0
4802885,electronics.audio.headphone,xiaomi,36.9,4,0,0.0,0.0
5200007,computers.ebooks,pocketbook,99.74,4,0,0.0,0.0
4400405,appliances.kitchen.coffee_machine,galaxy,17.25,4,0,0.0,0.0
5801481,electronics.audio.subwoofer,alphard,169.89,4,0,0.0,0.0
1306405,computers.notebook,lenovo,980.46,4,0,0.0,0.0
8700229,appliances.personal.hair_cutter,elenberg,7.7,4,0,0.0,0.0
1700710,computers.peripherals.monitor,asus,1105.79,4,0,0.0,0.0
28704391,apparel.shoes.keds,asics,51.48,4,0,0.0,0.0
7900927,furniture.kitchen.chair,peg-perego,280.29,4,0,0.0,0.0
1480745,computers.desktop,pulser,576.57,4,0,0.0,0.0
9100965,computers.peripherals.mouse,steelseries,52.77,4,0,0.0,0.0
1480724,computers.desktop,gigabyte,112.55,4,0,0.0,0.0
28300509,accessories.wallet,petek,33.98,4,0,0.0,0.0
1004715,electronics.smartphone,haier,123.53,4,0,0.0,0.0
5100561,electronics.clocks,garmin,862.31,4,0,0.0,0.0
1500474,computers.peripherals.printer,epson,161.91,4,0,0.0,0.0
47500000,construction.tools.light,xiaomi,63.58,4,0,0.0,0.0
3701464,appliances.environment.vacuum,dauscher,46.28,4,0,0.0,0.0
8800750,electronics.telephone,maxvi,8.75,4,0,0.0,0.0
4804144,electronics.audio.headphone,huawei,7.7,4,1,9.84,25.0
2701459,appliances.kitchen.refrigerators,haier,643.49,4,0,0.0,0.0
3100660,appliances.kitchen.blender,bosch,44.09,4,0,0.0,0.0
7004521,kids.carriage,alis,102.94,4,0,0.0,0.0
1003507,electronics.smartphone,samsung,586.16,4,0,0.0,0.0
1201379,electronics.tablet,apple,1312.47,4,0,0.0,0.0
5701114,auto.accessories.player,prology,25.74,4,0,0.0,0.0
8800516,electronics.telephone,texet,13.62,4,0,0.0,0.0
2800415,appliances.kitchen.refrigerators,xing,229.58,4,0,0.0,0.0
11200354,appliances.personal.scales,agu,92.64,4,0,0.0,0.0
5000787,appliances.sewing_machine,bernina,1799.27,4,0,0.0,0.0
1003613,electronics.smartphone,doogee,154.42,4,0,0.0,0.0
3701104,appliances.environment.vacuum,lg,175.01,4,0,0.0,0.0
17900128,construction.tools.generator,huter,282.86,4,0,0.0,0.0
4804156,electronics.audio.headphone,olmio,21.37,4,0,0.0,0.0
3601271,appliances.kitchen.washer,indesit,347.47,4,0,0.0,0.0
11700219,electronics.audio.acoustic,alesis,233.77,4,1,233.77,25.0
3700917,appliances.environment.vacuum,dyson,324.31,4,0,0.0,0.0
2800617,appliances.kitchen.refrigerators,atlant,321.73,4,0,0.0,0.0
1801548,electronics.video.tv,lg,1029.37,4,0,0.0,0.0
4900420,appliances.kitchen.juicer,dauscher,33.44,4,0,0.0,0.0
6701109,computers.components.videocards,msi,266.42,4,0,0.0,0.0
6000146,auto.accessories.alarm,starline,400.01,4,0,0.0,0.0
2702534,appliances.kitchen.refrigerators,artel,221.11,4,0,0.0,0.0
13800225,furniture.bathroom.toilet,rosa,57.02,4,0,0.0,0.0
5801231,electronics.audio.subwoofer,pride,172.46,4,0,0.0,0.0
45300024,kids.swing,joie,215.96,4,0,0.0,0.0
13200783,furniture.bedroom.bed,brw,383.54,4,0,0.0,0.0
1480527,computers.desktop,acer,2574.04,4,0,0.0,0.0
1004829,electronics.smartphone,gionee,74.39,4,0,0.0,0.0
1307352,computers.notebook,acer,463.07,4,0,0.0,0.0
28718725,apparel.shoes,respect,128.45,4,0,0.0,0.0
21401315,electronics.clocks,casio,28.05,4,0,0.0,0.0
3701504,appliances.environment.vacuum,dauscher,64.07,4,0,0.0,0.0
4700330,auto.accessories.videoregister,ibox,140.28,4,0,0.0,0.0
4400325,appliances.kitchen.coffee_machine,philips,720.71,4,0,0.0,0.0
1004718,electronics.smartphone,haier,77.2,4,0,0.0,0.0
12201557,sport.bicycle,axis,185.33,4,0,0.0,0.0
1480422,computers.desktop,acer,308.86,4,0,0.0,0.0
3701226,appliances.environment.vacuum,redmond,149.27,4,0,0.0,0.0
1004825,electronics.smartphone,bq,39.36,4,0,0.0,0.0
9900147,electronics.video.projector,epson,403.16,4,1,403.16,25.0
2900610,appliances.kitchen.microwave,midea,130.51,4,0,0.0,0.0
5000248,appliances.sewing_machine,brother,84.48,4,0,0.0,0.0
28719196,apparel.shoes,salamander,146.46,4,0,0.0,0.0
1002266,electronics.smartphone,samsung,279.55,4,0,0.0,0.0
1802024,electronics.video.tv,samsung,2573.81,4,0,0.0,0.0
6400310,computers.components.cpu,intel,712.3,4,0,0.0,0.0
12100811,kids.skates,xiaomi,505.28,4,0,0.0,0.0
1005095,electronics.smartphone,meizu,133.59,4,0,0.0,0.0
12100615,kids.skates,longway,82.37,4,0,0.0,0.0
3601516,appliances.kitchen.washer,samsung,579.14,4,0,0.0,0.0
5800749,electronics.audio.subwoofer,alphard,74.65,4,0,0.0,0.0
2400656,appliances.kitchen.hood,turbo,154.42,4,0,0.0,0.0
3600252,appliances.kitchen.washer,atlant,256.37,4,0,0.0,0.0
8902235,kids.toys,chicco,38.48,4,0,0.0,0.0
5800191,electronics.audio.subwoofer,jvc,20.57,4,0,0.0,0.0
4900087,appliances.kitchen.juicer,bosch,151.61,4,0,0.0,0.0
2300161,electronics.camera.video,sjcam,64.09,4,0,0.0,0.0
6000232,auto.accessories.alarm,starline,157.53,4,0,0.0,0.0
3900739,appliances.environment.water_heater,haier,64.33,4,0,0.0,0.0
1307080,computers.notebook,asus,957.81,4,0,0.0,0.0
19100001,construction.tools.saw,bosch,124.57,4,0,0.0,0.0
35200206,apparel.underwear,milavitsa,15.71,4,0,0.0,0.0
4802254,electronics.audio.headphone,marshall,186.39,4,0,0.0,0.0
18300993,accessories.bag,apple,30.07,4,0,0.0,0.0
6701163,computers.components.videocards,msi,252.54,4,0,0.0,0.0
12201347,sport.bicycle,phoenix,179.9,4,0,0.0,0.0
11000190,appliances.kitchen.toster,maxwell,19.02,4,0,0.0,0.0
28712373,apparel.shoes,rieker,65.64,4,0,0.0,0.0
1304411,computers.notebook,apple,1620.87,4,0,0.0,0.0
1480322,computers.desktop,avalon,308.12,4,0,0.0,0.0
1306894,computers.notebook,hp,437.33,4,0,0.0,0.0
4600657,appliances.kitchen.dishwasher,dauscher,244.28,4,0,0.0,0.0
9200311,computers.peripherals.keyboard,kingston,97.56,4,0,0.0,0.0
4000096,construction.tools.generator,karcher,690.99,4,0,0.0,0.0
4801995,electronics.audio.headphone,beats,344.9,4,0,0.0,0.0
5100789,electronics.clocks,garmin,236.54,4,0,0.0,0.0
6000014,auto.accessories.alarm,starline,257.41,4,0,0.0,0.0
1004248,electronics.smartphone,apple,1029.1,4,0,0.0,0.0
1307230,computers.notebook,lenovo,1202.86,4,0,0.0,0.0
18500003,electronics.tablet,trust,75.1,4,0,0.0,0.0
1306747,computers.notebook,acer,450.18,4,1,449.92,25.0
28719272,apparel.shoes,rieker,73.36,4,0,0.0,0.0
3600952,appliances.kitchen.washer,samsung,398.95,4,0,0.0,0.0
52800002,sport.bicycle,thule,84.94,4,0,0.0,0.0
3601493,appliances.kitchen.washer,beko,251.98,4,0,0.0,0.0
18200039,electronics.audio.acoustic,sony,694.74,4,0,0.0,0.0
5100866,electronics.clocks,samsung,411.83,4,0,0.0,0.0
5700980,auto.accessories.player,swat,29.6,4,0,0.0,0.0
19100251,construction.tools.saw,alteco,134.62,4,0,0.0,0.0
1307215,computers.notebook,hp,514.56,4,0,0.0,0.0
45300028,kids.swing,pituso,90.06,4,0,0.0,0.0
3601309,appliances.kitchen.washer,artel,84.17,4,0,0.0,0.0
1307267,computers.notebook,hp,653.04,4,0,0.0,0.0
12100778,kids.skates,kugoo,459.47,4,0,0.0,0.0
12201719,sport.bicycle,torrent,141.55,4,0,0.0,0.0
19100030,construction.tools.saw,bosch,422.4,4,0,0.0,0.0
2501446,appliances.kitchen.oven,bosch,492.14,4,0,0.0,0.0
5701267,auto.accessories.player,swat,175.04,4,0,0.0,0.0
10201156,kids.dolls,llorens,47.85,4,0,0.0,0.0
1306108,computers.notebook,lenovo,462.32,4,0,0.0,0.0
2501390,appliances.kitchen.oven,hansa,255.1,4,0,0.0,0.0
5100678,electronics.clocks,xiaomi,174.72,4,0,0.0,0.0
3701389,appliances.environment.vacuum,dauscher,64.09,4,0,0.0,0.0
3900760,appliances.environment.water_heater,oasis,178.38,4,0,0.0,0.0
6302204,appliances.kitchen.kettle,kitfort,110.63,4,0,0.0,0.0
3601028,appliances.kitchen.washer,indesit,280.5,4,0,0.0,0.0
3100345,appliances.kitchen.blender,scarlett,24.94,4,0,0.0,0.0
35200189,apparel.underwear,milavitsa,18.56,4,0,0.0,0.0
1802077,electronics.video.tv,blaupunkt,193.03,4,0,0.0,0.0
4201169,appliances.environment.air_conditioner,samsung,591.78,4,0,0.0,0.0
8700270,appliances.personal.hair_cutter,vitek,17.99,4,0,0.0,0.0
5000499,appliances.sewing_machine,janome,128.1,4,0,0.0,0.0
8801062,electronics.telephone,philips,20.57,4,0,0.0,0.0
4804474,electronics.audio.headphone,xiaomi,116.56,4,0,0.0,0.0
27000033,sport.trainer,hanma,344.93,4,0,0.0,0.0
1201044,electronics.tablet,lenovo,193.03,4,0,0.0,0.0
21405810,electronics.clocks,casio,135.14,4,0,0.0,0.0
19200008,construction.tools.saw,bosch,125.2,4,0,0.0,0.0
2501685,appliances.kitchen.oven,dauscher,64.22,4,0,0.0,0.0
19200037,construction.tools.saw,huter,85.95,4,0,0.0,0.0
2800207,appliances.kitchen.refrigerators,indesit,210.82,4,0,0.0,0.0
1801503,electronics.video.tv,xiaomi,218.54,4,0,0.0,0.0
28720658,apparel.shoes,respect,106.05,4,0,0.0,0.0
11200364,appliances.personal.scales,elenberg,12.84,4,0,0.0,0.0
1801891,electronics.video.tv,horizont,531.75,4,0,0.0,0.0
2701780,appliances.kitchen.refrigerators,samsung,1137.74,4,0,0.0,0.0
19100310,construction.tools.saw,bosch,671.03,4,0,0.0,0.0
28716604,apparel.shoes,baden,118.15,4,0,0.0,0.0
1306729,computers.notebook,lenovo,1285.73,4,0,0.0,0.0
1003951,electronics.smartphone,samsung,257.67,4,0,0.0,0.0
28715776,apparel.shoes,nexpero,107.85,4,0,0.0,0.0
1480369,computers.desktop,lenovo,1132.56,4,0,0.0,0.0
2702474,appliances.kitchen.refrigerators,indesit,275.65,4,0,0.0,0.0
4802242,electronics.audio.headphone,jbl,43.24,4,0,0.0,0.0
5700585,auto.accessories.player,pioneer,200.78,4,0,0.0,0.0
6301822,appliances.kitchen.kettle,redmond,25.71,4,0,0.0,0.0
4400404,appliances.kitchen.coffee_machine,vitek,92.64,4,0,0.0,0.0
28717980,apparel.shoes,rieker,71.82,4,0,0.0,0.0
28713655,apparel.shoes.keds,catunltd,64.87,4,0,0.0,0.0
14700050,furniture.living_room.cabinet,sv,179.93,4,0,0.0,0.0
28719389,apparel.shoes,rieker,99.36,4,0,0.0,0.0
6500909,computers.components.motherboard,gigabyte,120.72,4,0,0.0,0.0
1306346,computers.notebook,asus,635.66,4,0,0.0,0.0
3700717,appliances.environment.vacuum,karcher,157.51,4,0,0.0,0.0
3601392,appliances.kitchen.washer,dauscher,231.64,4,0,0.0,0.0
27700714,construction.tools.pump,magnetta,102.95,4,0,0.0,0.0
6400072,computers.components.cpu,intel,277.72,4,0,0.0,0.0
3701094,appliances.environment.vacuum,vitek,77.17,4,0,0.0,0.0
7006163,kids.carriage,bumbleride,383.54,4,0,0.0,0.0
12600044,appliances.kitchen.grill,bosch,126.1,4,0,0.0,0.0
1003551,electronics.smartphone,xiaomi,437.59,4,0,0.0,0.0
8700153,appliances.personal.hair_cutter,rowenta,20.34,4,1,20.34,25.0
1005230,electronics.smartphone,apple,900.64,4,0,0.0,0.0
6400229,computers.components.cpu,intel,369.77,4,0,0.0,0.0
1802066,electronics.video.tv,samsung,2445.34,4,0,0.0,0.0
1003878,electronics.smartphone,prestigio,51.46,4,0,0.0,0.0
5701036,auto.accessories.player,sony,360.34,4,0,0.0,0.0
1306951,computers.notebook,apple,2343.69,4,0,0.0,0.0
35700016,appliances.kitchen.kettle,apollo,15.42,4,1,15.42,25.0
5701001,auto.accessories.player,pioneer,56.63,4,0,0.0,0.0
1306856,computers.notebook,asus,1149.06,4,0,0.0,0.0
49800013,accessories.bag,ritmix,10.73,4,0,0.0,0.0
1802106,electronics.video.tv,arg,292.8,4,1,282.86,25.0
3100251,appliances.kitchen.blender,braun,82.34,4,0,0.0,0.0
30901033,computers.components.cooler,deepcool,23.14,4,0,0.0,0.0
4803934,electronics.audio.headphone,jbl,52.77,4,0,0.0,0.0
3700986,appliances.environment.vacuum,samsung,94.73,4,0,0.0,0.0
28721452,apparel.shoes.keds,adidas,87.52,4,0,0.0,0.0
6201147,appliances.environment.air_heater,polaris,15.42,4,0,0.0,0.0
1003230,electronics.smartphone,nokia,180.08,4,0,0.0,0.0
4700660,auto.accessories.videoregister,ibox,48.91,4,0,0.0,0.0
4000127,construction.tools.generator,elenberg,59.18,4,0,0.0,0.0
28719465,apparel.shoes,baden,52.0,4,0,0.0,0.0
6800934,computers.components.hdd,transcend,43.76,4,0,0.0,0.0
1003183,electronics.smartphone,huawei,128.19,4,0,0.0,0.0
2702582,appliances.kitchen.refrigerators,dauscher,177.59,4,0,0.0,0.0
1306105,computers.notebook,hp,1852.0,4,0,0.0,0.0
4802164,electronics.audio.headphone,jbl,46.08,4,0,0.0,0.0
28716188,apparel.shoes.keds,respect,87.26,4,0,0.0,0.0
28719303,apparel.shoes.keds,fila,66.49,4,0,0.0,0.0
12400247,construction.tools.drill,crown,86.23,4,0,0.0,0.0
5100450,electronics.clocks,garmin,244.51,4,0,0.0,0.0
5700610,auto.accessories.player,sony,218.77,4,0,0.0,0.0
28718994,apparel.shoes,baden,120.72,4,0,0.0,0.0
1307519,computers.notebook,acer,1209.55,4,0,0.0,0.0
1004998,electronics.smartphone,doogee,108.91,4,0,0.0,0.0
12600088,appliances.kitchen.grill,delonghi,321.73,4,0,0.0,0.0
1401567,computers.desktop,avalon,205.15,4,0,0.0,0.0
4804153,electronics.audio.headphone,olmio,43.76,4,0,0.0,0.0
19200136,construction.tools.saw,stihl,1776.11,4,0,0.0,0.0
5700756,auto.accessories.player,pioneer,64.35,4,0,0.0,0.0
28714267,apparel.shoes.keds,nike,102.94,4,0,0.0,0.0
5701025,auto.accessories.player,kenwood,188.94,4,0,0.0,0.0
3601232,appliances.kitchen.washer,samsung,1415.71,4,0,0.0,0.0
12202160,sport.bicycle,bafang,1528.69,4,0,0.0,0.0
28716944,apparel.shoes,nexpero,110.43,4,0,0.0,0.0
5100709,electronics.clocks,aimoto,58.95,4,0,0.0,0.0
1306355,computers.notebook,hp,529.74,4,0,0.0,0.0
3601335,appliances.kitchen.washer,candy,256.61,4,0,0.0,0.0
1201268,electronics.tablet,acer,76.94,4,0,0.0,0.0
4400576,appliances.kitchen.coffee_machine,kitfort,186.62,4,0,0.0,0.0
2501617,appliances.kitchen.oven,midea,321.24,4,0,0.0,0.0
5700820,auto.accessories.player,sony,60.49,4,1,61.52,25.0
10900004,appliances.kitchen.mixer,braun,79.77,4,0,0.0,0.0
5100710,electronics.clocks,aimoto,55.34,4,0,0.0,0.0
5000089,appliances.sewing_machine,janome,271.98,4,0,0.0,0.0
5000506,appliances.sewing_machine,janome,98.54,4,0,0.0,0.0
4501395,appliances.kitchen.hob,bosch,308.86,4,0,0.0,0.0
9200110,computers.peripherals.keyboard,delux,8.47,4,0,0.0,0.0
5100883,electronics.clocks,garmin,1112.23,4,0,0.0,0.0
5801496,electronics.audio.subwoofer,kicx,16.99,4,0,0.0,0.0
2702564,appliances.kitchen.refrigerators,samsung,823.44,4,0,0.0,0.0
11600299,computers.desktop,microlab,16.22,4,1,18.15,25.0
5800747,electronics.audio.subwoofer,pioneer,244.54,4,0,0.0,0.0
6000205,auto.accessories.alarm,scher-khan,72.07,4,0,0.0,0.0
4600658,appliances.kitchen.dishwasher,samsung,411.83,4,0,0.0,0.0
2400216,appliances.kitchen.hood,bosch,151.61,4,1,148.4,25.0
4804023,electronics.audio.headphone,harper,9.86,4,0,0.0,0.0
1480151,computers.desktop,neo,318.93,4,0,0.0,0.0
1307478,computers.notebook,lenovo,252.23,4,0,0.0,0.0
4500249,appliances.kitchen.hob,gefest,114.8,4,0,0.0,0.0
18800005,auto.accessories.parktronic,parkmaster,123.56,4,0,0.0,0.0
21405807,electronics.clocks,casio,246.85,4,0,0.0,0.0
21404118,electronics.clocks,casio,34.49,4,0,0.0,0.0
9200378,computers.peripherals.keyboard,defender,16.45,4,0,0.0,0.0
1701387,computers.peripherals.monitor,acer,113.0,4,0,0.0,0.0
18200037,electronics.audio.acoustic,sony,165.24,4,0,0.0,0.0
1004733,electronics.smartphone,sony,385.83,4,0,0.0,0.0
2702541,appliances.kitchen.refrigerators,dauscher,771.45,4,0,0.0,0.0
8902634,kids.toys,huanger,25.48,4,0,0.0,0.0
28719159,apparel.shoes,salamander,127.93,4,0,0.0,0.0
1004260,electronics.smartphone,apple,1029.62,4,0,0.0,0.0
28720633,apparel.shoes,native,144.12,4,0,0.0,0.0
7002776,kids.carriage,chicco,110.66,4,0,0.0,0.0
5000170,appliances.sewing_machine,bernina,231.41,4,0,0.0,0.0
39800126,apparel.shirt,dion,29.6,4,0,0.0,0.0
16800039,furniture.kitchen.table,sv,100.36,4,0,0.0,0.0
25900015,computers.components.cooler,almacom,83.13,4,0,0.0,0.0
14100371,electronics.audio.acoustic,yamaha,208.5,4,0,0.0,0.0
12300661,construction.tools.drill,crown,103.61,4,0,0.0,0.0
4201374,appliances.environment.air_conditioner,beko,205.41,4,0,0.0,0.0
1306760,computers.notebook,acer,385.11,4,0,0.0,0.0
2300099,electronics.camera.video,xiaomi,128.45,4,0,0.0,0.0
9000118,computers.peripherals.camera,logitech,23.55,4,0,0.0,0.0
2702472,appliances.kitchen.refrigerators,midea,128.68,4,0,0.0,0.0
1801834,electronics.video.tv,yasin,386.08,4,0,0.0,0.0
12300333,construction.tools.drill,kolner,45.54,4,0,0.0,0.0
5100696,electronics.clocks,mykronoz,58.95,4,0,0.0,0.0
35108925,apparel.underwear,milavitsa,33.35,4,0,0.0,0.0
28720723,apparel.shoes,rooman,62.81,4,0,0.0,0.0
6200760,appliances.environment.air_heater,polaris,43.73,4,0,0.0,0.0
1480741,computers.desktop,pulser,1235.53,4,0,0.0,0.0
17800165,computers.desktop,aerocool,169.12,4,0,0.0,0.0
1003969,electronics.smartphone,meizu,97.56,4,0,0.0,0.0
2402808,appliances.kitchen.hood,dauscher,87.49,4,0,0.0,0.0
1307055,computers.notebook,apple,1798.99,4,0,0.0,0.0
42700006,auto.accessories.winch,t-max,647.12,4,0,0.0,0.0
6700784,computers.components.videocards,sapphire,210.04,4,0,0.0,0.0
5100878,electronics.clocks,samsung,411.83,4,0,0.0,0.0
28714142,apparel.shoes.keds,greyder,66.93,4,0,0.0,0.0
1306358,computers.notebook,acer,772.19,4,0,0.0,0.0
4803801,electronics.audio.headphone,jbl,33.21,4,0,0.0,0.0
10201206,kids.dolls,llorens,38.35,4,0,0.0,0.0
4804497,electronics.audio.headphone,jbl,115.58,4,0,0.0,0.0
6201125,appliances.environment.air_heater,timberk,114.65,4,0,0.0,0.0
18300021,accessories.bag,portcase,8.98,4,2,16.71,50.0
36000063,appliances.kitchen.kettle,rondell,41.16,4,0,0.0,0.0
12600071,appliances.kitchen.grill,saturn,55.6,4,0,0.0,0.0
5100736,electronics.clocks,apple,630.62,4,0,0.0,0.0
36000080,appliances.kitchen.kettle,polaris,33.44,4,0,0.0,0.0
2701886,appliances.kitchen.refrigerators,beko,326.05,4,0,0.0,0.0
6000226,auto.accessories.alarm,pandora,553.42,4,0,0.0,0.0
4500422,appliances.kitchen.hob,bosch,192.8,4,0,0.0,0.0
4803126,electronics.audio.headphone,sony,32.18,4,0,0.0,0.0
1004188,electronics.smartphone,oppo,197.99,4,0,0.0,0.0
5801470,electronics.audio.subwoofer,kicx,9.14,4,0,0.0,0.0
1201171,electronics.tablet,apple,823.44,4,0,0.0,0.0
7101160,furniture.bedroom.bed,polini,231.64,4,0,0.0,0.0
1701473,computers.peripherals.monitor,acer,146.46,4,0,0.0,0.0
1480556,computers.desktop,netechnics,669.23,4,0,0.0,0.0
1004121,electronics.smartphone,meizu,257.15,4,0,0.0,0.0
3601259,appliances.kitchen.washer,samsung,836.55,4,0,0.0,0.0
1305941,computers.notebook,lenovo,571.42,4,0,0.0,0.0
13201113,furniture.bedroom.bed,silva,339.78,4,0,0.0,0.0
2900626,appliances.kitchen.microwave,redmond,105.51,4,0,0.0,0.0
2701730,appliances.kitchen.refrigerators,lg,1095.9,4,0,0.0,0.0
5700798,auto.accessories.player,kenwood,119.95,4,0,0.0,0.0
3601226,appliances.kitchen.washer,beko,251.72,4,0,0.0,0.0
1480603,computers.desktop,lenovo,2335.37,4,0,0.0,0.0
1307005,computers.notebook,lenovo,331.75,4,0,0.0,0.0
1003921,electronics.smartphone,prestigio,51.2,4,0,0.0,0.0
2702521,appliances.kitchen.refrigerators,dauscher,118.38,4,1,118.38,25.0
1802023,electronics.video.tv,lg,560.37,4,0,0.0,0.0
1802098,electronics.video.tv,blaupunkt,128.68,4,0,0.0,0.0
40900002,construction.tools.painting,bosch,145.54,4,0,0.0,0.0
1305844,computers.notebook,dell,1443.8,4,0,0.0,0.0
3900654,appliances.environment.water_heater,thermex,93.16,4,0,0.0,0.0
21401223,electronics.clocks,casio,44.27,4,0,0.0,0.0
2701588,appliances.kitchen.refrigerators,samsung,546.96,4,0,0.0,0.0
5100899,electronics.clocks,apple,643.49,4,0,0.0,0.0
3800802,appliances.iron,tefal,74.62,4,0,0.0,0.0
1306208,computers.notebook,lenovo,540.53,4,0,0.0,0.0
28718917,apparel.shoes.keds,nexpero,71.82,4,0,0.0,0.0
1201244,electronics.tablet,lenovo,115.55,4,0,0.0,0.0
18800061,auto.accessories.parktronic,cenmax,33.44,4,0,0.0,0.0
4900214,appliances.kitchen.juicer,kenwood,270.25,4,0,0.0,0.0
1307194,computers.notebook,acer,823.68,4,0,0.0,0.0
3600700,appliances.kitchen.washer,hotpoint-ariston,307.58,4,0,0.0,0.0
1700834,computers.peripherals.monitor,samsung,218.11,4,0,0.0,0.0
21403660,electronics.clocks,casio,34.98,4,0,0.0,0.0
13200192,furniture.bedroom.bed,brw,257.92,4,0,0.0,0.0
16800247,furniture.kitchen.table,domini,347.5,4,0,0.0,0.0
21401538,electronics.clocks,casio,66.41,4,0,0.0,0.0
3800838,appliances.iron,philips,30.86,4,0,0.0,0.0
5100692,electronics.clocks,apple,630.62,4,0,0.0,0.0
25900024,computers.components.cooler,almacom,46.48,4,0,0.0,0.0
3801122,appliances.iron,scarlett,25.71,4,0,0.0,0.0
28714595,apparel.shoes.keds,reebok,76.4,4,0,0.0,0.0
1004236,electronics.smartphone,apple,1356.5,4,0,0.0,0.0
8800124,electronics.telephone,fly,25.71,4,0,0.0,0.0
9200528,computers.peripherals.keyboard,apple,270.25,4,0,0.0,0.0
21408052,electronics.clocks,romanson,143.12,4,0,0.0,0.0
3601103,appliances.kitchen.washer,indesit,175.78,4,0,0.0,0.0
2700611,appliances.kitchen.refrigerators,indesit,333.85,4,0,0.0,0.0
28703602,apparel.shoes.keds,reebok,118.15,4,0,0.0,0.0
4700422,auto.accessories.videoregister,neoline,110.39,4,0,0.0,0.0
7900671,furniture.kitchen.chair,chicco,156.48,4,0,0.0,0.0
7002899,kids.carriage,anex,687.28,4,0,0.0,0.0
12200542,sport.bicycle,phoenix,257.12,4,0,0.0,0.0
1004847,electronics.smartphone,prestigio,144.12,4,0,0.0,0.0
3200370,appliances.kitchen.meat_grinder,redmond,97.79,4,0,0.0,0.0
11600140,computers.desktop,microlab,35.78,4,0,0.0,0.0
1306492,computers.notebook,hp,401.3,4,0,0.0,0.0
12201806,sport.bicycle,stels,181.47,4,0,0.0,0.0
1004587,electronics.smartphone,inoi,77.2,4,0,0.0,0.0
3601174,appliances.kitchen.washer,shivaki,145.35,4,1,94.04,25.0
4804221,electronics.audio.headphone,awei,19.02,4,0,0.0,0.0
12301245,construction.tools.drill,bosch,83.01,4,0,0.0,0.0
21403810,electronics.clocks,casio,55.31,4,0,0.0,0.0
2401057,appliances.kitchen.hood,bosch,144.15,4,0,0.0,0.0
6700434,computers.components.videocards,palit,360.11,4,0,0.0,0.0
28703613,apparel.shoes.keds,reebok,118.15,4,0,0.0,0.0
28721301,apparel.shoes,rooman,64.61,4,0,0.0,0.0
1802072,electronics.video.tv,philips,411.83,4,0,0.0,0.0
17200726,furniture.living_room.sofa,rals,811.66,4,0,0.0,0.0
4200540,appliances.environment.air_conditioner,elenberg,154.42,4,0,0.0,0.0
3701318,appliances.environment.vacuum,xiaomi,195.37,4,0,0.0,0.0
25800001,medicine.tools.tonometer,omron,27.0,4,0,0.0,0.0
5000477,appliances.sewing_machine,janome,160.67,4,0,0.0,0.0
2500360,appliances.kitchen.oven,bosch,321.68,4,0,0.0,0.0
2501075,appliances.kitchen.oven,artel,36.55,4,0,0.0,0.0
1801895,electronics.video.tv,samsung,849.16,4,0,0.0,0.0
9200660,computers.peripherals.keyboard,apple,321.73,4,0,0.0,0.0
17800728,computers.desktop,thermaltake,486.47,4,0,0.0,0.0
14700132,furniture.living_room.cabinet,brw,387.14,4,1,387.14,25.0
9101145,computers.peripherals.mouse,hyperx,79.54,4,0,0.0,0.0
5801420,electronics.audio.subwoofer,pride,442.74,4,0,0.0,0.0
19200159,construction.tools.saw,stihl,332.05,4,0,0.0,0.0
19200036,construction.tools.saw,bosch,110.66,4,0,0.0,0.0
2900354,appliances.kitchen.microwave,horizont,72.84,4,0,0.0,0.0
19100334,construction.tools.saw,dremel,72.05,4,0,0.0,0.0
2500739,appliances.kitchen.oven,samsung,347.21,4,0,0.0,0.0
7006405,kids.carriage,belecoo,97.81,4,0,0.0,0.0
1306933,computers.notebook,hp,764.26,4,0,0.0,0.0
5100881,electronics.clocks,garmin,1328.11,4,0,0.0,0.0
28705361,apparel.shoes,rooman,23.68,4,0,0.0,0.0
5700757,auto.accessories.player,pioneer,76.96,4,0,0.0,0.0
6701229,computers.components.videocards,sapphire,290.1,4,0,0.0,0.0
2800042,appliances.kitchen.refrigerators,kristal,212.18,4,0,0.0,0.0
1801694,electronics.video.tv,hisense,560.89,4,0,0.0,0.0
1201491,electronics.tablet,bq,52.74,4,0,0.0,0.0
3700703,appliances.environment.vacuum,vitek,46.28,4,0,0.0,0.0
5701208,auto.accessories.player,pioneer,166.03,4,0,0.0,0.0
12400249,construction.tools.drill,crown,67.44,4,0,0.0,0.0
5100350,electronics.clocks,garmin,462.76,4,0,0.0,0.0
10400421,kids.toys,hb,36.01,4,0,0.0,0.0
12300487,construction.tools.drill,crown,105.54,4,0,0.0,0.0
2701680,appliances.kitchen.refrigerators,beko,347.47,4,0,0.0,0.0
1003074,electronics.smartphone,meizu,134.91,4,0,0.0,0.0
28401050,accessories.bag,karya,54.06,4,0,0.0,0.0
2800179,appliances.kitchen.refrigerators,atlant,278.62,4,0,0.0,0.0
28715537,apparel.shoes,suave,105.54,4,0,0.0,0.0
11700133,electronics.audio.acoustic,leem,154.19,4,0,0.0,0.0
6000161,auto.accessories.alarm,starline,244.79,4,0,0.0,0.0
3700543,appliances.environment.vacuum,irobot,937.11,4,0,0.0,0.0
3600913,appliances.kitchen.washer,artel,97.81,4,0,0.0,0.0
22600003,auto.accessories.compressor,berkut,196.4,4,0,0.0,0.0
28719158,apparel.shoes,salamander,127.42,4,0,0.0,0.0
2701674,appliances.kitchen.refrigerators,bosch,474.99,4,0,0.0,0.0
1005210,electronics.smartphone,jinga,59.18,4,0,0.0,0.0
1004062,electronics.smartphone,xiaomi,360.34,4,0,0.0,0.0
7006302,kids.carriage,wingoffly,121.9,4,0,0.0,0.0
7005188,kids.carriage,benebaby,102.71,4,0,0.0,0.0
5800125,electronics.audio.subwoofer,morel,102.96,4,0,0.0,0.0
1003910,electronics.smartphone,nokia,118.1,4,0,0.0,0.0
28719463,apparel.shoes,baden,52.0,4,0,0.0,0.0
1701186,computers.peripherals.monitor,hp,211.05,4,0,0.0,0.0
3601048,appliances.kitchen.washer,bosch,489.0,4,0,0.0,0.0
13200164,furniture.bedroom.bed,brw,137.97,4,0,0.0,0.0
2702630,appliances.kitchen.refrigerators,midea,900.9,4,0,0.0,0.0
6500617,computers.components.motherboard,asrock,43.39,4,0,0.0,0.0
1004468,electronics.smartphone,doogee,71.31,4,0,0.0,0.0
6000237,auto.accessories.alarm,starline,149.81,4,0,0.0,0.0
1801692,electronics.video.tv,hisense,421.87,4,0,0.0,0.0
28400975,accessories.bag,baden,32.18,4,0,0.0,0.0
4502735,appliances.kitchen.hob,maunfeld,115.81,4,0,0.0,0.0
3700818,appliances.environment.vacuum,dyson,488.57,4,0,0.0,0.0
8801105,electronics.telephone,nokia,102.94,4,0,0.0,0.0
16800004,furniture.kitchen.table,brw,227.55,4,0,0.0,0.0
7101762,furniture.bedroom.bed,incanto,205.9,4,0,0.0,0.0
7900705,furniture.kitchen.chair,joie,73.1,4,0,0.0,0.0
2700390,appliances.kitchen.refrigerators,pozis,192.28,4,0,0.0,0.0
21000027,accessories.bag,trust,11.55,4,0,0.0,0.0
8800475,electronics.telephone,nokia,25.48,4,0,0.0,0.0
28717912,apparel.shoes,burgerschuhe,102.45,4,0,0.0,0.0
3701358,appliances.environment.vacuum,karcher,383.22,4,0,0.0,0.0
3200480,appliances.kitchen.meat_grinder,scarlett,40.89,4,0,0.0,0.0
3601455,appliances.kitchen.washer,beko,229.84,4,0,0.0,0.0
28705362,apparel.shoes,rooman,23.68,4,0,0.0,0.0
28703612,apparel.shoes.keds,reebok,118.15,4,0,0.0,0.0
4803128,electronics.audio.headphone,harper,15.42,4,0,0.0,0.0
3800966,appliances.iron,elenberg,28.29,4,2,56.58,50.0
21403557,electronics.clocks,orient,111.71,4,0,0.0,0.0
10201146,kids.dolls,llorens,56.6,4,0,0.0,0.0
1004413,electronics.smartphone,asus,243.53,4,0,0.0,0.0
30000022,construction.tools.welding,redbo,239.39,4,0,0.0,0.0
5000576,appliances.sewing_machine,janome,231.41,4,0,0.0,0.0
1003954,electronics.smartphone,oneplus,450.2,4,0,0.0,0.0
2900811,appliances.kitchen.microwave,samsung,192.8,4,0,0.0,0.0
4900092,appliances.kitchen.juicer,zelmer,31.66,4,0,0.0,0.0
1005052,electronics.smartphone,tp-link,59.18,4,0,0.0,0.0
3200427,appliances.kitchen.meat_grinder,moulinex,102.94,4,0,0.0,0.0
12301488,construction.tools.drill,dwt,49.8,4,0,0.0,0.0
3600450,appliances.kitchen.washer,indesit,192.87,4,0,0.0,0.0
1004984,electronics.smartphone,samsung,1042.09,4,0,0.0,0.0
1004845,electronics.smartphone,meizu,323.36,4,0,0.0,0.0
5100742,electronics.clocks,honor,148.01,4,0,0.0,0.0
3600457,appliances.kitchen.washer,indesit,208.5,4,0,0.0,0.0
13900048,construction.components.faucet,decoroom,16.46,4,0,0.0,0.0
29100011,appliances.personal.massager,gezatone,30.12,4,0,0.0,0.0
1801886,electronics.video.tv,horizont,403.31,4,0,0.0,0.0
1305706,computers.notebook,apple,1544.18,4,0,0.0,0.0
5801553,electronics.audio.subwoofer,kicx,22.39,4,0,0.0,0.0
1305808,computers.notebook,hp,869.78,4,0,0.0,0.0
1201429,electronics.tablet,bq,53.88,4,0,0.0,0.0
49800009,accessories.bag,ritmix,5.64,4,0,0.0,0.0
21410403,electronics.clocks,tissot,494.22,4,0,0.0,0.0
28715864,apparel.shoes,respect,76.96,4,0,0.0,0.0
28717144,apparel.shoes.keds,fassen,44.79,4,0,0.0,0.0
28716003,apparel.shoes.keds,peak,97.79,4,0,0.0,0.0
4800585,electronics.audio.headphone,samsung,38.3,4,0,0.0,0.0
3601128,appliances.kitchen.washer,lg,601.56,4,0,0.0,0.0
2702546,appliances.kitchen.refrigerators,dauscher,772.19,4,0,0.0,0.0
2700615,appliances.kitchen.refrigerators,indesit,369.35,4,0,0.0,0.0
1004996,electronics.smartphone,doogee,112.31,4,0,0.0,0.0
14700140,furniture.living_room.cabinet,brw,322.53,4,0,0.0,0.0
2702451,appliances.kitchen.refrigerators,dauscher,923.58,4,0,0.0,0.0
8400238,apparel.sock,chicco,33.2,4,0,0.0,0.0
21411003,electronics.clocks,armani,214.16,4,0,0.0,0.0
28718919,apparel.shoes.keds,nexpero,71.82,4,0,0.0,0.0
3200292,appliances.kitchen.meat_grinder,redmond,122.27,4,0,0.0,0.0
2702644,appliances.kitchen.refrigerators,haier,694.97,4,0,0.0,0.0
28718747,apparel.shoes,respect,79.02,4,0,0.0,0.0
4600667,appliances.kitchen.dishwasher,samsung,463.31,4,1,463.31,25.0
18200028,electronics.audio.acoustic,lg,331.8,4,0,0.0,0.0
2800600,appliances.kitchen.refrigerators,indesit,349.02,4,0,0.0,0.0
1005228,electronics.smartphone,honor,283.12,4,0,0.0,0.0
28716193,apparel.shoes,respect,79.02,4,0,0.0,0.0
1306611,computers.notebook,lenovo,643.49,4,0,0.0,0.0
6000172,auto.accessories.alarm,pandora,701.18,4,0,0.0,0.0
3700964,appliances.environment.vacuum,samsung,75.92,4,0,0.0,0.0
28720434,apparel.shoes,baden,68.21,4,0,0.0,0.0
1701545,computers.peripherals.monitor,acer,156.76,4,0,0.0,0.0
3700629,appliances.environment.vacuum,irobot,643.26,4,0,0.0,0.0
2401252,appliances.kitchen.hood,hansa,51.22,4,0,0.0,0.0
6902377,furniture.living_room.chair,bambola,36.04,4,0,0.0,0.0
1480598,computers.desktop,smart,498.21,4,0,0.0,0.0
3700844,appliances.environment.vacuum,lg,99.36,4,0,0.0,0.0
1201378,electronics.tablet,apple,1312.52,4,0,0.0,0.0
8700159,appliances.personal.hair_cutter,remington,90.07,4,0,0.0,0.0
3600951,appliances.kitchen.washer,indesit,194.06,4,0,0.0,0.0
45300027,kids.swing,pituso,89.63,4,0,0.0,0.0
4804025,electronics.audio.headphone,xiaomi,25.21,4,0,0.0,0.0
3800249,appliances.iron,braun,56.6,4,0,0.0,0.0
1307386,computers.notebook,dell,389.94,4,0,0.0,0.0
4000186,construction.tools.generator,tefal,154.37,4,0,0.0,0.0
28717160,apparel.shoes,respect,118.15,4,0,0.0,0.0
5000427,appliances.sewing_machine,janome,1003.86,4,0,0.0,0.0
3700967,appliances.environment.vacuum,philips,257.38,4,0,0.0,0.0
28721442,apparel.shoes.keds,anta,84.92,4,1,84.92,25.0
1307107,computers.notebook,asus,1282.14,4,0,0.0,0.0
11600301,computers.desktop,microlab,20.64,4,1,20.64,25.0
2501753,appliances.kitchen.oven,artel,41.16,4,1,41.16,25.0
17800697,computers.desktop,zeta,121.47,4,0,0.0,0.0
6400210,computers.components.cpu,intel,147.24,4,0,0.0,0.0
1801975,electronics.video.tv,lg,1080.31,4,0,0.0,0.0
12400356,construction.tools.drill,bosch,117.63,4,0,0.0,0.0
3200477,appliances.kitchen.meat_grinder,scarlett,48.65,4,0,0.0,0.0
28718444,apparel.shoes.keds,strobbs,64.61,4,0,0.0,0.0
14700067,furniture.living_room.cabinet,sv,205.67,4,0,0.0,0.0
12300087,construction.tools.drill,bosch,69.63,4,0,0.0,0.0
22600014,auto.accessories.compressor,chameleon,44.53,4,0,0.0,0.0
5000530,appliances.sewing_machine,janome,154.42,4,0,0.0,0.0
1801772,electronics.video.tv,changhong,359.6,4,0,0.0,0.0
16200329,kids.fmcg.diapers,huggies,12.36,4,0,0.0,0.0
2701587,appliances.kitchen.refrigerators,haier,489.05,4,0,0.0,0.0
4802648,electronics.audio.headphone,beats,344.9,4,0,0.0,0.0
1003751,electronics.smartphone,sony,257.38,4,0,0.0,0.0
5700426,auto.accessories.player,sony,424.72,4,0,0.0,0.0
2700196,appliances.kitchen.refrigerators,atlant,212.1,4,0,0.0,0.0
3701390,appliances.environment.vacuum,dauscher,46.31,4,0,0.0,0.0
3700859,appliances.environment.vacuum,thomas,141.29,4,0,0.0,0.0
28721262,apparel.shoes,legre,82.63,4,0,0.0,0.0
16200054,kids.fmcg.diapers,merries,20.71,4,0,0.0,0.0
5800966,electronics.audio.subwoofer,alpine,38.61,4,0,0.0,0.0
28718294,apparel.shoes.keds,tamaris,110.43,4,0,0.0,0.0
1307180,computers.notebook,asus,669.23,4,0,0.0,0.0
5700581,auto.accessories.player,kenwood,77.22,4,0,0.0,0.0
11700214,electronics.audio.acoustic,yamaha,304.9,4,0,0.0,0.0
7102014,furniture.bedroom.bed,chicco,308.86,4,0,0.0,0.0
5700447,auto.accessories.player,jvc,47.62,4,0,0.0,0.0
3701288,appliances.environment.vacuum,dauscher,51.07,4,0,0.0,0.0
2400445,appliances.kitchen.hood,gefest,42.96,4,0,0.0,0.0
1801804,electronics.video.tv,lg,2573.99,4,0,0.0,0.0
3700700,appliances.environment.vacuum,hoover,46.31,4,0,0.0,0.0
9002782,kids.toys,bestoy,56.63,4,0,0.0,0.0
6301418,appliances.kitchen.kettle,redmond,61.75,4,0,0.0,0.0
28719176,apparel.shoes,salamander,127.42,4,0,0.0,0.0
30900014,computers.components.cooler,deepcool,45.02,4,0,0.0,0.0
2702339,appliances.kitchen.refrigerators,lg,573.81,4,0,0.0,0.0
39800121,apparel.shirt,dion,29.6,4,0,0.0,0.0
5800957,electronics.audio.subwoofer,pride,128.7,4,0,0.0,0.0
1700542,computers.peripherals.monitor,acer,68.16,4,0,0.0,0.0
14700136,furniture.living_room.cabinet,brw,428.58,4,0,0.0,0.0
28720741,apparel.shoes,rooman,64.61,4,0,0.0,0.0
5000118,appliances.sewing_machine,janome,135.78,4,0,0.0,0.0
5000059,appliances.sewing_machine,toyota,231.64,4,1,231.64,25.0
28300465,accessories.wallet,karya,38.61,4,0,0.0,0.0
4800146,electronics.audio.headphone,jabra,47.93,4,0,0.0,0.0
28715223,apparel.shoes,fassen,53.8,4,0,0.0,0.0
1307461,computers.notebook,asus,870.81,4,0,0.0,0.0
17800715,computers.desktop,zeta,30.86,4,0,0.0,0.0
28716454,apparel.shoes,respect,123.3,4,0,0.0,0.0
6200542,appliances.environment.air_heater,oasis,11.04,4,0,0.0,0.0
1480133,computers.desktop,neo,746.48,4,0,0.0,0.0
4803000,electronics.audio.headphone,sony,38.35,4,0,0.0,0.0
28715840,apparel.shoes,rooman,51.22,4,0,0.0,0.0
2701426,appliances.kitchen.refrigerators,haier,694.97,4,0,0.0,0.0
35108902,apparel.underwear,milavitsa,12.85,4,0,0.0,0.0
2900016,appliances.kitchen.microwave,panasonic,95.21,4,0,0.0,0.0
6000111,auto.accessories.alarm,starline,176.84,4,0,0.0,0.0
3200111,appliances.kitchen.meat_grinder,bosch,226.49,4,0,0.0,0.0
17800718,computers.desktop,zeta,54.8,4,0,0.0,0.0
28716613,apparel.shoes,baden,79.02,4,0,0.0,0.0
18300595,accessories.bag,meizu,30.86,4,0,0.0,0.0
1005134,electronics.smartphone,apple,1955.01,4,0,0.0,0.0
5800984,electronics.audio.subwoofer,kicx,35.52,4,0,0.0,0.0
1307052,computers.notebook,apple,1583.05,4,0,0.0,0.0
4803854,electronics.audio.headphone,steelseries,463.07,4,0,0.0,0.0
1307233,computers.notebook,asus,1383.83,4,0,0.0,0.0
8800341,electronics.telephone,texet,20.46,4,0,0.0,0.0
28300600,accessories.wallet,karya,46.33,4,0,0.0,0.0
1004585,electronics.smartphone,jinga,69.48,4,0,0.0,0.0
21408379,electronics.clocks,tissot,947.26,4,0,0.0,0.0
3701046,appliances.environment.vacuum,samsung,66.9,4,0,0.0,0.0
3601526,appliances.kitchen.washer,samsung,514.63,4,0,0.0,0.0
1004231,electronics.smartphone,apple,1337.94,4,0,0.0,0.0
28713772,apparel.shoes.keds,nike,55.39,4,0,0.0,0.0
1002396,electronics.smartphone,sony,275.55,4,0,0.0,0.0
28718346,apparel.shoes,respect,80.83,4,0,0.0,0.0
5200126,computers.ebooks,amazon,125.95,4,0,0.0,0.0
4700698,auto.accessories.videoregister,navitel,95.21,4,0,0.0,0.0
1003328,electronics.smartphone,nokia,573.17,4,0,0.0,0.0
28718342,apparel.shoes,respect,128.45,4,0,0.0,0.0
10900292,appliances.kitchen.mixer,vitek,18.76,4,0,0.0,0.0
26900008,sport.trainer,housefit,257.4,4,0,0.0,0.0
16200102,kids.fmcg.diapers,sweety,15.96,4,0,0.0,0.0
1004728,electronics.smartphone,sony,179.9,4,0,0.0,0.0
4802870,electronics.audio.headphone,jbl,25.71,4,0,0.0,0.0
28716827,apparel.shoes,rieker,106.31,4,0,0.0,0.0
6700355,computers.components.videocards,gigabyte,61.97,4,0,0.0,0.0
5000220,appliances.sewing_machine,janome,101.16,4,0,0.0,0.0
4900421,appliances.kitchen.juicer,scarlett,37.66,4,0,0.0,0.0
4400298,appliances.kitchen.coffee_machine,vitek,152.9,4,0,0.0,0.0
2501142,appliances.kitchen.oven,artel,41.16,4,0,0.0,0.0
3200426,appliances.kitchen.meat_grinder,moulinex,231.64,4,0,0.0,0.0
2701994,appliances.kitchen.refrigerators,samsung,656.1,4,0,0.0,0.0
5701136,auto.accessories.player,kenwood,95.24,4,0,0.0,0.0
50600081,auto.accessories.compressor,hyundai,343.33,4,0,0.0,0.0
12600010,appliances.kitchen.grill,clatronic,43.73,4,0,0.0,0.0
4804304,electronics.audio.headphone,hyperx,136.17,4,0,0.0,0.0
12300842,construction.tools.drill,crown,42.99,4,0,0.0,0.0
6801093,computers.components.hdd,kingston,134.41,4,0,0.0,0.0
1201474,electronics.tablet,bq,53.8,4,0,0.0,0.0
4803651,electronics.audio.headphone,harper,48.91,4,1,48.91,25.0
4400223,appliances.kitchen.coffee_machine,delonghi,1930.29,4,0,0.0,0.0
8800847,electronics.telephone,nokia,33.46,4,0,0.0,0.0
9200581,computers.peripherals.keyboard,rapoo,26.26,4,0,0.0,0.0
14100027,electronics.audio.acoustic,admira,145.18,4,0,0.0,0.0
3900895,appliances.environment.water_heater,klima,102.94,4,0,0.0,0.0
6000175,auto.accessories.alarm,starline,178.38,4,0,0.0,0.0
18800063,auto.accessories.parktronic,parkmaster,77.22,4,0,0.0,0.0
12600091,appliances.kitchen.grill,kitfort,89.84,4,0,0.0,0.0
16800295,furniture.kitchen.table,aero,1055.37,4,0,0.0,0.0
22600060,auto.accessories.compressor,autoprofi,37.97,4,0,0.0,0.0
1005202,electronics.smartphone,honor,231.64,4,0,0.0,0.0
8801050,electronics.telephone,philips,48.88,4,0,0.0,0.0
25900029,computers.components.cooler,midea,33.44,4,0,0.0,0.0
3601301,appliances.kitchen.washer,lg,2161.96,4,0,0.0,0.0
1306765,computers.notebook,msi,978.12,4,0,0.0,0.0
1801913,electronics.video.tv,samsung,1541.61,4,0,0.0,0.0
5701135,auto.accessories.player,pioneer,553.42,4,0,0.0,0.0
18300141,accessories.bag,sumdex,16.73,4,0,0.0,0.0
3601223,appliances.kitchen.washer,lg,380.94,4,1,321.73,25.0
1480433,computers.desktop,smart,423.05,4,0,0.0,0.0
3700850,appliances.environment.vacuum,lg,89.06,4,0,0.0,0.0
12400028,construction.tools.drill,bosch,209.53,4,0,0.0,0.0
8800183,electronics.telephone,nokia,56.6,4,0,0.0,0.0
6400180,computers.components.cpu,intel,134.65,4,0,0.0,0.0
28703611,apparel.shoes.keds,reebok,118.15,4,0,0.0,0.0
5000188,appliances.sewing_machine,bernina,960.1,4,0,0.0,0.0
1304410,computers.notebook,apple,1673.12,4,0,0.0,0.0
1004080,electronics.smartphone,xiaomi,406.19,4,0,0.0,0.0
19300055,appliances.ironing_board,nika,41.16,4,0,0.0,0.0
35200115,apparel.underwear,milavitsa,14.28,4,0,0.0,0.0
4000136,construction.tools.generator,philips,120.96,4,0,0.0,0.0
25900023,computers.components.cooler,almacom,63.39,4,0,0.0,0.0
3600980,appliances.kitchen.washer,indesit,245.28,4,0,0.0,0.0
1701038,computers.peripherals.monitor,hp,152.64,4,0,0.0,0.0
49800019,accessories.bag,ritmix,3.93,4,0,0.0,0.0
28717161,apparel.shoes,respect,82.63,4,0,0.0,0.0
4200839,appliances.environment.air_conditioner,gree,188.82,4,0,0.0,0.0
1004704,electronics.smartphone,bq,97.79,4,0,0.0,0.0
28716678,apparel.shoes,respect,120.72,4,0,0.0,0.0
4000195,construction.tools.generator,scarlett,33.44,4,0,0.0,0.0
28715773,apparel.shoes,nexpero,97.56,4,0,0.0,0.0
3601511,appliances.kitchen.washer,lg,360.34,4,0,0.0,0.0
21403911,electronics.clocks,orient,290.1,4,0,0.0,0.0
16800041,furniture.kitchen.table,bts,92.64,4,0,0.0,0.0
1307228,computers.notebook,dell,1693.48,4,0,0.0,0.0
1306842,computers.notebook,asus,1228.79,4,0,0.0,0.0
14300169,electronics.audio.music_tools.piano,yamaha,486.5,4,0,0.0,0.0
30000228,construction.tools.welding,forza,95.17,4,0,0.0,0.0
2501010,appliances.kitchen.oven,artel,36.55,4,0,0.0,0.0
28716628,apparel.shoes.keds,respect,51.22,4,0,0.0,0.0
5100714,electronics.clocks,aimoto,55.32,4,0,0.0,0.0
21403947,electronics.clocks,casio,27.03,4,0,0.0,0.0
12201576,sport.bicycle,giant,504.26,4,0,0.0,0.0
21404123,electronics.clocks,casio,36.29,4,0,0.0,0.0
4000197,construction.tools.generator,polaris,74.62,4,1,74.62,25.0
11100226,appliances.personal.scales,scarlett,9.5,4,0,0.0,0.0
1401564,computers.desktop,avalon,553.17,4,0,0.0,0.0
4900352,appliances.kitchen.juicer,vitek,51.22,4,0,0.0,0.0
14500015,appliances.kitchen.coffee_grinder,delonghi,61.75,4,0,0.0,0.0
12300578,construction.tools.drill,makita,100.9,4,0,0.0,0.0
12400401,construction.tools.drill,crown,84.94,4,1,79.8,25.0
12301268,construction.tools.drill,crown,22.39,4,0,0.0,0.0
4200541,appliances.environment.air_conditioner,elenberg,128.68,4,0,0.0,0.0
49800027,accessories.bag,ritmix,5.13,4,0,0.0,0.0
28400775,accessories.bag,baden,61.52,4,0,0.0,0.0
5700623,auto.accessories.player,jvc,74.65,4,0,0.0,0.0
8800781,electronics.telephone,bq,31.43,4,0,0.0,0.0
25900019,computers.components.cooler,almacom,112.99,4,0,0.0,0.0
42700004,auto.accessories.winch,t-max,562.43,4,0,0.0,0.0
4900378,appliances.kitchen.juicer,scarlett,141.55,4,0,0.0,0.0
8801086,electronics.telephone,nokia,23.14,4,0,0.0,0.0
5100604,electronics.clocks,apple,377.87,4,0,0.0,0.0
28400723,accessories.bag,karya,74.65,4,0,0.0,0.0
8800345,electronics.telephone,nokia,21.88,4,0,0.0,0.0
4803779,electronics.audio.headphone,elari,72.02,4,0,0.0,0.0
4501089,appliances.kitchen.hob,gefest,244.48,4,0,0.0,0.0
36000087,appliances.kitchen.kettle,tefal,33.44,4,0,0.0,0.0
21400135,electronics.clocks,casio,165.26,4,0,0.0,0.0
16700466,furniture.kitchen.chair,barneo,36.29,4,0,0.0,0.0
5000344,appliances.sewing_machine,janome,270.25,4,0,0.0,0.0
1307023,computers.notebook,dell,517.36,4,0,0.0,0.0
28719606,apparel.shoes,baden,62.81,4,0,0.0,0.0
3701455,appliances.environment.vacuum,samsung,205.9,4,0,0.0,0.0
5200093,computers.ebooks,amazon,172.06,4,0,0.0,0.0
21406329,electronics.clocks,casio,1513.81,4,0,0.0,0.0
3701103,appliances.environment.vacuum,willmark,46.31,4,0,0.0,0.0
3200321,appliances.kitchen.meat_grinder,redmond,91.38,4,0,0.0,0.0
28704454,apparel.shoes,etor,126.13,4,0,0.0,0.0
11200189,appliances.personal.scales,tefal,17.99,4,0,0.0,0.0
28719426,apparel.shoes,baden,62.81,4,0,0.0,0.0
10900395,appliances.kitchen.mixer,kitfort,107.06,4,0,0.0,0.0
3700787,appliances.environment.vacuum,samsung,151.84,4,0,0.0,0.0
3601069,appliances.kitchen.washer,atlant,234.21,4,0,0.0,0.0
2800041,appliances.kitchen.refrigerators,kristal,257.38,4,0,0.0,0.0
14700126,furniture.living_room.cabinet,sv,257.38,4,0,0.0,0.0
1306724,computers.notebook,asus,875.16,4,0,0.0,0.0
1500113,computers.peripherals.printer,epson,149.01,4,0,0.0,0.0
2900406,appliances.kitchen.microwave,horizont,77.48,4,0,0.0,0.0
3600575,appliances.kitchen.washer,hotpoint-ariston,275.37,4,0,0.0,0.0
5800139,electronics.audio.subwoofer,mystery,41.19,3,0,0.0,0.0
1801796,electronics.video.tv,elenberg,411.83,3,0,0.0,0.0
35700020,appliances.kitchen.kettle,apollo,7.7,3,0,0.0,0.0
19200102,construction.tools.saw,stihl,643.52,3,0,0.0,0.0
1201483,electronics.tablet,irbis,59.2,3,0,0.0,0.0
2701388,appliances.kitchen.refrigerators,samsung,489.05,3,0,0.0,0.0
6300759,appliances.kitchen.kettle,tefal,46.31,3,0,0.0,0.0
4400166,appliances.kitchen.coffee_machine,delonghi,162.14,3,0,0.0,0.0
1306424,computers.notebook,hp,977.89,3,0,0.0,0.0
28706322,apparel.shoes.keds,escan,25.74,3,0,0.0,0.0
30500002,country_yard.cultivator,huter,320.19,3,0,0.0,0.0
4802419,electronics.audio.headphone,sony,13.39,3,0,0.0,0.0
14701217,furniture.living_room.cabinet,brw,155.73,3,0,0.0,0.0
14700312,furniture.living_room.cabinet,bts,317.61,3,0,0.0,0.0
3701321,appliances.environment.vacuum,karcher,151.7,3,0,0.0,0.0
2402422,appliances.kitchen.hood,hansa,102.65,3,0,0.0,0.0
10900320,appliances.kitchen.mixer,bosch,39.36,3,0,0.0,0.0
3100278,appliances.kitchen.blender,braun,128.68,3,0,0.0,0.0
7006416,kids.carriage,mutsy,0.9,3,0,0.0,0.0
5000324,appliances.sewing_machine,janome,133.83,3,0,0.0,0.0
2700438,appliances.kitchen.refrigerators,indesit,223.92,3,0,0.0,0.0
18300635,accessories.bag,xiaomi,32.77,3,0,0.0,0.0
14300019,electronics.audio.music_tools.piano,cortland,136.17,3,2,264.18,66.67
4700421,auto.accessories.videoregister,neoline,71.79,3,0,0.0,0.0
28715119,apparel.shoes.keds,baden,46.59,3,0,0.0,0.0
2800246,appliances.kitchen.refrigerators,elenberg,257.38,3,0,0.0,0.0
4600603,appliances.kitchen.dishwasher,bosch,684.44,3,0,0.0,0.0
1307149,computers.notebook,hp,463.07,3,0,0.0,0.0
1306986,computers.notebook,asus,965.27,3,0,0.0,0.0
16800237,furniture.kitchen.table,domini,283.15,3,0,0.0,0.0
1307450,computers.notebook,acer,643.49,3,0,0.0,0.0
1480607,computers.desktop,pulser,1763.21,3,1,1763.21,33.33
1005231,electronics.smartphone,xiaomi,409.02,3,0,0.0,0.0
5800851,electronics.audio.subwoofer,acv,64.35,3,0,0.0,0.0
3600632,appliances.kitchen.washer,atlant,237.84,3,0,0.0,0.0
21400269,electronics.clocks,casio,575.05,3,0,0.0,0.0
4800224,electronics.audio.headphone,sony,71.82,3,0,0.0,0.0
1306414,computers.notebook,lenovo,875.16,3,0,0.0,0.0
12300500,construction.tools.drill,hilti,270.66,3,0,0.0,0.0
2900809,appliances.kitchen.microwave,samsung,100.13,3,0,0.0,0.0
1005220,electronics.smartphone,bq,92.81,3,0,0.0,0.0
1480506,computers.desktop,pulser,514.79,3,0,0.0,0.0
5000076,appliances.sewing_machine,janome,107.83,3,0,0.0,0.0
1201229,electronics.tablet,lenovo,128.45,3,0,0.0,0.0
1306774,computers.notebook,lenovo,746.45,3,0,0.0,0.0
5100815,electronics.clocks,aimoto,56.63,3,0,0.0,0.0
6500998,computers.components.motherboard,asrock,102.67,3,0,0.0,0.0
6302003,appliances.kitchen.kettle,kitfort,18.76,3,0,0.0,0.0
28300686,accessories.wallet,muqajankz,36.04,3,0,0.0,0.0
3100819,appliances.kitchen.blender,polaris,46.77,3,0,0.0,0.0
6301982,appliances.kitchen.kettle,dauscher,15.42,3,0,0.0,0.0
12600025,appliances.kitchen.grill,redmond,236.74,3,0,0.0,0.0
28704269,apparel.shoes.keds,adidas,143.94,3,0,0.0,0.0
25800000,medicine.tools.tonometer,omron,74.6,3,0,0.0,0.0
18200024,electronics.audio.acoustic,sony,231.41,3,0,0.0,0.0
3100691,appliances.kitchen.blender,redmond,59.18,3,0,0.0,0.0
2702130,appliances.kitchen.refrigerators,haier,1801.82,3,0,0.0,0.0
1500484,computers.peripherals.printer,canon,193.03,3,0,0.0,0.0
2900372,appliances.kitchen.microwave,horizont,64.87,3,0,0.0,0.0
2701379,appliances.kitchen.refrigerators,indesit,324.56,3,0,0.0,0.0
1401566,computers.desktop,avalon,705.27,3,0,0.0,0.0
5100638,electronics.clocks,garmin,308.86,3,0,0.0,0.0
28717126,apparel.shoes.keds,respect,44.79,3,0,0.0,0.0
1701397,computers.peripherals.monitor,hp,282.89,3,0,0.0,0.0
1201473,electronics.tablet,lenovo,167.03,3,0,0.0,0.0
4700719,auto.accessories.videoregister,ibox,51.48,3,0,0.0,0.0
1307389,computers.notebook,hp,1484.98,3,0,0.0,0.0
7004616,kids.carriage,bertoni,55.09,3,0,0.0,0.0
22900226,furniture.bedroom.pillow,askona,278.24,3,0,0.0,0.0
7002252,kids.carriage,wingoffly,120.38,3,0,0.0,0.0
1500395,computers.peripherals.printer,samsung,108.83,3,0,0.0,0.0
3600955,appliances.kitchen.washer,beko,504.49,3,0,0.0,0.0
28719406,apparel.shoes,baden,80.83,3,0,0.0,0.0
1801306,electronics.video.tv,haier,184.22,3,0,0.0,0.0
6200325,appliances.environment.air_heater,electrolux,20.57,3,0,0.0,0.0
1701532,computers.peripherals.monitor,acer,202.84,3,0,0.0,0.0
21409317,electronics.clocks,casio,17.5,3,0,0.0,0.0
4201127,appliances.environment.air_conditioner,beko,270.25,3,0,0.0,0.0
1002827,electronics.smartphone,leeco,379.57,3,0,0.0,0.0
1480134,computers.desktop,neo,903.24,3,0,0.0,0.0
12600023,appliances.kitchen.grill,delonghi,167.29,3,0,0.0,0.0
6600082,computers.components.memory,geil,35.47,3,0,0.0,0.0
45300036,kids.swing,pituso,89.77,3,0,0.0,0.0
6501007,computers.components.motherboard,msi,135.8,3,0,0.0,0.0
4700239,auto.accessories.videoregister,ibox,51.22,3,0,0.0,0.0
6700978,computers.components.videocards,msi,611.86,3,0,0.0,0.0
1004983,electronics.smartphone,samsung,751.63,3,0,0.0,0.0
27700730,construction.tools.pump,huter,91.35,3,0,0.0,0.0
42700001,auto.accessories.winch,denzel,350.48,3,0,0.0,0.0
28714351,apparel.shoes.keds,nike,111.95,3,0,0.0,0.0
8800908,electronics.telephone,bq,17.34,3,0,0.0,0.0
3701338,appliances.environment.vacuum,kolner,7.77,3,0,0.0,0.0
3200248,appliances.kitchen.meat_grinder,redmond,55.34,3,0,0.0,0.0
3801160,appliances.iron,tefal,38.1,3,0,0.0,0.0
12202522,sport.bicycle,trinx,218.8,3,0,0.0,0.0
3200077,appliances.kitchen.meat_grinder,elenberg,115.81,3,0,0.0,0.0
14500082,appliances.kitchen.coffee_grinder,vitek,17.99,3,0,0.0,0.0
6800904,computers.components.hdd,samsung,105.1,3,0,0.0,0.0
2300300,electronics.camera.video,sjcam,256.79,3,0,0.0,0.0
1306186,computers.notebook,acer,360.11,3,0,0.0,0.0
1307333,computers.notebook,lenovo,1181.01,3,0,0.0,0.0
5801584,electronics.audio.subwoofer,pioneer,72.07,3,0,0.0,0.0
45600763,apparel.shoes,garvalin,64.35,3,0,0.0,0.0
1004542,electronics.smartphone,tp-link,115.57,3,0,0.0,0.0
2900983,appliances.kitchen.microwave,hotpoint-ariston,66.9,3,0,0.0,0.0
5801638,electronics.audio.subwoofer,edge,74.65,3,0,0.0,0.0
1305836,computers.notebook,dell,907.1,3,0,0.0,0.0
21408704,electronics.clocks,casio,135.14,3,0,0.0,0.0
1201520,electronics.tablet,lenovo,205.9,3,0,0.0,0.0
6200242,appliances.environment.air_heater,midea,17.74,3,0,0.0,0.0
3600599,appliances.kitchen.washer,atlant,222.65,3,0,0.0,0.0
25900005,computers.components.cooler,ecocool,56.6,3,0,0.0,0.0
4900004,appliances.kitchen.juicer,moulinex,102.94,3,0,0.0,0.0
5200095,computers.ebooks,pocketbook,102.71,3,0,0.0,0.0
8800748,electronics.telephone,nokia,74.04,3,0,0.0,0.0
9200556,computers.peripherals.keyboard,razer,124.12,3,0,0.0,0.0
1004324,electronics.smartphone,honor,247.11,3,0,0.0,0.0
21400931,electronics.clocks,casio,51.22,3,0,0.0,0.0
11700279,electronics.audio.acoustic,yamaha,263.13,3,0,0.0,0.0
6200156,appliances.environment.air_heater,almacom,15.18,3,0,0.0,0.0
6201152,appliances.environment.air_heater,hyundai,58.95,3,0,0.0,0.0
11600234,computers.desktop,microlab,131.5,3,0,0.0,0.0
6700940,computers.components.videocards,gigabyte,397.21,3,0,0.0,0.0
1004184,electronics.smartphone,xiaomi,463.33,3,0,0.0,0.0
28712419,apparel.shoes,baden,96.53,3,0,0.0,0.0
1801139,electronics.video.tv,yasin,192.8,3,0,0.0,0.0
14700311,furniture.living_room.cabinet,brw,293.44,3,0,0.0,0.0
2500968,appliances.kitchen.oven,electrolux,463.07,3,0,0.0,0.0
1802046,electronics.video.tv,lg,2135.94,3,0,0.0,0.0
28717519,apparel.shoes,greyder,115.83,3,0,0.0,0.0
28704393,apparel.shoes.keds,adidas,102.71,3,0,0.0,0.0
8801063,electronics.telephone,philips,28.22,3,0,0.0,0.0
1802054,electronics.video.tv,yasin,186.59,3,0,0.0,0.0
2300159,electronics.camera.video,sjcam,58.95,3,0,0.0,0.0
45300042,kids.swing,lorelli,59.28,3,0,0.0,0.0
1004242,electronics.smartphone,apple,1335.81,3,0,0.0,0.0
4500145,appliances.kitchen.hob,samsung,329.46,3,0,0.0,0.0
7006011,kids.carriage,lorelli,201.29,3,0,0.0,0.0
6901266,furniture.living_room.chair,zlatek,36.0,3,0,0.0,0.0
28717496,apparel.shoes,respect,66.67,3,0,0.0,0.0
4801027,electronics.audio.headphone,xiaomi,21.34,3,0,0.0,0.0
1004450,electronics.smartphone,xiaomi,200.75,3,0,0.0,0.0
21407420,electronics.clocks,tissot,370.67,3,0,0.0,0.0
1600153,computers.peripherals.printer,xerox,156.5,3,0,0.0,0.0
7900194,furniture.kitchen.chair,joie,73.1,3,0,0.0,0.0
3600598,appliances.kitchen.washer,atlant,244.51,3,0,0.0,0.0
2300261,electronics.camera.video,acme,79.54,3,0,0.0,0.0
1002929,electronics.smartphone,micromax,84.95,3,0,0.0,0.0
22400172,electronics.audio.microphone,audio-technica,40.67,3,0,0.0,0.0
19300029,appliances.ironing_board,nika,24.43,3,0,0.0,0.0
28718737,apparel.shoes,respect,143.89,3,0,0.0,0.0
17200839,furniture.living_room.sofa,askona,1261.86,3,0,0.0,0.0
3701079,appliances.environment.vacuum,polaris,64.09,3,0,0.0,0.0
6300658,appliances.kitchen.kettle,maxwell,38.35,3,0,0.0,0.0
3701460,appliances.environment.vacuum,thomas,476.01,3,0,0.0,0.0
21400108,electronics.clocks,casio,144.66,3,0,0.0,0.0
2401438,appliances.kitchen.hood,artel,40.98,3,0,0.0,0.0
6902812,furniture.living_room.chair,lorelli,81.33,3,0,0.0,0.0
16900241,furniture.kitchen.table,imperial,81.57,3,0,0.0,0.0
12400000,construction.tools.drill,dwt,64.86,3,0,0.0,0.0
12100366,kids.skates,kugoo,262.04,3,0,0.0,0.0
17900135,construction.tools.generator,makita,1328.22,3,0,0.0,0.0
18200004,electronics.audio.acoustic,jbl,244.28,3,0,0.0,0.0
1600044,computers.peripherals.printer,samsung,166.8,3,0,0.0,0.0
8800402,electronics.telephone,nokia,33.44,3,0,0.0,0.0
1200050,electronics.tablet,apple,1003.37,3,0,0.0,0.0
4000040,construction.tools.generator,karcher,146.69,3,0,0.0,0.0
7004969,kids.carriage,cybex,373.21,3,0,0.0,0.0
21400813,electronics.clocks,casio,155.22,3,0,0.0,0.0
1801448,electronics.video.tv,shivaki,307.99,3,0,0.0,0.0
3800413,appliances.iron,polaris,22.39,3,0,0.0,0.0
12100614,kids.skates,longway,101.68,3,0,0.0,0.0
4900306,appliances.kitchen.juicer,polaris,65.1,3,0,0.0,0.0
5800583,electronics.audio.subwoofer,morel,51.48,3,0,0.0,0.0
4700534,auto.accessories.videoregister,inspector,308.57,3,0,0.0,0.0
1701343,computers.peripherals.monitor,samsung,386.08,3,0,0.0,0.0
4502690,appliances.kitchen.hob,darina,131.25,3,0,0.0,0.0
4700424,auto.accessories.videoregister,playme,64.33,3,0,0.0,0.0
1401631,computers.desktop,gigabyte,315.74,3,0,0.0,0.0
28716603,apparel.shoes,baden,118.15,3,0,0.0,0.0
1306260,computers.notebook,hp,1029.37,3,0,0.0,0.0
3900930,appliances.environment.water_heater,teploross,90.32,3,0,0.0,0.0
28703957,apparel.shoes.keds,nike,190.22,3,0,0.0,0.0
6800905,computers.components.hdd,samsung,84.92,3,0,0.0,0.0
1480381,computers.desktop,hp,483.67,3,0,0.0,0.0
28718191,apparel.shoes,salamander,51.22,3,0,0.0,0.0
3700796,appliances.environment.vacuum,philips,123.53,3,0,0.0,0.0
9101626,computers.peripherals.mouse,logitech,255.12,3,0,0.0,0.0
1305974,computers.notebook,apple,2084.71,3,0,0.0,0.0
21402652,electronics.clocks,fossil,180.18,3,0,0.0,0.0
5000708,appliances.sewing_machine,janome,200.52,3,0,0.0,0.0
1701082,computers.peripherals.monitor,lg,257.15,3,0,0.0,0.0
28716473,apparel.shoes,respect,128.45,3,0,0.0,0.0
4803391,electronics.audio.headphone,jbl,46.08,3,0,0.0,0.0
4900265,appliances.kitchen.juicer,moulinex,121.73,3,0,0.0,0.0
5800187,electronics.audio.subwoofer,pioneer,49.5,3,0,0.0,0.0
4600596,appliances.kitchen.dishwasher,midea,282.97,3,0,0.0,0.0
4600535,appliances.kitchen.dishwasher,dauscher,290.84,3,0,0.0,0.0
10400599,kids.toys,rastar,40.93,3,0,0.0,0.0
2701303,appliances.kitchen.refrigerators,indesit,442.66,3,0,0.0,0.0
23700003,furniture.bedroom.blanket,ikea,43.22,3,0,0.0,0.0
1004755,electronics.smartphone,fly,48.88,3,0,0.0,0.0
2900561,appliances.kitchen.microwave,midea,48.88,3,1,48.88,33.33
21408700,electronics.clocks,casio,168.86,3,0,0.0,0.0
5100446,electronics.clocks,garmin,198.09,3,0,0.0,0.0
21403640,electronics.clocks,orient,111.71,3,0,0.0,0.0
33700006,country_yard.furniture.hammok,palisad,25.1,3,0,0.0,0.0
28719615,apparel.shoes,baden,62.81,3,0,0.0,0.0
1802047,electronics.video.tv,lg,2444.82,3,0,0.0,0.0
30000237,construction.tools.welding,hyundai,78.25,3,0,0.0,0.0
6700787,computers.components.videocards,gigabyte,68.83,3,0,0.0,0.0
3701282,appliances.environment.vacuum,karcher,269.95,3,0,0.0,0.0
6400298,computers.components.cpu,amd,77.99,3,0,0.0,0.0
3600975,appliances.kitchen.washer,artel,93.74,3,0,0.0,0.0
28716826,apparel.shoes,rieker,106.31,3,0,0.0,0.0
3901097,appliances.environment.water_heater,ariston,109.55,3,0,0.0,0.0
3700601,appliances.environment.vacuum,vitek,51.43,3,0,0.0,0.0
28720285,apparel.shoes,betsy,49.91,3,0,0.0,0.0
2900299,appliances.kitchen.microwave,horizont,58.82,3,0,0.0,0.0
4700154,auto.accessories.videoregister,neoline,202.68,3,0,0.0,0.0
18900036,electronics.camera.photo,canon,478.75,3,0,0.0,0.0
18300522,accessories.bag,thule,69.47,3,0,0.0,0.0
1005148,electronics.smartphone,google,555.97,3,0,0.0,0.0
21410494,electronics.clocks,tissot,936.96,3,0,0.0,0.0
4800872,electronics.audio.headphone,panasonic,3.6,3,0,0.0,0.0
21401434,electronics.clocks,casio,155.22,3,0,0.0,0.0
3100311,appliances.kitchen.blender,bosch,100.62,3,0,0.0,0.0
1701268,computers.peripherals.monitor,aoc,313.93,3,0,0.0,0.0
12300899,construction.tools.drill,crown,68.26,3,0,0.0,0.0
6000279,auto.accessories.alarm,starline,86.49,3,0,0.0,0.0
12301106,construction.tools.drill,alteco,46.08,3,0,0.0,0.0
4803695,electronics.audio.headphone,ritmix,3.57,3,0,0.0,0.0
1801693,electronics.video.tv,hisense,452.78,3,0,0.0,0.0
11200234,appliances.personal.scales,bene,11.23,3,0,0.0,0.0
3800021,appliances.iron,braun,95.21,3,0,0.0,0.0
1004363,electronics.smartphone,apple,1310.15,3,0,0.0,0.0
6301732,appliances.kitchen.kettle,smeg,181.03,3,0,0.0,0.0
9101394,computers.peripherals.mouse,razer,40.64,3,0,0.0,0.0
6100243,auto.accessories.radar,playme,146.45,3,0,0.0,0.0
1480743,computers.desktop,pulser,1281.86,3,0,0.0,0.0
28714725,apparel.shoes,rooman,34.75,3,0,0.0,0.0
4201230,appliances.environment.air_conditioner,tcl,196.89,3,0,0.0,0.0
1400864,computers.desktop,gigabyte,116.59,3,0,0.0,0.0
5800902,electronics.audio.subwoofer,kicx,26.0,3,0,0.0,0.0
2702559,appliances.kitchen.refrigerators,midea,167.29,3,0,0.0,0.0
28717070,apparel.shoes.keds,puma,100.13,3,0,0.0,0.0
4803191,electronics.audio.headphone,xiaomi,14.41,3,0,0.0,0.0
14700052,furniture.living_room.cabinet,sv,141.32,3,1,152.9,33.33
6501099,computers.components.motherboard,biostar,52.78,3,0,0.0,0.0
1004093,electronics.smartphone,irbis,57.63,3,0,0.0,0.0
1307244,computers.notebook,hp,1317.67,3,0,0.0,0.0
1801977,electronics.video.tv,lg,491.23,3,0,0.0,0.0
1004995,electronics.smartphone,doogee,112.53,3,0,0.0,0.0
25900025,computers.components.cooler,almacom,30.89,3,0,0.0,0.0
4804241,electronics.audio.headphone,defender,9.95,3,0,0.0,0.0
1306198,computers.notebook,apple,1783.55,3,0,0.0,0.0
21402913,electronics.clocks,casio,17.5,3,0,0.0,0.0
3200392,appliances.kitchen.meat_grinder,saturn,28.83,3,0,0.0,0.0
17800178,computers.desktop,aerocool,167.88,3,0,0.0,0.0
10400643,kids.toys,silverlit,279.03,3,0,0.0,0.0
18300785,accessories.bag,g-cube,12.22,3,0,0.0,0.0
1701393,computers.peripherals.monitor,acer,217.51,3,0,0.0,0.0
21401246,electronics.clocks,casio,37.32,3,0,0.0,0.0
53900009,construction.tools.saw,stanley,93.01,3,0,0.0,0.0
29700037,accessories.umbrella,fabretti,25.48,3,0,0.0,0.0
16800200,furniture.kitchen.table,halmar,317.69,3,0,0.0,0.0
4802068,electronics.audio.headphone,plantronics,38.97,3,0,0.0,0.0
3700557,appliances.environment.vacuum,karcher,118.41,3,0,0.0,0.0
6100098,auto.accessories.radar,ibox,61.76,3,0,0.0,0.0
28718724,apparel.shoes,respect,89.84,3,0,0.0,0.0
45600257,apparel.shoes,shagovita,52.5,3,0,0.0,0.0
1480732,computers.desktop,pulser,658.94,3,0,0.0,0.0
7005850,kids.carriage,babykiss,218.8,3,0,0.0,0.0
28717044,apparel.shoes.keds,strobbs,48.39,3,0,0.0,0.0
18300249,accessories.bag,acer,33.44,3,0,0.0,0.0
3800511,appliances.iron,braun,249.66,3,0,0.0,0.0
1801540,electronics.video.tv,lg,746.22,3,0,0.0,0.0
11700192,electronics.audio.acoustic,m-audio,112.94,3,0,0.0,0.0
7005988,kids.carriage,yoya,77.17,3,0,0.0,0.0
22400153,electronics.audio.microphone,trust,64.09,3,1,64.09,33.33
4802853,electronics.audio.headphone,redragon,13.15,3,0,0.0,0.0
3900985,appliances.environment.water_heater,ariston,126.77,3,0,0.0,0.0
5800649,electronics.audio.subwoofer,soundstream,24.45,3,0,0.0,0.0
1005147,electronics.smartphone,nokia,128.45,3,0,0.0,0.0
6000187,auto.accessories.alarm,starline,177.61,3,0,0.0,0.0
1005039,electronics.smartphone,google,604.91,3,0,0.0,0.0
1701326,computers.peripherals.monitor,acer,91.28,3,1,91.1,33.33
3100504,appliances.kitchen.blender,moulinex,64.33,3,0,0.0,0.0
1307109,computers.notebook,acer,463.26,3,0,0.0,0.0
5100523,electronics.clocks,wonlex,46.08,3,1,38.33,33.33
17800157,computers.desktop,aerocool,205.9,3,0,0.0,0.0
21407287,electronics.clocks,rado,2574.07,3,0,0.0,0.0
6400285,computers.components.cpu,amd,185.85,3,0,0.0,0.0
28714689,apparel.shoes.keds,adidas,114.52,3,0,0.0,0.0
1801356,electronics.video.tv,sony,282.86,3,1,282.86,33.33
3801031,appliances.iron,vitek,29.83,3,0,0.0,0.0
2800369,appliances.kitchen.refrigerators,electrolux,1400.27,3,0,0.0,0.0
12300524,construction.tools.drill,makita,58.18,3,0,0.0,0.0
4201115,appliances.environment.air_conditioner,atlantic,501.94,3,0,0.0,0.0
28715687,apparel.shoes,greyder,97.81,3,0,0.0,0.0
6500919,computers.components.motherboard,asus,118.79,3,0,0.0,0.0
28715628,apparel.shoes.keds,peak,97.79,3,0,0.0,0.0
5200136,computers.ebooks,pocketbook,122.38,3,0,0.0,0.0
6400314,computers.components.cpu,intel,211.08,3,0,0.0,0.0
2700959,appliances.kitchen.refrigerators,elenberg,128.68,3,0,0.0,0.0
13200520,furniture.bedroom.bed,brw,163.45,3,0,0.0,0.0
28720535,apparel.shoes,covani,107.85,3,0,0.0,0.0
3701163,appliances.environment.vacuum,bosch,270.25,3,0,0.0,0.0
1306715,computers.notebook,dell,692.17,3,0,0.0,0.0
1307264,computers.notebook,lenovo,321.73,3,0,0.0,0.0
1701040,computers.peripherals.monitor,hp,154.19,3,0,0.0,0.0
1304442,computers.notebook,xiaomi,1003.63,3,0,0.0,0.0
2500178,appliances.kitchen.oven,samsung,604.83,3,0,0.0,0.0
1201197,electronics.tablet,apple,570.81,3,0,0.0,0.0
13600081,furniture.bathroom.bath,domani-spa,136.94,3,0,0.0,0.0
16900242,furniture.kitchen.table,mebelson,147.73,3,0,0.0,0.0
13201305,furniture.bedroom.bed,mebelson,137.69,3,0,0.0,0.0
6600456,computers.components.memory,kingston,38.13,3,0,0.0,0.0
21403940,electronics.clocks,otan,836.57,3,0,0.0,0.0
1801227,electronics.video.tv,artel,1148.01,3,0,0.0,0.0
19100005,construction.tools.saw,bosch,82.34,3,0,0.0,0.0
4600614,appliances.kitchen.dishwasher,flavia,362.38,3,0,0.0,0.0
21400808,electronics.clocks,casio,155.22,3,0,0.0,0.0
1480439,computers.desktop,pulser,926.64,3,0,0.0,0.0
21408793,electronics.clocks,orient,76.19,3,0,0.0,0.0
10201171,kids.dolls,llorens,57.89,3,0,0.0,0.0
1600448,computers.peripherals.printer,epson,244.25,3,0,0.0,0.0
42800003,construction.tools.saw,makita,783.46,3,1,783.46,33.33
28719220,apparel.shoes,burgerschuhe,104.51,3,0,0.0,0.0
6300791,appliances.kitchen.kettle,saturn,32.18,3,0,0.0,0.0
2501276,appliances.kitchen.oven,elenberg,72.05,3,0,0.0,0.0
21407652,electronics.clocks,casio,1030.66,3,0,0.0,0.0
4502020,appliances.kitchen.hob,dauscher,102.94,3,0,0.0,0.0
8700109,appliances.personal.hair_cutter,philips,59.18,3,0,0.0,0.0
1201499,electronics.tablet,bq,77.19,3,0,0.0,0.0
1801795,electronics.video.tv,sony,2573.81,3,0,0.0,0.0
28718708,apparel.shoes,respect,106.05,3,0,0.0,0.0
6701085,computers.components.videocards,asus,1585.37,3,0,0.0,0.0
4803404,electronics.audio.headphone,samsung,11.04,3,0,0.0,0.0
29100025,appliances.personal.massager,gezatone,60.49,3,0,0.0,0.0
28713906,apparel.shoes.keds,nike,167.06,3,0,0.0,0.0
11200020,appliances.personal.scales,saturn,10.17,3,0,0.0,0.0
6000196,auto.accessories.alarm,pandect,294.22,3,0,0.0,0.0
17800121,computers.desktop,zeta,110.94,3,0,0.0,0.0
5800723,electronics.audio.subwoofer,mystery,177.61,3,0,0.0,0.0
1004357,electronics.smartphone,apple,1433.76,3,0,0.0,0.0
5800802,electronics.audio.subwoofer,kenwood,48.67,3,0,0.0,0.0
3700801,appliances.environment.vacuum,samsung,169.86,3,0,0.0,0.0
3701430,appliances.environment.vacuum,xiaomi,33.21,3,0,0.0,0.0
1802012,electronics.video.tv,lg,693.69,3,0,0.0,0.0
2900415,appliances.kitchen.microwave,horizont,76.71,3,0,0.0,0.0
3701015,appliances.environment.vacuum,tefal,187.88,3,0,0.0,0.0
12201625,sport.bicycle,giant,478.52,3,0,0.0,0.0
12300187,construction.tools.drill,stanley,52.24,3,0,0.0,0.0
5700954,auto.accessories.player,mydean,205.93,3,0,0.0,0.0
3800850,appliances.iron,elenberg,20.57,3,0,0.0,0.0
4900011,appliances.kitchen.juicer,braun,144.12,3,0,0.0,0.0
28719075,apparel.shoes,baden,82.63,3,0,0.0,0.0
28714004,apparel.shoes.keds,nike,53.33,3,0,0.0,0.0
4803682,electronics.audio.headphone,kingston,56.34,3,0,0.0,0.0
11300044,electronics.telephone,panasonic,50.68,3,0,0.0,0.0
1004189,electronics.smartphone,oppo,197.99,3,0,0.0,0.0
6701082,computers.components.videocards,gainward,457.0,3,0,0.0,0.0
2800087,appliances.kitchen.refrigerators,atlant,283.12,3,0,0.0,0.0
18500032,electronics.tablet,huion,128.68,3,0,0.0,0.0
1701533,computers.peripherals.monitor,acer,173.75,3,0,0.0,0.0
18300496,accessories.bag,lenovo,13.36,3,0,0.0,0.0
11600114,computers.desktop,microlab,32.43,3,1,32.43,33.33
22400033,electronics.audio.microphone,shure,139.77,3,0,0.0,0.0
1701408,computers.peripherals.monitor,hp,388.43,3,0,0.0,0.0
1801507,electronics.video.tv,philips,563.46,3,0,0.0,0.0
4700587,auto.accessories.videoregister,subini,136.43,3,0,0.0,0.0
28718265,apparel.shoes.keds,tamaris,80.83,3,0,0.0,0.0
12400173,construction.tools.drill,crown,71.74,3,0,0.0,0.0
5100647,electronics.clocks,garmin,343.83,3,0,0.0,0.0
6400341,computers.components.cpu,amd,183.53,3,0,0.0,0.0
1005011,electronics.smartphone,samsung,900.64,3,0,0.0,0.0
4900296,appliances.kitchen.juicer,redmond,123.3,3,0,0.0,0.0
1200519,electronics.tablet,elenberg,126.36,3,0,0.0,0.0
28715466,apparel.shoes,rieker,73.36,3,0,0.0,0.0
8800470,electronics.telephone,texet,25.71,3,0,0.0,0.0
6400224,computers.components.cpu,intel,449.69,3,0,0.0,0.0
5100281,electronics.clocks,wonlex,46.31,3,0,0.0,0.0
35100863,apparel.underwear,milavitsa,21.9,3,0,0.0,0.0
28719070,apparel.shoes.keds,baden,71.82,3,0,0.0,0.0
14700205,furniture.living_room.cabinet,sv,282.89,3,1,282.89,33.33
1307477,computers.notebook,lenovo,823.68,3,0,0.0,0.0
28712439,apparel.shoes,respect,89.84,3,0,0.0,0.0
4900122,appliances.kitchen.juicer,elenberg,51.46,3,0,0.0,0.0
1003051,electronics.smartphone,samsung,599.66,3,0,0.0,0.0
2900767,appliances.kitchen.microwave,bosch,311.71,3,0,0.0,0.0
2800616,appliances.kitchen.refrigerators,atlant,282.89,3,0,0.0,0.0
43200104,apparel.tshirt,nike,42.45,3,0,0.0,0.0
16200000,kids.fmcg.diapers,huggies,20.4,3,0,0.0,0.0
4400411,appliances.kitchen.coffee_machine,smeg,425.72,3,0,0.0,0.0
5100351,electronics.clocks,apple,356.26,3,0,0.0,0.0
5700300,auto.accessories.player,jvc,122.27,3,0,0.0,0.0
1004982,electronics.smartphone,samsung,1029.34,3,0,0.0,0.0
7005878,kids.carriage,joie,257.15,3,0,0.0,0.0
3100161,appliances.kitchen.blender,braun,79.77,3,0,0.0,0.0
1701553,computers.peripherals.monitor,acer,352.9,3,0,0.0,0.0
28712834,apparel.shoes,respect,79.02,3,0,0.0,0.0
4000209,construction.tools.generator,karcher,412.98,3,0,0.0,0.0
4201023,appliances.environment.air_conditioner,almacom,236.96,3,0,0.0,0.0
5800546,electronics.audio.subwoofer,hertz,76.71,3,0,0.0,0.0
3701072,appliances.environment.vacuum,galaxy,28.31,3,0,0.0,0.0
26900058,sport.trainer,konlega,179.93,3,0,0.0,0.0
28718466,apparel.shoes.keds,strobbs,64.61,3,0,0.0,0.0
1201415,electronics.tablet,nexttab,61.74,3,0,0.0,0.0
1701546,computers.peripherals.monitor,philips,1904.78,3,0,0.0,0.0
48200093,apparel.dress,mltl,38.35,3,0,0.0,0.0
21405816,electronics.clocks,casio,161.91,3,0,0.0,0.0
35104542,apparel.underwear,milavitsa,31.51,3,0,0.0,0.0
11600257,computers.desktop,edifier,295.02,3,0,0.0,0.0
2700613,appliances.kitchen.refrigerators,indesit,357.54,3,0,0.0,0.0
1004973,electronics.smartphone,samsung,1158.05,3,0,0.0,0.0
8901476,kids.toys,x-game,8.21,3,0,0.0,0.0
5701120,auto.accessories.player,pioneer,66.93,3,0,0.0,0.0
3600869,appliances.kitchen.washer,indesit,191.51,3,0,0.0,0.0
1003050,electronics.smartphone,samsung,617.52,3,0,0.0,0.0
28716965,apparel.shoes.keds,respect,88.03,3,0,0.0,0.0
28717086,apparel.shoes.keds,puma,100.13,3,0,0.0,0.0
3000137,appliances.kitchen.steam_cooker,smeg,1857.18,3,0,0.0,0.0
5700853,auto.accessories.player,winca,489.07,3,0,0.0,0.0
8800876,electronics.telephone,fly,18.82,3,0,0.0,0.0
12202384,sport.bicycle,matrix,102.95,3,0,0.0,0.0
16800067,furniture.kitchen.table,gerbor,188.94,3,0,0.0,0.0
1306214,computers.notebook,asus,826.25,3,0,0.0,0.0
3701491,appliances.environment.vacuum,xiaomi,93.95,3,0,0.0,0.0
12201558,sport.bicycle,axis,118.15,3,0,0.0,0.0
3900658,appliances.environment.water_heater,ariston,119.54,3,0,0.0,0.0
28718185,apparel.shoes,salamander,37.07,3,0,0.0,0.0
14100275,electronics.audio.acoustic,fender,180.96,3,0,0.0,0.0
22600038,auto.accessories.compressor,t-max,93.95,3,0,0.0,0.0
18200001,electronics.audio.acoustic,sony,308.63,3,0,0.0,0.0
7005989,kids.carriage,yoya,77.22,3,0,0.0,0.0
1480209,computers.desktop,lenovo,1364.0,3,0,0.0,0.0
4700702,auto.accessories.videoregister,avis,146.72,3,0,0.0,0.0
28715985,apparel.shoes.keds,adidas,115.81,3,0,0.0,0.0
2701754,appliances.kitchen.refrigerators,indesit,298.57,3,0,0.0,0.0
12100796,kids.skates,doohan,1090.63,3,0,0.0,0.0
7001510,kids.carriage,joie,109.91,3,0,0.0,0.0
11300052,electronics.telephone,texet,19.27,3,0,0.0,0.0
3700298,appliances.environment.vacuum,karcher,659.5,3,0,0.0,0.0
28716039,apparel.shoes.keds,jordan,141.32,3,0,0.0,0.0
28719107,apparel.shoes,alpina,117.12,3,0,0.0,0.0
9900453,electronics.video.projector,byintek,167.77,3,0,0.0,0.0
8800817,electronics.telephone,elari,30.8,3,0,0.0,0.0
28703920,apparel.shoes.keds,nike,55.39,3,0,0.0,0.0
5000024,appliances.sewing_machine,janome,118.38,3,0,0.0,0.0
11700208,electronics.audio.acoustic,m-audio,347.5,3,0,0.0,0.0
2501356,appliances.kitchen.oven,saturn,50.19,3,1,50.19,33.33
11700032,electronics.audio.acoustic,peavey,1518.7,3,0,0.0,0.0
3100327,appliances.kitchen.blender,polaris,43.5,3,0,0.0,0.0
3600986,appliances.kitchen.washer,atlantic,95.21,3,0,0.0,0.0
22600039,auto.accessories.compressor,t-max,141.32,3,0,0.0,0.0
3701212,appliances.environment.vacuum,philips,386.11,3,0,0.0,0.0
3100724,appliances.kitchen.blender,philips,154.42,3,0,0.0,0.0
21400497,electronics.clocks,boccia,139.0,3,0,0.0,0.0
48200037,apparel.dress,mltl,32.18,3,0,0.0,0.0
28719390,apparel.shoes,rieker,110.43,3,0,0.0,0.0
13200699,furniture.bedroom.bed,redford,175.29,3,0,0.0,0.0
2401435,appliances.kitchen.hood,hansa,51.46,3,0,0.0,0.0
17800146,computers.desktop,trust,114.65,3,0,0.0,0.0
5700451,auto.accessories.player,pioneer,157.02,3,0,0.0,0.0
5701201,auto.accessories.player,jvc,144.15,3,0,0.0,0.0
4600484,appliances.kitchen.dishwasher,hansa,360.34,3,0,0.0,0.0
1306556,computers.notebook,lenovo,926.64,3,0,0.0,0.0
12202066,sport.bicycle,kink,372.98,3,0,0.0,0.0
18800067,auto.accessories.parktronic,pioneer,51.22,3,0,0.0,0.0
5700188,auto.accessories.player,alpine,97.81,3,0,0.0,0.0
1480608,computers.desktop,pulser,380.94,3,0,0.0,0.0
21406039,electronics.clocks,boccia,1050.73,3,0,0.0,0.0
4802044,electronics.audio.headphone,audio-technica,75.77,3,0,0.0,0.0
3700070,appliances.environment.vacuum,philips,218.77,3,0,0.0,0.0
2500897,appliances.kitchen.oven,gefest,333.87,3,0,0.0,0.0
2702290,appliances.kitchen.refrigerators,lg,977.96,3,0,0.0,0.0
28718183,apparel.shoes,salamander,66.67,3,0,0.0,0.0
28717071,apparel.shoes.keds,puma,100.13,3,0,0.0,0.0
1005271,electronics.smartphone,sony,952.15,3,0,0.0,0.0
5000010,appliances.sewing_machine,jaguar,73.99,3,0,0.0,0.0
9101587,computers.peripherals.mouse,asus,67.02,3,0,0.0,0.0
1802056,electronics.video.tv,samsung,1158.3,3,0,0.0,0.0
2800614,appliances.kitchen.refrigerators,atlant,211.05,3,0,0.0,0.0
6300325,appliances.kitchen.kettle,tefal,33.43,3,0,0.0,0.0
8902124,kids.toys,origami,4.3,3,0,0.0,0.0
28300291,accessories.wallet,karya,33.46,3,0,0.0,0.0
4700651,auto.accessories.videoregister,anytek,100.39,3,0,0.0,0.0
2401356,appliances.kitchen.hood,samsung,141.29,3,0,0.0,0.0
5100705,electronics.clocks,garmin,1248.13,3,0,0.0,0.0
2701392,appliances.kitchen.refrigerators,lg,1492.93,3,0,0.0,0.0
12400044,construction.tools.drill,dewalt,127.4,3,0,0.0,0.0
1305998,computers.notebook,hp,270.02,3,0,0.0,0.0
1801363,electronics.video.tv,artel,136.4,3,0,0.0,0.0
1802053,electronics.video.tv,samsung,336.44,3,0,0.0,0.0
7003278,kids.carriage,joie,230.38,3,0,0.0,0.0
2501888,appliances.kitchen.oven,artel,42.21,3,0,0.0,0.0
6501029,computers.components.motherboard,gigabyte,1175.08,3,0,0.0,0.0
7005315,kids.carriage,belecoo,101.64,3,0,0.0,0.0
6301656,appliances.kitchen.kettle,scarlett,11.56,3,0,0.0,0.0
48200445,apparel.dress,noppies,64.87,3,0,0.0,0.0
10400618,kids.toys,hb,36.01,3,0,0.0,0.0
11700251,electronics.audio.acoustic,kef,1517.69,3,0,0.0,0.0
2501030,appliances.kitchen.oven,gefest,220.63,3,0,0.0,0.0
1003391,electronics.smartphone,meizu,406.57,3,0,0.0,0.0
2800619,appliances.kitchen.refrigerators,midea,231.64,3,0,0.0,0.0
7002067,kids.carriage,wingoffly,114.97,3,0,0.0,0.0
17800003,computers.desktop,dxracer,231.37,3,0,0.0,0.0
1306301,computers.notebook,hp,820.87,3,0,0.0,0.0
1801936,electronics.video.tv,rebus,274.62,3,0,0.0,0.0
2300192,electronics.camera.video,acme,46.08,3,0,0.0,0.0
28718933,apparel.shoes.keds,nexpero,82.63,3,0,0.0,0.0
4400163,appliances.kitchen.coffee_machine,redmond,38.59,3,0,0.0,0.0
1003039,electronics.smartphone,samsung,1154.86,3,0,0.0,0.0
2501496,appliances.kitchen.oven,artel,54.98,3,0,0.0,0.0
4803949,electronics.audio.headphone,nokia,167.68,3,0,0.0,0.0
16800031,furniture.kitchen.table,sv,100.36,3,0,0.0,0.0
1003235,electronics.smartphone,huawei,128.42,3,0,0.0,0.0
21405331,electronics.clocks,casio,40.41,3,0,0.0,0.0
29502742,appliances.kitchen.toster,maxler,22.91,3,0,0.0,0.0
28300436,accessories.wallet,karya,46.33,3,0,0.0,0.0
28719078,apparel.shoes,baden,118.15,3,0,0.0,0.0
28300251,accessories.wallet,picard,59.2,3,0,0.0,0.0
9900139,electronics.video.projector,viewsonic,319.96,3,0,0.0,0.0
30500000,country_yard.cultivator,huter,255.48,3,0,0.0,0.0
1201390,electronics.tablet,apple,2535.66,3,0,0.0,0.0
1307169,computers.notebook,hp,1140.28,3,0,0.0,0.0
1700403,computers.peripherals.monitor,acer,71.82,3,0,0.0,0.0
5100582,electronics.clocks,xiaomi,82.11,3,0,0.0,0.0
1005076,electronics.smartphone,bq,115.54,3,0,0.0,0.0
2501375,appliances.kitchen.oven,asel,43.73,3,0,0.0,0.0
30000188,construction.tools.welding,denzel,114.78,3,0,0.0,0.0
1307095,computers.notebook,lenovo,385.85,3,0,0.0,0.0
2300305,electronics.camera.video,prolike,38.35,3,0,0.0,0.0
45300021,kids.swing,joie,174.78,3,0,0.0,0.0
4600430,appliances.kitchen.dishwasher,electrolux,493.94,3,0,0.0,0.0
5700304,auto.accessories.player,alpine,115.83,3,0,0.0,0.0
4600545,appliances.kitchen.dishwasher,bosch,563.64,3,0,0.0,0.0
16200316,kids.fmcg.diapers,huggies,19.92,3,0,0.0,0.0
21409470,electronics.clocks,casio,100.65,3,0,0.0,0.0
4700531,auto.accessories.videoregister,avel,55.34,3,0,0.0,0.0
12200960,sport.bicycle,dahon,411.59,3,0,0.0,0.0
30000191,construction.tools.welding,magnetta,93.42,3,0,0.0,0.0
28704549,apparel.shoes,etor,100.39,3,1,100.39,33.33
12300965,construction.tools.drill,milwaukee,142.27,3,0,0.0,0.0
4600475,appliances.kitchen.dishwasher,bosch,440.55,3,0,0.0,0.0
14700529,furniture.living_room.cabinet,bts,205.9,3,0,0.0,0.0
28712282,apparel.shoes,baden,39.9,3,0,0.0,0.0
4501569,appliances.kitchen.hob,midea,92.63,3,0,0.0,0.0
4804130,electronics.audio.headphone,huawei,10.17,3,0,0.0,0.0
1201427,electronics.tablet,bq,68.19,3,0,0.0,0.0
1701520,computers.peripherals.monitor,qmax,78.62,3,0,0.0,0.0
21405835,electronics.clocks,casio,157.53,3,0,0.0,0.0
9101052,computers.peripherals.mouse,ritmix,3.06,3,0,0.0,0.0
1005258,electronics.smartphone,umi,772.19,3,0,0.0,0.0
4400353,appliances.kitchen.coffee_machine,delonghi,1518.67,3,0,0.0,0.0
2401817,appliances.kitchen.hood,samsung,411.83,3,0,0.0,0.0
5100346,electronics.clocks,apple,346.68,3,0,0.0,0.0
22600023,auto.accessories.compressor,cityup,51.48,3,0,0.0,0.0
4200859,appliances.environment.air_conditioner,almacom,279.45,3,0,0.0,0.0
40900049,construction.tools.painting,dwt,51.48,3,0,0.0,0.0
2400665,appliances.kitchen.hood,turboair,46.31,3,0,0.0,0.0
1306272,computers.notebook,hp,1029.37,3,0,0.0,0.0
36000060,appliances.kitchen.kettle,galaxy,15.5,3,0,0.0,0.0
1005264,electronics.smartphone,xiaomi,205.67,3,0,0.0,0.0
1305840,computers.notebook,dell,1209.55,3,0,0.0,0.0
2401876,appliances.kitchen.hood,artel,60.8,3,0,0.0,0.0
2401659,appliances.kitchen.hood,artel,69.45,3,0,0.0,0.0
18200076,electronics.audio.acoustic,samsung,488.82,3,0,0.0,0.0
4802669,electronics.audio.headphone,sony,97.56,3,0,0.0,0.0
4600681,appliances.kitchen.dishwasher,electrolux,373.21,3,1,373.21,33.33
7004005,kids.carriage,alis,128.68,3,0,0.0,0.0
22600046,auto.accessories.compressor,autoprofi,68.21,3,0,0.0,0.0
3200022,appliances.kitchen.meat_grinder,panasonic,164.46,3,0,0.0,0.0
3600912,appliances.kitchen.washer,artel,97.53,3,0,0.0,0.0
19200109,construction.tools.saw,stihl,604.91,3,0,0.0,0.0
46800015,appliances.kitchen.refrigerators,dometic,237.43,3,0,0.0,0.0
1306523,computers.notebook,lenovo,501.43,3,0,0.0,0.0
18300004,accessories.bag,cameron,10.27,3,0,0.0,0.0
9900152,electronics.video.projector,epson,900.62,3,0,0.0,0.0
3701512,appliances.environment.vacuum,philips,244.51,3,0,0.0,0.0
13200207,furniture.bedroom.bed,brw,180.96,3,0,0.0,0.0
3700868,appliances.environment.vacuum,samsung,77.2,3,0,0.0,0.0
2701651,appliances.kitchen.refrigerators,indesit,347.42,3,0,0.0,0.0
3801133,appliances.iron,rowenta,51.46,3,0,0.0,0.0
28718637,apparel.shoes,rieker,110.43,3,0,0.0,0.0
14300180,electronics.audio.music_tools.piano,alesis,96.53,3,0,0.0,0.0
28712079,apparel.shoes,rieker,80.05,3,0,0.0,0.0
46800005,appliances.kitchen.refrigerators,ezetil,216.2,3,0,0.0,0.0
5000503,appliances.sewing_machine,janome,269.96,3,0,0.0,0.0
3801100,appliances.iron,philips,102.94,3,0,0.0,0.0
22600004,auto.accessories.compressor,berkut,307.6,3,0,0.0,0.0
1005266,electronics.smartphone,xiaomi,145.43,3,0,0.0,0.0
6300883,appliances.kitchen.kettle,tefal,43.73,3,1,33.44,33.33
4600437,appliances.kitchen.dishwasher,bosch,555.97,3,0,0.0,0.0
1306889,computers.notebook,dell,2249.99,3,0,0.0,0.0
14700159,furniture.living_room.cabinet,brw,227.03,3,0,0.0,0.0
3801293,appliances.iron,scarlett,28.29,3,0,0.0,0.0
10900043,appliances.kitchen.mixer,maxwell,14.16,3,0,0.0,0.0
2500646,appliances.kitchen.oven,saturn,48.87,3,0,0.0,0.0
6000188,auto.accessories.alarm,starline,199.23,3,0,0.0,0.0
4500283,appliances.kitchen.hob,gefest,109.91,3,0,0.0,0.0
28400559,accessories.bag,picard,115.83,3,0,0.0,0.0
4200951,appliances.environment.air_conditioner,gree,239.39,3,0,0.0,0.0
3200120,appliances.kitchen.meat_grinder,kenwood,128.68,3,0,0.0,0.0
28715784,apparel.shoes,nexpero,75.42,3,0,0.0,0.0
42700008,auto.accessories.winch,t-max,500.91,3,0,0.0,0.0
4700544,auto.accessories.videoregister,inspector,47.62,3,0,0.0,0.0
5100352,electronics.clocks,suunto,257.15,3,0,0.0,0.0
5000674,appliances.sewing_machine,bernina,552.91,3,0,0.0,0.0
1500450,computers.peripherals.printer,hp,113.77,3,0,0.0,0.0
12600092,appliances.kitchen.grill,redmond,110.66,3,0,0.0,0.0
9700278,computers.components.power_supply,aerocool,57.65,3,0,0.0,0.0
28300272,accessories.wallet,karya,46.33,3,0,0.0,0.0
7004000,kids.carriage,alis,128.68,3,0,0.0,0.0
4501008,appliances.kitchen.hob,beko,126.1,3,0,0.0,0.0
5800744,electronics.audio.subwoofer,pioneer,36.04,3,0,0.0,0.0
4802161,electronics.audio.headphone,jbl,8.47,3,0,0.0,0.0
16700075,furniture.kitchen.chair,domini,33.46,3,0,0.0,0.0
28719659,apparel.shoes,respect,82.63,3,0,0.0,0.0
6700754,computers.components.videocards,asus,195.89,3,0,0.0,0.0
2702282,appliances.kitchen.refrigerators,lg,1846.74,3,0,0.0,0.0
3701402,appliances.environment.vacuum,xiaomi,360.11,3,0,0.0,0.0
6800318,computers.components.hdd,toshiba,44.46,3,0,0.0,0.0
4400390,appliances.kitchen.coffee_machine,bosch,519.94,3,0,0.0,0.0
5700521,auto.accessories.player,jvc,334.63,3,0,0.0,0.0
6200399,appliances.environment.air_heater,timberk,131.08,3,0,0.0,0.0
1004491,electronics.smartphone,jinga,74.62,3,0,0.0,0.0
22900070,furniture.bedroom.pillow,belashoff,14.16,3,0,0.0,0.0
36000028,appliances.kitchen.kettle,maunfeld,38.33,3,0,0.0,0.0
6200950,appliances.environment.air_heater,willmark,20.57,3,0,0.0,0.0
5100595,electronics.clocks,apple,1181.5,3,0,0.0,0.0
6902390,furniture.living_room.chair,lorelli,51.47,3,0,0.0,0.0
28712950,apparel.shoes,respect,97.04,3,0,0.0,0.0
21410246,electronics.clocks,casio,135.91,3,0,0.0,0.0
1802061,electronics.video.tv,lg,436.88,3,0,0.0,0.0
12300074,construction.tools.drill,bosch,53.13,3,0,0.0,0.0
6902894,furniture.living_room.chair,lorelli,51.46,3,0,0.0,0.0
7006356,kids.carriage,lorelli,59.74,3,0,0.0,0.0
5801546,electronics.audio.subwoofer,kicx,27.8,3,0,0.0,0.0
1307090,computers.notebook,lenovo,2515.41,3,0,0.0,0.0
8700081,appliances.personal.hair_cutter,remington,9.24,3,0,0.0,0.0
2701605,appliances.kitchen.refrigerators,indesit,424.64,3,0,0.0,0.0
8700332,appliances.personal.hair_cutter,philips,56.6,3,0,0.0,0.0
17800046,computers.desktop,zeta,57.12,3,0,0.0,0.0
3900045,appliances.environment.water_heater,thermex,84.94,3,0,0.0,0.0
17800043,computers.desktop,gamemax,193.7,3,0,0.0,0.0
4803459,electronics.audio.headphone,bose,273.31,3,0,0.0,0.0
5800616,electronics.audio.subwoofer,kicx,18.53,3,0,0.0,0.0
14300346,electronics.audio.music_tools.piano,tesler,76.96,3,0,0.0,0.0
5801624,electronics.audio.subwoofer,jvc,48.91,3,0,0.0,0.0
1307545,computers.notebook,lenovo,244.28,3,0,0.0,0.0
8800721,electronics.telephone,jinga,8.47,3,0,0.0,0.0
21409353,electronics.clocks,romanson,134.37,3,0,0.0,0.0
28718090,apparel.shoes.keds,respect,28.06,3,0,0.0,0.0
21401476,electronics.clocks,casio,530.52,3,0,0.0,0.0
28300786,accessories.wallet,petek,81.34,3,0,0.0,0.0
1307302,computers.notebook,lenovo,718.14,3,0,0.0,0.0
4400486,appliances.kitchen.coffee_machine,redmond,120.39,3,0,0.0,0.0
28717659,apparel.shoes,greyder,95.24,3,0,0.0,0.0
6500959,computers.components.motherboard,gigabyte,53.71,3,0,0.0,0.0
8801024,electronics.telephone,jinga,17.51,3,0,0.0,0.0
12100612,kids.skates,longway,101.68,3,0,0.0,0.0
12301394,construction.tools.drill,dewalt,238.45,3,0,0.0,0.0
5000346,appliances.sewing_machine,leader,108.06,3,0,0.0,0.0
16800028,furniture.kitchen.table,sv,77.2,3,0,0.0,0.0
1201148,electronics.tablet,apple,624.21,3,0,0.0,0.0
28715745,apparel.shoes.keds,escan,64.09,3,0,0.0,0.0
4501870,appliances.kitchen.hob,bosch,254.52,3,0,0.0,0.0
7900749,furniture.kitchen.chair,lorelli,29.62,3,0,0.0,0.0
28717822,apparel.shoes.keds,adidas,102.71,3,0,0.0,0.0
2800157,appliances.kitchen.refrigerators,midea,257.38,3,0,0.0,0.0
8800709,electronics.telephone,texet,27.64,3,0,0.0,0.0
4900407,appliances.kitchen.juicer,scarlett,48.88,3,0,0.0,0.0
21407686,electronics.clocks,casio,67.18,3,0,0.0,0.0
19300079,appliances.ironing_board,nika,40.52,3,0,0.0,0.0
30900005,computers.components.cooler,deepcool,15.03,3,0,0.0,0.0
3801411,appliances.iron,galaxy,39.87,3,0,0.0,0.0
21400453,electronics.clocks,boccia,182.76,3,0,0.0,0.0
4400107,appliances.kitchen.coffee_machine,scarlett,46.08,3,0,0.0,0.0
28706893,apparel.shoes.keds,spur,38.35,3,0,0.0,0.0
9200442,computers.peripherals.keyboard,ritmix,3.41,3,0,0.0,0.0
21408569,electronics.clocks,fossil,180.18,3,0,0.0,0.0
3701470,appliances.environment.vacuum,kolner,151.91,3,0,0.0,0.0
2702496,appliances.kitchen.refrigerators,dauscher,766.3,3,0,0.0,0.0
8700291,appliances.personal.hair_cutter,promozer,18.02,3,0,0.0,0.0
53900008,construction.tools.saw,dewalt,127.4,3,0,0.0,0.0
1003078,electronics.smartphone,huawei,344.17,3,0,0.0,0.0
2701773,appliances.kitchen.refrigerators,indesit,325.62,3,1,325.62,33.33
1307539,computers.notebook,asus,513.52,3,0,0.0,0.0
1005088,electronics.smartphone,tp-link,84.69,3,0,0.0,0.0
1004865,electronics.smartphone,honor,102.94,3,0,0.0,0.0
1480648,computers.desktop,acer,488.3,3,0,0.0,0.0
1307053,computers.notebook,apple,1919.97,3,0,0.0,0.0
50600027,auto.accessories.compressor,denzel,324.42,3,0,0.0,0.0
4201085,appliances.environment.air_conditioner,electrolux,244.51,3,0,0.0,0.0
4803637,electronics.audio.headphone,hyperx,60.76,3,0,0.0,0.0
1306315,computers.notebook,apple,1364.0,3,0,0.0,0.0
25800004,medicine.tools.tonometer,omron,65.65,3,0,0.0,0.0
3601473,appliances.kitchen.washer,lg,797.93,3,0,0.0,0.0
12300024,construction.tools.drill,bosch,121.27,3,0,0.0,0.0
16200283,kids.fmcg.diapers,huggies,4.02,3,0,0.0,0.0
3800161,appliances.iron,bosch,51.4,3,0,0.0,0.0
46800009,appliances.kitchen.refrigerators,dometic,86.03,3,0,0.0,0.0
3800893,appliances.iron,tefal,26.51,3,0,0.0,0.0
6800937,computers.components.hdd,kingston,41.93,3,0,0.0,0.0
1004309,electronics.smartphone,prestigio,50.94,3,0,0.0,0.0
28719221,apparel.shoes,burgerschuhe,104.51,3,0,0.0,0.0
3801379,appliances.iron,redmond,28.83,3,0,0.0,0.0
22400131,electronics.audio.microphone,trust,17.48,3,0,0.0,0.0
1307172,computers.notebook,hp,1287.01,3,0,0.0,0.0
1201285,electronics.tablet,apple,488.82,3,0,0.0,0.0
13200444,furniture.bedroom.bed,brw,196.4,3,0,0.0,0.0
6902288,furniture.living_room.chair,joie,210.56,3,0,0.0,0.0
5701043,auto.accessories.player,pioneer,154.19,3,0,0.0,0.0
2702615,appliances.kitchen.refrigerators,haier,463.31,3,0,0.0,0.0
4803870,electronics.audio.headphone,sven,6.41,3,0,0.0,0.0
11600133,computers.desktop,microlab,23.17,3,0,0.0,0.0
3601454,appliances.kitchen.washer,haier,1544.42,3,0,0.0,0.0
21408027,electronics.clocks,casio,44.27,3,0,0.0,0.0
3200196,appliances.kitchen.meat_grinder,vitek,51.4,3,0,0.0,0.0
12400066,construction.tools.drill,total,77.2,3,0,0.0,0.0
30901098,computers.components.cooler,aerocool,2.63,3,0,0.0,0.0
9100708,computers.peripherals.mouse,apple,102.91,3,0,0.0,0.0
50600071,auto.accessories.compressor,fubag,435.53,3,0,0.0,0.0
1002367,electronics.smartphone,meizu,205.4,3,0,0.0,0.0
2701648,appliances.kitchen.refrigerators,indesit,276.32,3,0,0.0,0.0
6800505,computers.components.hdd,transcend,33.21,3,0,0.0,0.0
6700293,computers.components.videocards,gigabyte,43.26,3,0,0.0,0.0
7006454,kids.carriage,belecoo,102.96,3,0,0.0,0.0
45500014,computers.notebook,deepcool,35.78,3,0,0.0,0.0
47500046,construction.tools.light,rombica,20.57,3,0,0.0,0.0
4801994,electronics.audio.headphone,beats,267.68,3,0,0.0,0.0
5801532,electronics.audio.subwoofer,pioneer,48.65,3,0,0.0,0.0
12301359,construction.tools.drill,edon,20.85,3,0,0.0,0.0
6701208,computers.components.videocards,gigabyte,98.84,3,0,0.0,0.0
6302209,appliances.kitchen.kettle,scarlett,21.87,3,0,0.0,0.0
3600258,appliances.kitchen.washer,atlant,235.01,3,0,0.0,0.0
17200745,furniture.living_room.sofa,imperial,771.96,3,0,0.0,0.0
5701061,auto.accessories.player,kenwood,50.45,3,0,0.0,0.0
4000188,construction.tools.generator,tefal,167.29,3,0,0.0,0.0
1004531,electronics.smartphone,samsung,643.23,3,0,0.0,0.0
21401280,electronics.clocks,casio,64.09,3,0,0.0,0.0
3700767,appliances.environment.vacuum,thomas,424.7,3,0,0.0,0.0
4804132,electronics.audio.headphone,huawei,10.17,3,1,10.17,33.33
1480283,computers.desktop,hp,2553.04,3,0,0.0,0.0
10400392,kids.toys,rastar,25.06,3,0,0.0,0.0
6500912,computers.components.motherboard,asus,288.57,3,0,0.0,0.0
28718866,apparel.shoes,rieker,123.3,3,0,0.0,0.0
28714710,apparel.shoes.keds,asics,85.46,3,0,0.0,0.0
28717076,apparel.shoes.keds,puma,100.13,3,0,0.0,0.0
4400308,appliances.kitchen.coffee_machine,delonghi,1081.08,3,0,0.0,0.0
9001401,kids.toys,xiaomi,38.35,3,0,0.0,0.0
11200373,appliances.personal.scales,scarlett,9.76,3,1,9.76,33.33
3601035,appliances.kitchen.washer,indesit,190.22,3,0,0.0,0.0
4803396,electronics.audio.headphone,jbl,33.21,3,0,0.0,0.0
28717085,apparel.shoes.keds,puma,100.13,3,0,0.0,0.0
2900032,appliances.kitchen.microwave,samsung,200.52,3,0,0.0,0.0
1201468,electronics.tablet,prestigio,89.76,3,0,0.0,0.0
21000005,accessories.bag,thule,128.68,3,0,0.0,0.0
2300208,electronics.camera.video,sony,308.63,3,0,0.0,0.0
28717146,apparel.shoes.keds,fassen,44.79,3,0,0.0,0.0
4501043,appliances.kitchen.hob,hansa,193.43,3,0,0.0,0.0
6600474,computers.components.memory,kingston,69.36,3,0,0.0,0.0
3900974,appliances.environment.water_heater,ariston,111.36,3,0,0.0,0.0
28300068,accessories.wallet,picard,45.05,3,0,0.0,0.0
7901063,furniture.kitchen.chair,shenma,56.63,3,0,0.0,0.0
28715968,apparel.shoes.keds,adidas,87.52,3,0,0.0,0.0
1004362,electronics.smartphone,apple,1273.65,3,0,0.0,0.0
6500958,computers.components.motherboard,gigabyte,236.3,3,0,0.0,0.0
22400163,electronics.audio.microphone,kingston,146.46,3,0,0.0,0.0
5700854,auto.accessories.player,winca,373.24,3,0,0.0,0.0
7002255,kids.carriage,wingoffly,113.96,3,0,0.0,0.0
6300886,appliances.kitchen.kettle,tefal,33.44,3,0,0.0,0.0
5801353,electronics.audio.subwoofer,pride,77.61,3,0,0.0,0.0
1701218,computers.peripherals.monitor,lg,110.64,3,0,0.0,0.0
5701194,auto.accessories.player,imx,244.54,3,0,0.0,0.0
3601562,appliances.kitchen.washer,lg,521.97,3,0,0.0,0.0
5701118,auto.accessories.player,sony,115.81,3,0,0.0,0.0
4501309,appliances.kitchen.hob,bosch,190.46,3,0,0.0,0.0
6400364,computers.components.cpu,amd,693.97,3,0,0.0,0.0
23700040,furniture.bedroom.blanket,belashoff,48.91,3,0,0.0,0.0
4500863,appliances.kitchen.hob,electrolux,355.97,3,0,0.0,0.0
1201374,electronics.tablet,apple,1544.18,3,0,0.0,0.0
21404534,electronics.clocks,casio,29.58,3,0,0.0,0.0
1005188,electronics.smartphone,prestigio,66.64,3,0,0.0,0.0
7900404,furniture.kitchen.chair,selby,38.58,3,0,0.0,0.0
8901536,kids.toys,chicco,17.99,3,0,0.0,0.0
10400638,kids.toys,hb,56.6,3,0,0.0,0.0
6801308,computers.components.hdd,kingston,66.41,3,0,0.0,0.0
4804110,electronics.audio.headphone,sony,849.79,3,0,0.0,0.0
1201416,electronics.tablet,bq,77.19,3,0,0.0,0.0
7005060,kids.carriage,babytime,62.38,3,0,0.0,0.0
3800860,appliances.iron,redmond,38.59,3,0,0.0,0.0
1004015,electronics.smartphone,samsung,694.72,3,0,0.0,0.0
6700727,computers.components.videocards,asus,83.85,3,0,0.0,0.0
1801964,electronics.video.tv,sony,848.64,3,0,0.0,0.0
3700392,appliances.environment.vacuum,thomas,229.07,3,0,0.0,0.0
3601492,appliances.kitchen.washer,haier,347.47,3,0,0.0,0.0
30000122,construction.tools.welding,redbo,205.93,3,0,0.0,0.0
3900535,appliances.environment.water_heater,electrolux,102.94,3,0,0.0,0.0
21409370,electronics.clocks,casio,45.3,3,0,0.0,0.0
21408051,electronics.clocks,romanson,134.37,3,0,0.0,0.0
1306462,computers.notebook,lenovo,1029.45,3,0,0.0,0.0
1306571,computers.notebook,acer,2187.7,3,0,0.0,0.0
4700608,auto.accessories.videoregister,playme,223.92,3,0,0.0,0.0
2702625,appliances.kitchen.refrigerators,dauscher,926.9,3,0,0.0,0.0
4803428,electronics.audio.headphone,jbl,74.39,3,0,0.0,0.0
1004472,electronics.smartphone,doogee,76.96,3,0,0.0,0.0
5700765,auto.accessories.player,kenwood,61.75,3,0,0.0,0.0
17200717,furniture.living_room.sofa,rals,348.64,3,0,0.0,0.0
9900448,electronics.video.projector,vivitek,2414.86,3,0,0.0,0.0
4201416,appliances.environment.air_conditioner,samsung,398.95,3,0,0.0,0.0
29100028,appliances.personal.massager,gezatone,81.34,3,0,0.0,0.0
2900796,appliances.kitchen.microwave,elenberg,61.75,3,0,0.0,0.0
6302000,appliances.kitchen.kettle,kitfort,66.85,3,0,0.0,0.0
7004743,kids.carriage,cybex,373.21,3,0,0.0,0.0
1003949,electronics.smartphone,inoi,52.91,3,1,52.84,33.33
1305948,computers.notebook,hp,573.76,3,0,0.0,0.0
12201695,sport.bicycle,smartrike,227.81,3,0,0.0,0.0
3100802,appliances.kitchen.blender,redmond,84.29,3,0,0.0,0.0
1004245,electronics.smartphone,apple,1116.21,3,0,0.0,0.0
17900063,construction.tools.generator,magnetta,129.34,3,0,0.0,0.0
8700449,appliances.personal.hair_cutter,polaris,35.02,3,0,0.0,0.0
13201313,furniture.bedroom.bed,mebelson,341.04,3,0,0.0,0.0
5800793,electronics.audio.subwoofer,jvc,36.04,3,0,0.0,0.0
4700533,auto.accessories.videoregister,blackvue,635.49,3,0,0.0,0.0
21404682,electronics.clocks,orient,232.18,3,0,0.0,0.0
28714418,apparel.shoes,etor,100.39,3,0,0.0,0.0
1307365,computers.notebook,lenovo,437.33,3,0,0.0,0.0
1500348,computers.peripherals.printer,hp,207.72,3,0,0.0,0.0
11300007,electronics.telephone,panasonic,25.71,3,0,0.0,0.0
3600237,appliances.kitchen.washer,atlant,229.07,3,0,0.0,0.0
13200496,furniture.bedroom.bed,sv,257.15,3,0,0.0,0.0
9200598,computers.peripherals.keyboard,redragon,21.34,3,0,0.0,0.0
2900555,appliances.kitchen.microwave,lg,172.43,3,0,0.0,0.0
28720303,apparel.shoes.keds,reebok,84.69,3,0,0.0,0.0
6301704,appliances.kitchen.kettle,scarlett,31.66,3,0,0.0,0.0
30901101,computers.components.cooler,aerocool,2.45,3,0,0.0,0.0
13201334,furniture.bedroom.bed,giornonotte,674.64,3,0,0.0,0.0
3900839,appliances.environment.water_heater,haier,115.54,3,0,0.0,0.0
14500002,appliances.kitchen.coffee_grinder,bosch,43.64,3,0,0.0,0.0
28400891,accessories.bag,moliabal,16.89,3,0,0.0,0.0
1801569,electronics.video.tv,sony,2187.7,3,0,0.0,0.0
28711861,apparel.shoes.keds,tuffoni,91.89,3,0,0.0,0.0
5000470,appliances.sewing_machine,brother,96.31,3,0,0.0,0.0
2701539,appliances.kitchen.refrigerators,bosch,1178.9,3,0,0.0,0.0
3601500,appliances.kitchen.washer,candy,576.11,3,0,0.0,0.0
4201112,appliances.environment.air_conditioner,atlantic,300.57,3,0,0.0,0.0
4802246,electronics.audio.headphone,jbl,9.24,3,0,0.0,0.0
6200295,appliances.environment.air_heater,almacom,51.22,3,0,0.0,0.0
22400213,electronics.audio.microphone,trust,130.25,3,0,0.0,0.0
4802255,electronics.audio.headphone,marshall,221.34,3,0,0.0,0.0
5700753,auto.accessories.player,sony,64.09,3,0,0.0,0.0
1802101,electronics.video.tv,arg,192.59,3,0,0.0,0.0
30600109,appliances.environment.vacuum,dwt,28.29,3,0,0.0,0.0
4600466,appliances.kitchen.dishwasher,bosch,499.03,3,0,0.0,0.0
4803897,electronics.audio.headphone,jbl,48.14,3,1,48.14,33.33
4900113,appliances.kitchen.juicer,panasonic,151.74,3,0,0.0,0.0
17900032,construction.tools.generator,huter,198.18,3,1,198.18,33.33
28718092,apparel.shoes.keds,respect,28.06,3,0,0.0,0.0
4600090,appliances.kitchen.dishwasher,hotpoint-ariston,303.71,3,0,0.0,0.0
21400524,electronics.clocks,casio,73.62,3,0,0.0,0.0
28719417,apparel.shoes,baden,66.41,3,0,0.0,0.0
3900716,appliances.environment.water_heater,ariston,59.99,3,0,0.0,0.0
28703804,apparel.shoes.keds,nike,61.57,3,0,0.0,0.0
16900106,furniture.kitchen.table,sv,102.71,3,0,0.0,0.0
28400299,accessories.bag,karya,50.19,3,0,0.0,0.0
13200723,furniture.bedroom.bed,brw,145.69,3,0,0.0,0.0
28719209,apparel.shoes,burgerschuhe,104.25,3,0,0.0,0.0
6201128,appliances.environment.air_heater,hyundai,12.64,3,0,0.0,0.0
30000113,construction.tools.welding,solaris,29.83,3,0,0.0,0.0
14700137,furniture.living_room.cabinet,brw,446.34,3,0,0.0,0.0
2800473,appliances.kitchen.refrigerators,dauscher,166.52,3,0,0.0,0.0
1801970,electronics.video.tv,lg,952.12,3,0,0.0,0.0
28716185,apparel.shoes,respect,79.02,3,0,0.0,0.0
1401584,computers.desktop,avalon,385.34,3,0,0.0,0.0
2702241,appliances.kitchen.refrigerators,bosch,849.56,3,0,0.0,0.0
6700995,computers.components.videocards,gigabyte,336.13,3,0,0.0,0.0
4802578,electronics.audio.headphone,sennheiser,156.76,3,0,0.0,0.0
28714062,apparel.shoes.keds,nike,66.67,3,0,0.0,0.0
11200511,appliances.personal.scales,xiaomi,27.06,3,0,0.0,0.0
28704107,apparel.shoes.keds,nike,61.57,3,0,0.0,0.0
2702238,appliances.kitchen.refrigerators,bosch,572.73,3,0,0.0,0.0
3100204,appliances.kitchen.blender,philips,51.46,3,0,0.0,0.0
4400322,appliances.kitchen.coffee_machine,maxwell,19.02,3,0,0.0,0.0
4700572,auto.accessories.videoregister,playme,154.42,3,0,0.0,0.0
4600549,appliances.kitchen.dishwasher,beko,403.45,3,0,0.0,0.0
12300513,construction.tools.drill,bosch,40.1,3,0,0.0,0.0
2702164,appliances.kitchen.refrigerators,bosch,625.24,3,0,0.0,0.0
11600094,computers.desktop,defender,5.11,3,0,0.0,0.0
1305833,computers.notebook,dell,1112.77,3,0,0.0,0.0
3700760,appliances.environment.vacuum,redmond,113.23,3,0,0.0,0.0
1201324,electronics.tablet,acer,208.44,3,0,0.0,0.0
28719468,apparel.shoes.keds,fassen,64.09,3,0,0.0,0.0
13900774,construction.components.faucet,calorie,33.09,3,0,0.0,0.0
6301528,appliances.kitchen.kettle,vitek,22.11,3,0,0.0,0.0
7002256,kids.carriage,wingoffly,113.88,3,0,0.0,0.0
5800945,electronics.audio.subwoofer,swat,64.35,3,0,0.0,0.0
21404650,electronics.clocks,orient,93.44,3,0,0.0,0.0
14300238,electronics.audio.music_tools.piano,kurzweil,1945.48,3,0,0.0,0.0
1801534,electronics.video.tv,samsung,784.29,3,0,0.0,0.0
21410491,electronics.clocks,tissot,385.08,3,0,0.0,0.0
5800618,electronics.audio.subwoofer,kicx,46.08,3,0,0.0,0.0
6200737,appliances.environment.air_heater,oasis,10.79,3,0,0.0,0.0
28715434,apparel.shoes,rieker,76.19,3,0,0.0,0.0
1480606,computers.desktop,pulser,185.31,3,0,0.0,0.0
4400236,appliances.kitchen.coffee_machine,polaris,145.9,3,0,0.0,0.0
1004194,electronics.smartphone,tp-link,141.32,3,0,0.0,0.0
6200717,appliances.environment.air_heater,oasis,9.03,3,0,0.0,0.0
22400122,electronics.audio.microphone,trust,110.94,3,0,0.0,0.0
16200476,kids.fmcg.diapers,huggies,12.36,3,0,0.0,0.0
28718469,apparel.shoes.keds,strobbs,64.61,3,0,0.0,0.0
18500031,electronics.tablet,huion,55.68,3,0,0.0,0.0
19300067,appliances.ironing_board,nika,36.04,3,0,0.0,0.0
19100314,construction.tools.saw,stanley,149.08,3,0,0.0,0.0
21411713,electronics.clocks,danielklein,21.88,3,0,0.0,0.0
21402325,electronics.clocks,casio,15.7,3,0,0.0,0.0
12100786,kids.skates,segway,371.18,3,0,0.0,0.0
1801898,electronics.video.tv,samsung,1415.45,3,0,0.0,0.0
12400030,construction.tools.drill,bosch,203.33,3,0,0.0,0.0
1306016,computers.notebook,asus,421.97,3,0,0.0,0.0
28718025,apparel.shoes.keds,respect,76.96,3,0,0.0,0.0
1307426,computers.notebook,lenovo,1481.42,3,0,0.0,0.0
3601154,appliances.kitchen.washer,shivaki,113.31,3,0,0.0,0.0
17900276,construction.tools.generator,fubag,319.96,3,0,0.0,0.0
4700605,auto.accessories.videoregister,tomahawk,200.78,3,0,0.0,0.0
3601513,appliances.kitchen.washer,samsung,463.15,3,0,0.0,0.0
30901020,computers.components.cooler,deepcool,7.46,3,0,0.0,0.0
28717922,apparel.shoes,rieker,73.36,3,0,0.0,0.0
1002876,electronics.smartphone,samsung,218.28,3,0,0.0,0.0
1004233,electronics.smartphone,apple,1301.19,3,0,0.0,0.0
3601536,appliances.kitchen.washer,lg,455.03,3,0,0.0,0.0
5100723,electronics.clocks,mykronoz,167.29,3,0,0.0,0.0
14100515,electronics.audio.acoustic,yamaha,403.61,3,0,0.0,0.0
19200175,construction.tools.saw,p.i.t.,231.07,3,0,0.0,0.0
28718772,apparel.shoes.keds,rooman,66.67,3,2,120.47,66.67
51000003,appliances.environment.vacuum,bosch,228.25,3,0,0.0,0.0
1004361,electronics.smartphone,apple,1309.92,3,0,0.0,0.0
5800812,electronics.audio.subwoofer,kenwood,66.93,3,0,0.0,0.0
17800734,computers.desktop,zeta,72.31,3,0,0.0,0.0
21401217,electronics.clocks,casio,50.68,3,0,0.0,0.0
3701254,appliances.environment.vacuum,thomas,283.12,3,0,0.0,0.0
7900872,furniture.kitchen.chair,peg-perego,157.02,3,0,0.0,0.0
5200111,computers.ebooks,amazon,408.85,3,0,0.0,0.0
28717974,apparel.shoes,rieker,71.82,3,0,0.0,0.0
3601573,appliances.kitchen.washer,electrolux,1920.23,3,0,0.0,0.0
14701567,furniture.living_room.cabinet,brw,340.55,3,0,0.0,0.0
3200371,appliances.kitchen.meat_grinder,elenberg,30.86,3,0,0.0,0.0
2401681,appliances.kitchen.hood,beko,274.82,3,0,0.0,0.0
1500298,computers.peripherals.printer,hp,125.97,3,0,0.0,0.0
21406172,electronics.clocks,casio,59.46,3,0,0.0,0.0
5100394,electronics.clocks,garmin,368.59,3,0,0.0,0.0
11100269,appliances.personal.scales,unit,15.51,3,0,0.0,0.0
4502493,appliances.kitchen.hob,dauscher,120.96,3,0,0.0,0.0
3800819,appliances.iron,philips,40.67,3,0,0.0,0.0
2702024,appliances.kitchen.refrigerators,whirlpool,473.37,3,0,0.0,0.0
6100193,auto.accessories.radar,sho-me,79.8,3,0,0.0,0.0
7005187,kids.carriage,yoya,108.11,3,0,0.0,0.0
3601534,appliances.kitchen.kettle,dauscher,39.64,3,0,0.0,0.0
4500000,appliances.kitchen.hob,hansa,102.71,3,0,0.0,0.0
1201412,electronics.tablet,irbis,100.33,3,0,0.0,0.0
21401593,electronics.clocks,casio,49.94,3,0,0.0,0.0
3100022,appliances.kitchen.blender,philips,48.88,3,0,0.0,0.0
3601136,appliances.kitchen.washer,lg,408.48,3,0,0.0,0.0
28719155,apparel.shoes,salamander,127.42,3,0,0.0,0.0
13200578,furniture.bedroom.bed,brw,98.59,3,0,0.0,0.0
1004885,electronics.smartphone,asus,277.59,3,0,0.0,0.0
5701095,auto.accessories.player,pioneer,64.35,3,0,0.0,0.0
3800881,appliances.iron,philips,169.86,3,0,0.0,0.0
1480477,computers.desktop,apple,1029.6,3,0,0.0,0.0
22400111,electronics.audio.microphone,ritmix,3.59,3,0,0.0,0.0
1480611,computers.desktop,lenovo,643.59,3,0,0.0,0.0
5000015,appliances.sewing_machine,jaguar,72.43,3,0,0.0,0.0
21402099,electronics.clocks,orient,106.31,3,0,0.0,0.0
35108884,apparel.underwear,milavitsa,12.85,3,0,0.0,0.0
18200033,electronics.audio.acoustic,sony,1214.06,3,0,0.0,0.0
9101173,computers.peripherals.mouse,kingston,71.82,3,0,0.0,0.0
28718040,apparel.shoes.keds,millionaire,113.0,3,0,0.0,0.0
1700796,computers.peripherals.monitor,asus,2207.9,3,0,0.0,0.0
3801070,appliances.iron,panasonic,26.49,3,0,0.0,0.0
6902885,furniture.living_room.chair,zlatek,48.88,3,0,0.0,0.0
1305005,computers.notebook,xiaomi,1016.5,3,0,0.0,0.0
6300763,appliances.kitchen.kettle,maxwell,34.98,3,0,0.0,0.0
27000010,sport.trainer,housefit,450.46,3,0,0.0,0.0
5701105,auto.accessories.player,winca,373.24,3,0,0.0,0.0
14100553,electronics.audio.acoustic,fender,202.32,3,0,0.0,0.0
4700381,auto.accessories.videoregister,sho-me,138.96,3,0,0.0,0.0
1004864,electronics.smartphone,honor,115.81,3,0,0.0,0.0
6800225,appliances.kitchen.kettle,braun,41.16,3,0,0.0,0.0
28714643,apparel.shoes.keds,adidas,74.65,3,0,0.0,0.0
2300307,electronics.camera.video,dji,455.57,3,0,0.0,0.0
6801059,computers.components.hdd,seagate,66.8,3,1,64.79,33.33
17000038,computers.desktop,polaris,74.57,3,0,0.0,0.0
21400997,electronics.clocks,casio,56.63,3,0,0.0,0.0
1004753,electronics.smartphone,honor,231.64,3,0,0.0,0.0
5100637,electronics.clocks,garmin,922.55,3,0,0.0,0.0
17800123,computers.desktop,zeta,125.63,3,0,0.0,0.0
3800810,appliances.iron,philips,66.9,3,0,0.0,0.0
6301731,appliances.kitchen.kettle,smeg,169.86,3,0,0.0,0.0
1005094,electronics.smartphone,tecno,118.15,3,0,0.0,0.0
18300460,accessories.bag,lenovo,11.3,3,0,0.0,0.0
6302114,appliances.kitchen.kettle,kitfort,68.63,3,0,0.0,0.0
17200819,furniture.living_room.sofa,silva,374.78,3,0,0.0,0.0
1004716,electronics.smartphone,haier,172.44,3,0,0.0,0.0
28715698,apparel.shoes.keds,puma,94.98,3,0,0.0,0.0
43200011,apparel.tshirt,harley-davidson,46.33,3,0,0.0,0.0
1802104,electronics.video.tv,arg,360.09,3,0,0.0,0.0
1480150,computers.desktop,neo,797.7,3,0,0.0,0.0
46800004,appliances.kitchen.refrigerators,ezetil,257.38,3,0,0.0,0.0
2701664,appliances.kitchen.refrigerators,indesit,347.42,3,0,0.0,0.0
6500739,computers.components.motherboard,gigabyte,49.0,3,0,0.0,0.0
3601323,appliances.kitchen.washer,whirlpool,313.75,3,0,0.0,0.0
17000055,computers.desktop,dxracer,295.99,3,0,0.0,0.0
8800962,electronics.telephone,nokia,56.44,3,0,0.0,0.0
5100262,electronics.clocks,wonlex,76.82,3,0,0.0,0.0
5701026,auto.accessories.player,kenwood,769.65,3,0,0.0,0.0
10900390,appliances.kitchen.mixer,ariete,285.17,3,0,0.0,0.0
1005237,electronics.smartphone,oppo,257.38,3,0,0.0,0.0
35200447,apparel.underwear,milavitsa,9.52,3,0,0.0,0.0
4400165,appliances.kitchen.coffee_machine,vitek,33.39,3,0,0.0,0.0
1004786,electronics.smartphone,huawei,276.71,3,0,0.0,0.0
6700340,computers.components.videocards,msi,396.38,3,0,0.0,0.0
11600018,computers.desktop,sven,51.22,3,0,0.0,0.0
1701488,computers.peripherals.monitor,hp,445.19,3,0,0.0,0.0
14300319,electronics.audio.music_tools.piano,yamaha,1252.87,3,0,0.0,0.0
21408810,electronics.clocks,orient,103.73,3,0,0.0,0.0
21405069,electronics.clocks,fossil,134.88,3,0,0.0,0.0
4802879,electronics.audio.headphone,jbl,14.9,3,0,0.0,0.0
14300386,electronics.audio.music_tools.piano,denn,9.5,3,0,0.0,0.0
2702263,appliances.kitchen.refrigerators,bosch,587.16,3,0,0.0,0.0
28717480,apparel.shoes.keds,escan,69.24,3,0,0.0,0.0
9200594,computers.peripherals.keyboard,defender,20.72,3,0,0.0,0.0
28715762,apparel.shoes.keds,nexpero,107.85,3,1,107.85,33.33
5100347,electronics.clocks,apple,370.64,3,0,0.0,0.0
3100928,appliances.kitchen.blender,elenberg,46.31,3,0,0.0,0.0
1500230,computers.peripherals.printer,hp,348.82,3,0,0.0,0.0
5000245,appliances.sewing_machine,janome,103.81,3,0,0.0,0.0
6000180,auto.accessories.alarm,starline,205.93,3,0,0.0,0.0
8800492,electronics.telephone,nokia,25.71,3,0,0.0,0.0
2400333,appliances.kitchen.hood,gefest,60.23,3,0,0.0,0.0
4800539,electronics.audio.headphone,audio-technica,79.82,3,0,0.0,0.0
2400260,appliances.kitchen.hood,gefest,60.23,3,0,0.0,0.0
16900128,furniture.kitchen.table,brw,93.18,3,0,0.0,0.0
10900233,appliances.kitchen.mixer,polaris,43.5,3,0,0.0,0.0
6200327,appliances.environment.air_heater,electrolux,25.71,3,0,0.0,0.0
1801989,electronics.video.tv,yasin,231.38,3,0,0.0,0.0
28717970,apparel.shoes,rieker,86.23,3,0,0.0,0.0
4400274,appliances.kitchen.coffee_machine,polaris,15.42,3,0,0.0,0.0
48100006,sport.bicycle,nitecore,91.74,3,0,0.0,0.0
3601079,appliances.kitchen.washer,samsung,383.46,3,0,0.0,0.0
4803005,electronics.audio.headphone,sven,12.59,3,0,0.0,0.0
2501719,appliances.kitchen.oven,hansa,287.38,3,0,0.0,0.0
4802186,electronics.audio.headphone,xiaomi,47.46,3,0,0.0,0.0
14300371,electronics.audio.music_tools.piano,akai,109.97,3,0,0.0,0.0
5801423,electronics.audio.subwoofer,pride,455.61,3,0,0.0,0.0
21403581,electronics.clocks,casio,28.03,3,0,0.0,0.0
12600073,appliances.kitchen.grill,scarlett,57.63,3,0,0.0,0.0
6400160,computers.components.cpu,intel,349.53,3,0,0.0,0.0
28718111,apparel.shoes,respect,62.81,3,0,0.0,0.0
1480651,computers.desktop,dell,580.45,3,0,0.0,0.0
5100843,electronics.clocks,garmin,398.91,3,0,0.0,0.0
2702166,appliances.kitchen.refrigerators,atlant,389.97,3,0,0.0,0.0
19300086,appliances.ironing_board,nika,26.74,3,0,0.0,0.0
14701705,furniture.living_room.cabinet,brw,515.59,3,0,0.0,0.0
1480535,computers.desktop,smart,1804.29,3,0,0.0,0.0
18300040,accessories.bag,hp,16.28,3,0,0.0,0.0
1480522,computers.desktop,pulser,612.6,3,0,0.0,0.0
7005776,kids.carriage,alis,128.68,3,0,0.0,0.0
12300752,construction.tools.drill,total,38.59,3,0,0.0,0.0
1307345,computers.notebook,acer,926.64,3,0,0.0,0.0
21407710,electronics.clocks,casio,18.02,3,0,0.0,0.0
9100307,computers.peripherals.mouse,redragon,10.27,3,0,0.0,0.0
21407945,electronics.clocks,casio,122.01,3,0,0.0,0.0
6301351,appliances.kitchen.kettle,elenberg,15.42,3,0,0.0,0.0
6000265,auto.accessories.alarm,starline,94.21,3,0,0.0,0.0
11100222,appliances.personal.scales,elenberg,8.98,3,0,0.0,0.0
4804444,electronics.audio.headphone,sony,95.21,3,0,0.0,0.0
1306995,computers.notebook,hp,702.46,3,0,0.0,0.0
21407628,electronics.clocks,casio,24.7,3,0,0.0,0.0
5200135,computers.ebooks,pocketbook,153.85,3,0,0.0,0.0
4502492,appliances.kitchen.hob,dauscher,120.96,3,0,0.0,0.0
1003656,electronics.smartphone,xiaomi,228.24,3,0,0.0,0.0
3200547,appliances.kitchen.meat_grinder,redmond,218.77,3,0,0.0,0.0
45600192,apparel.shoes,shagovita,71.03,3,0,0.0,0.0
7006377,kids.carriage,bugaboo,702.67,3,0,0.0,0.0
8700582,appliances.personal.hair_cutter,braun,72.05,3,0,0.0,0.0
8800811,electronics.telephone,texet,24.17,3,0,0.0,0.0
2240091,electronics.audio.microphone,shure,1485.75,3,0,0.0,0.0
3900773,appliances.environment.water_heater,artel,61.75,3,0,0.0,0.0
28715774,apparel.shoes,nexpero,68.21,3,0,0.0,0.0
7003522,kids.carriage,bertoni,87.0,3,0,0.0,0.0
5701065,auto.accessories.player,pioneer,102.96,3,0,0.0,0.0
3800879,appliances.iron,braun,97.79,3,0,0.0,0.0
3700833,appliances.environment.vacuum,lg,120.96,3,0,0.0,0.0
6501012,computers.components.motherboard,asrock,48.28,3,0,0.0,0.0
6000271,auto.accessories.alarm,tomahawk,90.09,3,0,0.0,0.0
12201556,sport.bicycle,axis,185.33,3,0,0.0,0.0
16200234,kids.fmcg.diapers,huggies,11.67,3,0,0.0,0.0
19200196,construction.tools.saw,carver,77.22,3,0,0.0,0.0
9200534,computers.peripherals.keyboard,trust,62.75,3,0,0.0,0.0
2702280,appliances.kitchen.refrigerators,lg,770.72,3,0,0.0,0.0
1004714,electronics.smartphone,haier,115.81,3,0,0.0,0.0
1005077,electronics.smartphone,bq,115.58,3,0,0.0,0.0
9200583,computers.peripherals.keyboard,redragon,52.77,3,0,0.0,0.0
6200263,appliances.environment.air_heater,midea,38.35,3,0,0.0,0.0
4803761,electronics.audio.headphone,samsung,38.35,3,0,0.0,0.0
9900249,electronics.video.projector,cinemood,406.7,3,0,0.0,0.0
29100043,appliances.personal.massager,pangao,87.49,3,0,0.0,0.0
22900066,furniture.bedroom.pillow,belashoff,32.18,3,0,0.0,0.0
21404942,electronics.clocks,boccia,146.72,3,1,146.72,33.33
4802051,electronics.audio.headphone,audio-technica,180.16,3,0,0.0,0.0
8700234,appliances.personal.hair_cutter,babyliss,21.93,3,0,0.0,0.0
5701137,auto.accessories.player,pioneer,198.2,3,0,0.0,0.0
5700909,auto.accessories.player,kenwood,102.94,3,0,0.0,0.0
3601311,appliances.kitchen.washer,artel,61.26,3,0,0.0,0.0
3701136,appliances.environment.vacuum,hoover,92.09,3,1,97.27,33.33
21404538,electronics.clocks,casio,39.64,3,0,0.0,0.0
12400092,construction.tools.drill,makita,214.15,3,0,0.0,0.0
2900637,appliances.kitchen.microwave,gorenje,180.16,3,0,0.0,0.0
11600096,computers.desktop,defender,5.48,3,0,0.0,0.0
1701559,computers.peripherals.monitor,acer,265.9,3,0,0.0,0.0
21411038,electronics.clocks,armani,230.12,3,0,0.0,0.0
2500632,appliances.kitchen.oven,gefest,194.47,3,0,0.0,0.0
19200200,construction.tools.saw,crown,83.91,3,0,0.0,0.0
1801748,electronics.video.tv,lg,1276.48,3,0,0.0,0.0
1004802,electronics.smartphone,haier,92.64,3,0,0.0,0.0
18200079,electronics.audio.acoustic,microlab,159.09,3,0,0.0,0.0
6200358,appliances.environment.air_heater,almacom,43.76,3,0,0.0,0.0
8900513,kids.toys,fisher-price,44.25,3,0,0.0,0.0
28719203,apparel.shoes,alpina,220.08,3,0,0.0,0.0
1802073,electronics.video.tv,philips,167.29,3,0,0.0,0.0
6201216,appliances.environment.air_heater,electrolux,425.77,3,0,0.0,0.0
5800200,electronics.audio.subwoofer,jbl,69.5,3,0,0.0,0.0
11000237,appliances.kitchen.toster,scarlett,18.76,3,0,0.0,0.0
1307406,computers.notebook,lenovo,591.9,3,0,0.0,0.0
28715767,apparel.shoes,nexpero,97.56,3,0,0.0,0.0
27000002,sport.trainer,housefit,460.76,3,1,460.76,33.33
1306586,computers.notebook,xiaomi,630.39,3,0,0.0,0.0
4803077,electronics.audio.headphone,bose,477.46,3,0,0.0,0.0
4502646,appliances.kitchen.hob,dauscher,102.16,3,0,0.0,0.0
6701183,computers.components.videocards,palit,349.79,3,1,349.79,33.33
11200469,appliances.personal.scales,elenberg,14.13,3,0,0.0,0.0
28718112,apparel.shoes,respect,62.81,3,0,0.0,0.0
5600060,appliances.environment.air_heater,ballu,107.85,3,0,0.0,0.0
28715755,apparel.shoes,nexpero,77.22,3,0,0.0,0.0
9200680,computers.peripherals.keyboard,defender,9.76,3,0,0.0,0.0
10900138,appliances.kitchen.mixer,kitchenaid,212.1,3,0,0.0,0.0
2900635,appliances.kitchen.microwave,horizont,60.75,3,0,0.0,0.0
6300217,appliances.kitchen.kettle,scarlett,46.27,3,0,0.0,0.0
3800953,appliances.iron,tefal,79.77,3,0,0.0,0.0
3800632,appliances.iron,maxwell,12.79,3,0,0.0,0.0
12202492,sport.bicycle,trinx,157.02,3,0,0.0,0.0
4600457,appliances.kitchen.dishwasher,bosch,475.91,3,0,0.0,0.0
4800382,electronics.audio.headphone,plantronics,53.28,3,1,53.28,33.33
8800754,electronics.telephone,prestigio,9.76,3,0,0.0,0.0
19200206,construction.tools.saw,carver,77.22,3,0,0.0,0.0
23700127,furniture.bedroom.blanket,alvitek,32.18,3,0,0.0,0.0
10900186,appliances.kitchen.mixer,kitchenaid,989.21,3,0,0.0,0.0
5801089,electronics.audio.subwoofer,hertz,280.55,3,0,0.0,0.0
4500290,appliances.kitchen.hob,bosch,243.96,3,0,0.0,0.0
1480600,computers.desktop,acer,587.66,3,0,0.0,0.0
5100872,electronics.clocks,garmin,965.25,3,0,0.0,0.0
5700352,auto.accessories.player,pioneer,229.09,3,0,0.0,0.0
5100675,electronics.clocks,xiaomi,135.14,3,0,0.0,0.0
8700064,appliances.personal.hair_cutter,vitek,15.19,3,0,0.0,0.0
1003073,electronics.smartphone,meizu,150.93,3,0,0.0,0.0
1307488,computers.notebook,xiaomi,715.33,3,0,0.0,0.0
21405844,electronics.clocks,casio,400.27,3,0,0.0,0.0
9200380,computers.peripherals.keyboard,defender,16.96,3,0,0.0,0.0
3601541,appliances.kitchen.washer,lg,867.97,3,0,0.0,0.0
30500022,country_yard.cultivator,hyundai,445.06,3,0,0.0,0.0
21403078,electronics.clocks,casio,38.87,3,0,0.0,0.0
45600359,apparel.shoes,garvalin,64.35,3,0,0.0,0.0
3601539,appliances.kitchen.washer,lg,818.55,3,0,0.0,0.0
1004972,electronics.smartphone,samsung,1158.05,3,0,0.0,0.0
8800259,electronics.telephone,jinga,9.4,3,0,0.0,0.0
35108915,apparel.underwear,milavitsa,33.35,3,0,0.0,0.0
12400252,construction.tools.drill,crown,60.49,3,0,0.0,0.0
4000124,construction.tools.generator,elenberg,77.2,3,0,0.0,0.0
3800793,appliances.iron,redmond,28.26,3,0,0.0,0.0
2501943,appliances.kitchen.oven,artel,52.69,3,0,0.0,0.0
1004393,electronics.smartphone,sony,257.12,3,0,0.0,0.0
4501524,appliances.kitchen.hob,midea,169.61,3,0,0.0,0.0
28716982,apparel.shoes.keds,respect,102.71,3,0,0.0,0.0
28719172,apparel.shoes,salamander,127.42,3,0,0.0,0.0
19200062,construction.tools.saw,stihl,159.59,3,1,159.59,33.33
1801916,electronics.video.tv,samsung,952.38,3,0,0.0,0.0
3701453,appliances.environment.vacuum,vitek,120.93,3,0,0.0,0.0
5100627,electronics.clocks,garmin,169.86,3,0,0.0,0.0
1004822,electronics.smartphone,bq,41.16,3,0,0.0,0.0
1306759,computers.notebook,dell,406.67,3,0,0.0,0.0
4900247,appliances.kitchen.juicer,bosch,133.83,3,0,0.0,0.0
52900016,accessories.bag,stanley,11.39,3,0,0.0,0.0
28719642,apparel.shoes,salamander,46.08,3,0,0.0,0.0
13201196,furniture.bedroom.bed,brw,158.31,3,0,0.0,0.0
1201514,electronics.tablet,bq,76.96,3,0,0.0,0.0
13900099,construction.components.faucet,decoroom,41.51,3,0,0.0,0.0
4501651,appliances.kitchen.hob,dauscher,123.5,3,0,0.0,0.0
1480714,computers.desktop,pulser,939.51,3,0,0.0,0.0
1801639,electronics.video.tv,harper,179.41,3,0,0.0,0.0
5801320,electronics.audio.subwoofer,kenwood,79.8,3,0,0.0,0.0
17800028,computers.desktop,dxracer,282.09,3,0,0.0,0.0
28719033,apparel.shoes,baden,62.81,3,0,0.0,0.0
7005132,kids.carriage,lorelli,59.72,3,0,0.0,0.0
4400379,appliances.kitchen.coffee_machine,galaxy,36.01,3,0,0.0,0.0
5000249,appliances.sewing_machine,brother,89.47,3,0,0.0,0.0
2701704,appliances.kitchen.refrigerators,bosch,495.77,3,0,0.0,0.0
4803175,electronics.audio.headphone,olto,1.0,3,0,0.0,0.0
17800010,computers.desktop,aerocool,179.93,3,0,0.0,0.0
26900009,sport.trainer,housefit,383.53,3,0,0.0,0.0
16200313,kids.fmcg.diapers,huggies,4.02,3,0,0.0,0.0
3200112,appliances.kitchen.meat_grinder,bosch,153.97,3,0,0.0,0.0
8901572,kids.toys,chicco,7.72,3,0,0.0,0.0
3601491,appliances.kitchen.washer,haier,424.7,3,0,0.0,0.0
5800359,electronics.audio.subwoofer,kenwood,135.14,3,0,0.0,0.0
5700235,auto.accessories.player,alpine,252.26,3,0,0.0,0.0
5100529,electronics.clocks,garmin,652.5,3,0,0.0,0.0
16700663,furniture.kitchen.chair,barneo,55.6,3,0,0.0,0.0
42700007,auto.accessories.winch,t-max,984.84,3,0,0.0,0.0
3900896,appliances.environment.water_heater,klima,77.2,3,0,0.0,0.0
6801246,computers.components.hdd,toshiba,294.44,3,0,0.0,0.0
28712438,apparel.shoes,respect,128.45,3,0,0.0,0.0
1802019,electronics.video.tv,lg,1173.49,3,0,0.0,0.0
7003556,kids.carriage,alis,128.68,3,0,0.0,0.0
28717951,apparel.shoes,burgerschuhe,105.54,3,0,0.0,0.0
1004532,electronics.smartphone,doogee,128.68,3,0,0.0,0.0
6700826,computers.components.videocards,palit,158.02,3,0,0.0,0.0
10201177,kids.dolls,llorens,37.97,3,0,0.0,0.0
3801270,appliances.iron,bosch,244.51,3,0,0.0,0.0
5800023,electronics.audio.subwoofer,infinity,76.96,3,0,0.0,0.0
5800160,electronics.audio.subwoofer,jbl,56.63,3,0,0.0,0.0
21403798,electronics.clocks,casio,34.49,3,0,0.0,0.0
1801997,electronics.video.tv,philips,746.45,3,0,0.0,0.0
1802068,electronics.video.tv,philips,244.51,3,1,244.51,33.33
18200077,electronics.audio.acoustic,sony,257.38,3,0,0.0,0.0
5000643,appliances.sewing_machine,veritas,164.48,3,0,0.0,0.0
8800509,electronics.telephone,bq,13.28,3,0,0.0,0.0
5800828,electronics.audio.subwoofer,mystery,96.53,3,0,0.0,0.0
9001655,kids.toys,hasbro,66.02,3,0,0.0,0.0
3900833,appliances.environment.water_heater,midea,73.33,3,0,0.0,0.0
28718741,apparel.shoes,respect,146.46,3,0,0.0,0.0
21401198,electronics.clocks,casio,135.14,3,0,0.0,0.0
21400344,electronics.clocks,casio,146.46,3,0,0.0,0.0
12400386,construction.tools.drill,alteco,60.46,3,0,0.0,0.0
19100380,construction.tools.saw,bosch,114.08,3,0,0.0,0.0
1005061,electronics.smartphone,oukitel,102.94,3,0,0.0,0.0
21401969,electronics.clocks,casio,46.85,3,0,0.0,0.0
4600718,appliances.kitchen.dishwasher,indesit,359.31,3,0,0.0,0.0
28716033,apparel.shoes.keds,nike,150.56,3,0,0.0,0.0
5100800,electronics.clocks,aimoto,44.99,3,0,0.0,0.0
28717143,apparel.shoes.keds,fassen,44.79,3,0,0.0,0.0
2500263,appliances.kitchen.oven,bosch,334.35,3,0,0.0,0.0
2700752,appliances.kitchen.refrigerators,atlant,343.12,3,0,0.0,0.0
14701446,furniture.living_room.cabinet,sv,437.33,3,0,0.0,0.0
5700848,auto.accessories.player,alpine,154.19,3,0,0.0,0.0
1004974,electronics.smartphone,samsung,1029.34,3,0,0.0,0.0
8400237,apparel.sock,chicco,33.46,3,0,0.0,0.0
5100553,electronics.clocks,garmin,592.01,3,0,0.0,0.0
5800680,electronics.audio.subwoofer,kicx,33.72,3,0,0.0,0.0
7900423,furniture.kitchen.chair,selby,36.01,3,0,0.0,0.0
1003609,electronics.smartphone,meizu,126.13,3,0,0.0,0.0
5701206,auto.accessories.player,imx,244.54,3,0,0.0,0.0
1307397,computers.notebook,hp,875.16,3,0,0.0,0.0
9101371,computers.peripherals.mouse,acer,77.2,3,0,0.0,0.0
8800443,electronics.telephone,nokia,47.09,3,0,0.0,0.0
8800546,electronics.telephone,texet,48.65,3,0,0.0,0.0
1700661,computers.peripherals.monitor,samsung,127.81,3,0,0.0,0.0
10900007,appliances.kitchen.mixer,polaris,25.45,3,0,0.0,0.0
4803540,electronics.audio.headphone,sony,249.5,3,0,0.0,0.0
36000003,appliances.kitchen.kettle,vinzer,36.57,3,0,0.0,0.0
11600048,computers.desktop,microlab,73.32,3,0,0.0,0.0
16200348,kids.fmcg.diapers,huggies,19.92,3,0,0.0,0.0
50600013,auto.accessories.compressor,magnetta,344.3,3,0,0.0,0.0
30600023,appliances.environment.vacuum,bosch,86.03,3,0,0.0,0.0
6700785,computers.components.videocards,sapphire,248.91,3,0,0.0,0.0
1401333,computers.desktop,acer,362.66,3,0,0.0,0.0
1480429,computers.desktop,acer,257.38,3,0,0.0,0.0
19300075,appliances.ironing_board,eurogold,7.7,3,0,0.0,0.0
8800723,electronics.telephone,texet,33.69,3,0,0.0,0.0
13900078,construction.components.faucet,decoroom,16.1,3,0,0.0,0.0
1004800,electronics.smartphone,haier,123.53,3,0,0.0,0.0
3801156,appliances.iron,tefal,110.43,3,0,0.0,0.0
28704334,apparel.shoes.keds,nike,200.78,3,0,0.0,0.0
13200377,furniture.bedroom.bed,bts,128.68,3,0,0.0,0.0
1306873,computers.notebook,dell,725.63,3,0,0.0,0.0
3700130,appliances.environment.vacuum,arnica,175.81,3,1,175.81,33.33
19100346,construction.tools.saw,crown,169.89,3,0,0.0,0.0
5801358,electronics.audio.subwoofer,alphard,69.5,3,0,0.0,0.0
3701229,appliances.environment.vacuum,dyson,565.47,2,0,0.0,0.0
4802639,electronics.audio.headphone,sony,218.77,2,0,0.0,0.0
11600000,computers.desktop,microlab,26.26,2,1,26.26,50.0
5200100,computers.ebooks,amazon,125.83,2,0,0.0,0.0
5000450,appliances.sewing_machine,janome,442.52,2,0,0.0,0.0
6300187,appliances.kitchen.kettle,saturn,27.54,2,0,0.0,0.0
16800035,furniture.kitchen.table,bts,64.09,2,0,0.0,0.0
1307115,computers.notebook,hp,411.59,2,0,0.0,0.0
4900112,appliances.kitchen.juicer,scarlett,43.73,2,0,0.0,0.0
4800282,electronics.audio.headphone,samsung,36.51,2,0,0.0,0.0
21407633,electronics.clocks,casio,79.8,2,0,0.0,0.0
8800774,electronics.telephone,irbis,14.36,2,0,0.0,0.0
45300020,kids.swing,joie,197.43,2,0,0.0,0.0
1480310,computers.desktop,hp,720.48,2,0,0.0,0.0
21408313,electronics.clocks,orient,234.76,2,0,0.0,0.0
4501324,appliances.kitchen.hob,bosch,357.54,2,0,0.0,0.0
1307003,computers.notebook,asus,977.76,2,0,0.0,0.0
1201458,electronics.tablet,apple,540.3,2,0,0.0,0.0
2501781,appliances.kitchen.oven,hotpoint-ariston,509.38,2,0,0.0,0.0
1801969,electronics.video.tv,lg,770.37,2,0,0.0,0.0
30000279,construction.tools.welding,crown,97.09,2,0,0.0,0.0
12100426,kids.skates,longway,169.63,2,0,0.0,0.0
28718742,apparel.shoes,respect,102.45,2,0,0.0,0.0
1201386,electronics.tablet,apple,1003.37,2,0,0.0,0.0
21408314,electronics.clocks,orient,125.61,2,0,0.0,0.0
4700637,auto.accessories.videoregister,neoline,82.08,2,0,0.0,0.0
6301950,appliances.kitchen.kettle,scarlett,28.03,2,0,0.0,0.0
3700708,appliances.environment.vacuum,artel,69.03,2,0,0.0,0.0
6300052,appliances.kitchen.kettle,panasonic,128.45,2,0,0.0,0.0
21400442,electronics.clocks,boccia,175.04,2,0,0.0,0.0
3800847,appliances.iron,polaris,15.19,2,0,0.0,0.0
5000678,appliances.sewing_machine,janome,133.83,2,0,0.0,0.0
28704189,apparel.shoes.keds,nike,174.78,2,0,0.0,0.0
1801941,electronics.video.tv,samsung,2059.23,2,0,0.0,0.0
28714191,apparel.shoes,greyder,87.52,2,1,87.52,50.0
5000493,appliances.sewing_machine,janome,101.67,2,0,0.0,0.0
11100011,appliances.personal.scales,polaris,14.63,2,0,0.0,0.0
12301290,construction.tools.drill,p.i.t.,68.54,2,0,0.0,0.0
28717881,apparel.shoes,cover,136.17,2,0,0.0,0.0
28401048,accessories.bag,karya,54.06,2,0,0.0,0.0
21403906,electronics.clocks,orient,163.45,2,0,0.0,0.0
3100318,appliances.kitchen.blender,scarlett,30.63,2,0,0.0,0.0
1304740,computers.notebook,acer,1513.29,2,0,0.0,0.0
9200501,computers.peripherals.keyboard,steelseries,87.26,2,0,0.0,0.0
4500770,appliances.kitchen.hob,greta,29.46,2,0,0.0,0.0
3701021,appliances.environment.vacuum,artel,70.61,2,0,0.0,0.0
3601262,appliances.kitchen.washer,midea,244.28,2,0,0.0,0.0
21408776,electronics.clocks,casio,34.24,2,0,0.0,0.0
28703601,apparel.shoes.keds,reebok,118.15,2,0,0.0,0.0
6301564,appliances.kitchen.kettle,smeg,169.86,2,0,0.0,0.0
4801753,electronics.audio.headphone,sony,63.44,2,0,0.0,0.0
1003657,electronics.smartphone,samsung,120.7,2,0,0.0,0.0
1307103,computers.notebook,lenovo,620.09,2,0,0.0,0.0
10400361,kids.toys,rastar,41.23,2,0,0.0,0.0
6902464,furniture.living_room.chair,zlatek,56.63,2,0,0.0,0.0
1306755,computers.notebook,asus,977.89,2,0,0.0,0.0
9200239,computers.peripherals.keyboard,steelseries,30.63,2,0,0.0,0.0
21411494,electronics.clocks,armani,180.18,2,0,0.0,0.0
7002615,kids.carriage,joie,230.38,2,0,0.0,0.0
28718899,apparel.shoes,rieker,100.13,2,0,0.0,0.0
28716825,apparel.shoes,rieker,118.15,2,0,0.0,0.0
1306240,computers.notebook,hp,1158.07,2,0,0.0,0.0
21402544,electronics.clocks,orient,181.73,2,0,0.0,0.0
1480445,computers.desktop,pulser,324.31,2,0,0.0,0.0
21405861,electronics.clocks,fossil,338.75,2,0,0.0,0.0
6201154,appliances.environment.air_heater,polaris,51.87,2,0,0.0,0.0
28716685,apparel.shoes,respect,66.41,2,0,0.0,0.0
28714688,apparel.shoes.keds,adidas,114.52,2,0,0.0,0.0
1600528,computers.peripherals.printer,canon,205.67,2,0,0.0,0.0
2800498,appliances.kitchen.refrigerators,almacom,178.34,2,0,0.0,0.0
12301075,construction.tools.drill,makita,149.3,2,0,0.0,0.0
4501835,appliances.kitchen.hob,hansa,257.12,2,0,0.0,0.0
36000075,appliances.kitchen.kettle,gipfel,138.51,2,0,0.0,0.0
1305915,computers.notebook,apple,2172.46,2,0,0.0,0.0
6600340,computers.components.memory,crucial,37.59,2,0,0.0,0.0
3100443,appliances.kitchen.blender,vitek,23.14,2,0,0.0,0.0
9002876,kids.toys,fancy,10.27,2,0,0.0,0.0
1307183,computers.notebook,lenovo,450.44,2,0,0.0,0.0
35101447,apparel.underwear,milavitsa,41.83,2,0,0.0,0.0
10900176,appliances.kitchen.mixer,kitchenaid,1499.91,2,0,0.0,0.0
7900970,furniture.kitchen.chair,lorelli,45.56,2,0,0.0,0.0
28401086,accessories.bag,respect,66.67,2,0,0.0,0.0
11100268,appliances.personal.scales,unit,18.0,2,0,0.0,0.0
1306416,computers.notebook,acer,669.23,2,0,0.0,0.0
4800107,electronics.audio.headphone,kingston,99.99,2,1,112.38,50.0
1201383,electronics.tablet,apple,1540.06,2,0,0.0,0.0
21000057,accessories.bag,roncato,76.96,2,0,0.0,0.0
1003129,electronics.smartphone,xiaomi,195.26,2,0,0.0,0.0
28718041,apparel.shoes.keds,millionaire,79.02,2,0,0.0,0.0
6701152,computers.components.videocards,msi,92.26,2,0,0.0,0.0
18500034,electronics.tablet,wacom,630.62,2,0,0.0,0.0
5000095,appliances.sewing_machine,brother,629.51,2,0,0.0,0.0
21400075,electronics.clocks,boccia,96.53,2,0,0.0,0.0
43300051,apparel.tshirt,nike,43.73,2,0,0.0,0.0
7006170,kids.carriage,bumbleride,383.54,2,0,0.0,0.0
3601006,appliances.kitchen.washer,indesit,215.36,2,0,0.0,0.0
4502274,appliances.kitchen.hob,zanussi,227.26,2,0,0.0,0.0
9100970,computers.peripherals.mouse,defender,6.41,2,0,0.0,0.0
1801980,electronics.video.tv,lg,925.1,2,0,0.0,0.0
6000027,auto.accessories.alarm,starline,157.53,2,0,0.0,0.0
1307467,computers.notebook,msi,1658.94,2,0,0.0,0.0
5100765,electronics.clocks,garmin,1671.83,2,0,0.0,0.0
4500282,appliances.kitchen.hob,gefest,113.9,2,0,0.0,0.0
6302001,appliances.kitchen.kettle,kitfort,52.02,2,0,0.0,0.0
4600669,appliances.kitchen.dishwasher,electrolux,818.53,2,0,0.0,0.0
3801282,appliances.iron,tefal,131.25,2,0,0.0,0.0
28715850,apparel.shoes,respect,128.45,2,0,0.0,0.0
35200529,apparel.underwear,milavitsa,16.11,2,0,0.0,0.0
3100929,appliances.kitchen.blender,redmond,77.2,2,0,0.0,0.0
4502167,appliances.kitchen.hob,midea,210.01,2,0,0.0,0.0
4802405,electronics.audio.headphone,samsung,25.02,2,0,0.0,0.0
1600636,computers.peripherals.printer,canon,308.86,2,0,0.0,0.0
10400424,kids.toys,hb,23.14,2,0,0.0,0.0
1201566,electronics.tablet,apple,437.57,2,0,0.0,0.0
1003372,electronics.smartphone,sony,411.31,2,0,0.0,0.0
7004116,kids.carriage,wingoffly,119.58,2,0,0.0,0.0
5100876,electronics.clocks,samsung,386.08,2,0,0.0,0.0
27700127,construction.tools.pump,karcher,63.58,2,0,0.0,0.0
2800261,appliances.kitchen.refrigerators,kristal,385.85,2,0,0.0,0.0
11000167,appliances.kitchen.toster,saturn,21.08,2,0,0.0,0.0
12301333,construction.tools.drill,bosch,205.41,2,0,0.0,0.0
28715976,apparel.shoes.keds,adidas,112.28,2,0,0.0,0.0
1480197,computers.desktop,lenovo,373.21,2,0,0.0,0.0
28715709,apparel.shoes.keds,puma,94.98,2,0,0.0,0.0
4000179,construction.tools.generator,midea,64.27,2,0,0.0,0.0
28703983,apparel.shoes.keds,nike,115.11,2,0,0.0,0.0
28716920,apparel.shoes,respect,138.74,2,0,0.0,0.0
1802032,electronics.video.tv,tcl,526.37,2,0,0.0,0.0
6000149,auto.accessories.alarm,starline,157.53,2,0,0.0,0.0
3700699,appliances.environment.vacuum,irobot,319.44,2,0,0.0,0.0
3900493,appliances.environment.water_heater,ariston,256.35,2,0,0.0,0.0
1480542,computers.desktop,smart,1226.29,2,0,0.0,0.0
10900127,appliances.kitchen.mixer,moulinex,78.48,2,0,0.0,0.0
28706659,apparel.shoes.espadrilles,rieker,22.65,2,0,0.0,0.0
6902389,furniture.living_room.chair,lorelli,51.44,2,0,0.0,0.0
2400109,appliances.kitchen.hood,gorenje,300.65,2,0,0.0,0.0
9900137,electronics.video.projector,viewsonic,449.28,2,0,0.0,0.0
18200022,electronics.audio.acoustic,samsung,527.66,2,1,385.54,50.0
21409056,electronics.clocks,casio,15.7,2,0,0.0,0.0
14500001,appliances.kitchen.coffee_grinder,delonghi,51.22,2,0,0.0,0.0
21400396,electronics.clocks,boccia,120.98,2,0,0.0,0.0
11300050,electronics.telephone,panasonic,66.92,2,0,0.0,0.0
1004812,electronics.smartphone,honor,154.42,2,0,0.0,0.0
17800694,computers.desktop,zeta,142.84,2,0,0.0,0.0
45601722,apparel.shoes,babybotte,74.39,2,0,0.0,0.0
4200943,appliances.environment.air_conditioner,electrolux,5.68,2,0,0.0,0.0
12100846,kids.skates,minimotors,2033.51,2,0,0.0,0.0
2702563,appliances.kitchen.refrigerators,artel,262.3,2,0,0.0,0.0
3900963,appliances.environment.water_heater,oasis,66.87,2,0,0.0,0.0
3901106,appliances.environment.water_heater,electrolux,257.38,2,0,0.0,0.0
1004533,electronics.smartphone,doogee,128.68,2,0,0.0,0.0
1801962,electronics.video.tv,philips,209.76,2,0,0.0,0.0
28719169,apparel.shoes,salamander,137.71,2,0,0.0,0.0
3200393,appliances.kitchen.meat_grinder,artel,43.68,2,0,0.0,0.0
21000068,accessories.bag,thule,195.63,2,0,0.0,0.0
29100046,appliances.personal.massager,bradex,28.29,2,0,0.0,0.0
1307261,computers.notebook,hp,568.35,2,0,0.0,0.0
4802035,electronics.audio.headphone,awei,18.26,2,0,0.0,0.0
40900003,construction.tools.painting,fubag,13.0,2,0,0.0,0.0
3601285,appliances.kitchen.washer,lg,447.89,2,0,0.0,0.0
1002494,electronics.smartphone,sony,307.58,2,0,0.0,0.0
28720439,apparel.shoes.keds,baden,53.8,2,0,0.0,0.0
21401483,electronics.clocks,casio,21.11,2,0,0.0,0.0
28716465,apparel.shoes,respect,123.3,2,0,0.0,0.0
5100505,electronics.clocks,apple,334.6,2,0,0.0,0.0
18300999,accessories.bag,asus,10.18,2,0,0.0,0.0
14300366,electronics.audio.music_tools.piano,akai,109.97,2,0,0.0,0.0
2502096,appliances.kitchen.oven,shivaki,54.26,2,0,0.0,0.0
9700114,computers.components.power_supply,gigabyte,75.39,2,0,0.0,0.0
1701049,computers.peripherals.monitor,samsung,617.7,2,0,0.0,0.0
19100405,construction.tools.saw,graphite,95.97,2,0,0.0,0.0
4803389,electronics.audio.headphone,jbl,71.82,2,0,0.0,0.0
46800012,appliances.kitchen.refrigerators,dometic,115.65,2,0,0.0,0.0
4802801,electronics.audio.headphone,jbl,25.71,2,0,0.0,0.0
11200245,appliances.personal.scales,galaxy,13.36,2,0,0.0,0.0
7005290,kids.carriage,wingoffly,63.06,2,0,0.0,0.0
28715563,apparel.shoes.keds,adidas,75.03,2,0,0.0,0.0
28300526,accessories.wallet,petek,64.87,2,0,0.0,0.0
28719177,apparel.shoes,salamander,127.42,2,0,0.0,0.0
12201449,sport.bicycle,axis,175.04,2,0,0.0,0.0
19100128,construction.tools.saw,makita,674.27,2,0,0.0,0.0
6600093,computers.components.memory,kingston,38.35,2,0,0.0,0.0
13200217,furniture.bedroom.bed,vegas,810.32,2,0,0.0,0.0
29700007,accessories.umbrella,fabretti,25.48,2,0,0.0,0.0
45300029,kids.swing,pituso,90.09,2,0,0.0,0.0
4803710,electronics.audio.headphone,meizu,25.71,2,0,0.0,0.0
18300176,accessories.bag,crown,11.92,2,0,0.0,0.0
7101497,furniture.bedroom.bed,bambini,94.62,2,0,0.0,0.0
21800105,computers.peripherals.mouse,acer,20.57,2,0,0.0,0.0
1306182,computers.notebook,acer,617.75,2,0,0.0,0.0
6701011,computers.components.videocards,palit,275.14,2,0,0.0,0.0
2700181,appliances.kitchen.refrigerators,atlant,262.53,2,0,0.0,0.0
6200712,appliances.environment.air_heater,oasis,23.66,2,0,0.0,0.0
13200159,furniture.bedroom.bed,brw,151.61,2,0,0.0,0.0
3200028,appliances.kitchen.meat_grinder,panasonic,116.08,2,0,0.0,0.0
3700918,appliances.environment.vacuum,tefal,241.71,2,0,0.0,0.0
28718614,apparel.shoes,respect,113.0,2,0,0.0,0.0
3601267,appliances.kitchen.washer,midea,205.9,2,0,0.0,0.0
5701190,auto.accessories.player,nakamichi,61.78,2,0,0.0,0.0
1801288,electronics.video.tv,samsung,2076.31,2,0,0.0,0.0
7004454,kids.carriage,chicco,199.72,2,0,0.0,0.0
28704535,apparel.shoes.moccasins,etor,100.39,2,0,0.0,0.0
1307360,computers.notebook,msi,2382.15,2,0,0.0,0.0
35108650,apparel.underwear,milavitsa,20.5,2,0,0.0,0.0
21400533,electronics.clocks,casio,65.64,2,0,0.0,0.0
19100276,construction.tools.saw,dewalt,140.15,2,0,0.0,0.0
5801564,electronics.audio.subwoofer,kicx,28.31,2,0,0.0,0.0
3700993,appliances.environment.vacuum,tefal,102.89,2,0,0.0,0.0
4700555,auto.accessories.videoregister,subini,104.25,2,0,0.0,0.0
5800839,electronics.audio.subwoofer,alpine,89.81,2,0,0.0,0.0
2701594,appliances.kitchen.refrigerators,haier,797.94,2,0,0.0,0.0
6400216,computers.components.cpu,intel,2208.64,2,0,0.0,0.0
28717051,apparel.shoes.keds,strobbs,48.39,2,0,0.0,0.0
2402968,appliances.kitchen.hood,haier,200.75,2,0,0.0,0.0
13200163,furniture.bedroom.bed,brw,202.06,2,0,0.0,0.0
1307277,computers.notebook,dell,1669.28,2,0,0.0,0.0
10900005,appliances.kitchen.mixer,braun,43.68,2,0,0.0,0.0
11200121,appliances.personal.scales,xiaomi,32.69,2,0,0.0,0.0
5100389,electronics.clocks,hiper,61.9,2,0,0.0,0.0
12100484,kids.skates,longway,87.52,2,0,0.0,0.0
1201295,electronics.tablet,apple,566.24,2,0,0.0,0.0
1306961,computers.notebook,msi,1847.49,2,0,0.0,0.0
28718012,apparel.shoes,respect,76.96,2,0,0.0,0.0
11700296,electronics.audio.acoustic,peavey,497.09,2,0,0.0,0.0
3701093,appliances.environment.vacuum,vitek,69.45,2,0,0.0,0.0
3200240,appliances.kitchen.meat_grinder,zelmer,52.77,2,0,0.0,0.0
4000176,construction.tools.generator,scarlett,33.98,2,0,0.0,0.0
1307312,computers.notebook,hp,486.24,2,0,0.0,0.0
12400347,construction.tools.drill,crown,81.73,2,0,0.0,0.0
6700997,computers.components.videocards,asus,316.08,2,0,0.0,0.0
21406682,electronics.clocks,tissot,360.37,2,0,0.0,0.0
11700210,electronics.audio.acoustic,m-audio,169.4,2,0,0.0,0.0
1801855,electronics.video.tv,olto,179.41,2,0,0.0,0.0
6300275,appliances.kitchen.kettle,panasonic,115.53,2,0,0.0,0.0
7005620,kids.carriage,chicco,195.6,2,0,0.0,0.0
12300913,construction.tools.drill,ryobi,69.09,2,0,0.0,0.0
28718602,apparel.shoes,respect,128.45,2,0,0.0,0.0
12100724,kids.skates,longway,136.43,2,0,0.0,0.0
12202354,sport.bicycle,haro,424.72,2,0,0.0,0.0
6500686,computers.components.motherboard,asrock,265.1,2,0,0.0,0.0
27700847,construction.tools.pump,hyundai,78.25,2,0,0.0,0.0
12201742,sport.bicycle,wethepeople,360.11,2,0,0.0,0.0
4803901,electronics.audio.headphone,marshall,169.12,2,0,0.0,0.0
17800164,computers.desktop,aerocool,169.12,2,0,0.0,0.0
12301251,construction.tools.drill,p.i.t.,71.54,2,0,0.0,0.0
3200433,appliances.kitchen.meat_grinder,panasonic,367.27,2,0,0.0,0.0
1307440,computers.notebook,hp,789.07,2,0,0.0,0.0
1004959,electronics.smartphone,irbis,68.1,2,0,0.0,0.0
3900655,appliances.environment.water_heater,thermex,84.61,2,0,0.0,0.0
2501058,appliances.kitchen.oven,gefest,236.24,2,0,0.0,0.0
21409706,electronics.clocks,zeppelin,501.94,2,0,0.0,0.0
7900980,furniture.kitchen.chair,lorelli-bertoni,77.22,2,0,0.0,0.0
3900837,appliances.environment.water_heater,haier,76.89,2,0,0.0,0.0
2300314,electronics.camera.video,dji,506.69,2,0,0.0,0.0
1480326,computers.desktop,neo,1093.72,2,0,0.0,0.0
3700794,appliances.environment.vacuum,polaris,56.6,2,1,56.6,50.0
1004866,electronics.smartphone,honor,102.94,2,0,0.0,0.0
2702089,appliances.kitchen.refrigerators,liebherr,308.89,2,0,0.0,0.0
1306831,computers.notebook,lenovo,694.97,2,0,0.0,0.0
5000490,appliances.sewing_machine,janome,450.28,2,0,0.0,0.0
6902898,furniture.living_room.chair,lorelli,55.6,2,0,0.0,0.0
4804220,electronics.audio.headphone,awei,23.77,2,0,0.0,0.0
7005159,kids.carriage,joie,161.14,2,0,0.0,0.0
28715854,apparel.shoes,respect,115.58,2,0,0.0,0.0
6000209,auto.accessories.alarm,pandora,256.12,2,0,0.0,0.0
2501931,appliances.kitchen.oven,scarlett,76.96,2,0,0.0,0.0
4802241,electronics.audio.headphone,jbl,38.59,2,0,0.0,0.0
3801112,appliances.iron,braun,437.57,2,0,0.0,0.0
6500991,computers.components.motherboard,asrock,209.38,2,0,0.0,0.0
4803633,electronics.audio.headphone,jabra,25.71,2,0,0.0,0.0
1306422,computers.notebook,hp,1019.07,2,0,0.0,0.0
2501932,appliances.kitchen.oven,scarlett,76.55,2,0,0.0,0.0
28714170,apparel.shoes.moccasins,greyder,72.07,2,0,0.0,0.0
10900356,appliances.kitchen.mixer,maxwell,10.81,2,0,0.0,0.0
28716611,apparel.shoes,baden,113.0,2,0,0.0,0.0
4803174,electronics.audio.headphone,olto,1.0,2,0,0.0,0.0
1802096,electronics.video.tv,xiaomi,1286.78,2,0,0.0,0.0
2501743,appliances.kitchen.oven,hansa,308.86,2,0,0.0,0.0
1002415,electronics.smartphone,sony,293.11,2,0,0.0,0.0
4803797,electronics.audio.headphone,sven,20.31,2,0,0.0,0.0
28704226,apparel.shoes.keds,nike,74.39,2,0,0.0,0.0
1306815,computers.notebook,lenovo,493.55,2,0,0.0,0.0
29502740,appliances.kitchen.toster,natrol,11.84,2,0,0.0,0.0
5000548,appliances.sewing_machine,jaguar,74.21,2,0,0.0,0.0
3700884,appliances.environment.vacuum,bosch,121.24,2,0,0.0,0.0
4802406,electronics.audio.headphone,sony,14.82,2,0,0.0,0.0
28720701,apparel.shoes,respect,146.46,2,0,0.0,0.0
14700536,furniture.living_room.cabinet,brw,329.22,2,0,0.0,0.0
52900002,accessories.bag,stanley,51.87,2,0,0.0,0.0
35200188,apparel.underwear,milavitsa,18.56,2,0,0.0,0.0
28717673,apparel.shoes.keds,greyder,100.39,2,0,0.0,0.0
28715120,apparel.shoes.keds,baden,51.22,2,0,0.0,0.0
10900313,appliances.kitchen.mixer,zelmer,51.6,2,0,0.0,0.0
28715597,apparel.shoes.keds,fila,100.36,2,0,0.0,0.0
21408982,electronics.clocks,edox,850.73,2,0,0.0,0.0
11000024,appliances.kitchen.toster,moulinex,36.01,2,0,0.0,0.0
5200006,computers.ebooks,pocketbook,102.68,2,0,0.0,0.0
16200069,kids.fmcg.diapers,merries,12.43,2,0,0.0,0.0
6200516,appliances.environment.air_heater,timberk,43.73,2,0,0.0,0.0
6400266,computers.components.cpu,amd,140.03,2,0,0.0,0.0
10201153,kids.dolls,llorens,58.95,2,0,0.0,0.0
28717909,apparel.shoes,burgerschuhe,102.45,2,0,0.0,0.0
21406428,electronics.clocks,armani,316.87,2,0,0.0,0.0
21407249,electronics.clocks,longines,1925.4,2,0,0.0,0.0
1701331,computers.peripherals.monitor,aoc,385.85,2,0,0.0,0.0
6300985,appliances.kitchen.kettle,redmond,69.47,2,0,0.0,0.0
12600014,appliances.kitchen.grill,clatronic,47.34,2,0,0.0,0.0
21407228,electronics.clocks,longines,1668.0,2,0,0.0,0.0
28712650,apparel.shoes,respect,151.61,2,0,0.0,0.0
46500006,apparel.trousers,aivengo,27.91,2,0,0.0,0.0
45700000,apparel.costume,aivengo,70.25,2,0,0.0,0.0
28400697,accessories.bag,karya,77.22,2,0,0.0,0.0
1801370,electronics.video.tv,vestel,205.67,2,0,0.0,0.0
12400512,construction.tools.drill,graphite,83.66,2,0,0.0,0.0
1801894,electronics.video.tv,rebus,135.63,2,0,0.0,0.0
43300049,apparel.tshirt,nike,34.98,2,0,0.0,0.0
28716228,apparel.shoes.moccasins,respect,64.61,2,0,0.0,0.0
1480423,computers.desktop,acer,1106.82,2,0,0.0,0.0
28703783,apparel.shoes.keds,nike,61.57,2,0,0.0,0.0
6801162,computers.components.hdd,samsung,99.33,2,0,0.0,0.0
1306311,computers.notebook,apple,1589.46,2,0,0.0,0.0
11300127,electronics.telephone,texet,23.1,2,0,0.0,0.0
1307185,computers.notebook,hp,1477.49,2,0,0.0,0.0
14100634,electronics.audio.acoustic,denn,18.76,2,0,0.0,0.0
6301081,appliances.kitchen.kettle,bosch,49.8,2,0,0.0,0.0
2800429,appliances.kitchen.refrigerators,leadbros,165.51,2,0,0.0,0.0
1480303,computers.desktop,hp,642.49,2,0,0.0,0.0
1201560,electronics.tablet,bq,79.77,2,0,0.0,0.0
11700328,electronics.audio.acoustic,krk,612.63,2,0,0.0,0.0
6701098,computers.components.videocards,gigabyte,870.8,2,0,0.0,0.0
28721455,apparel.shoes.keds,adidas,108.11,2,0,0.0,0.0
5100889,electronics.clocks,garmin,972.42,2,0,0.0,0.0
21403774,electronics.clocks,casio,16.99,2,0,0.0,0.0
1003673,electronics.smartphone,lg,165.07,2,0,0.0,0.0
3601287,appliances.kitchen.washer,shivaki,98.15,2,0,0.0,0.0
6301193,appliances.kitchen.kettle,polaris,45.56,2,0,0.0,0.0
21409387,electronics.clocks,casio,40.41,2,0,0.0,0.0
2401893,appliances.kitchen.hood,artel,38.35,2,0,0.0,0.0
4802861,electronics.audio.headphone,logitech,74.62,2,0,0.0,0.0
28715896,apparel.shoes,rieker,138.74,2,0,0.0,0.0
4500715,appliances.kitchen.hob,midea,220.06,2,0,0.0,0.0
39800122,apparel.shirt,dion,29.6,2,0,0.0,0.0
13900055,construction.components.faucet,decoroom,19.05,2,0,0.0,0.0
3900975,appliances.environment.water_heater,ariston,112.62,2,0,0.0,0.0
2800172,appliances.kitchen.refrigerators,kristal,293.94,2,0,0.0,0.0
6301957,appliances.kitchen.kettle,bosch,53.8,2,1,53.8,50.0
4803619,electronics.audio.headphone,razer,91.01,2,0,0.0,0.0
3700880,appliances.environment.vacuum,karcher,93.95,2,0,0.0,0.0
2701939,appliances.kitchen.refrigerators,atlant,329.22,2,0,0.0,0.0
14500043,appliances.kitchen.coffee_grinder,delonghi,72.05,2,0,0.0,0.0
1307072,computers.notebook,acer,509.41,2,0,0.0,0.0
6901938,furniture.living_room.chair,joie,193.31,2,0,0.0,0.0
16700567,furniture.kitchen.chair,barneo,63.84,2,0,0.0,0.0
4801928,electronics.audio.headphone,razer,119.43,2,0,0.0,0.0
5700243,auto.accessories.player,pioneer,97.81,2,0,0.0,0.0
16700653,furniture.kitchen.chair,domini,50.19,2,0,0.0,0.0
1005219,electronics.smartphone,bq,102.94,2,0,0.0,0.0
28716612,apparel.shoes,baden,113.0,2,0,0.0,0.0
1201391,electronics.tablet,apple,1518.44,2,0,0.0,0.0
28717003,apparel.shoes.keds,respect,102.71,2,0,0.0,0.0
16700058,furniture.kitchen.chair,domini,33.46,2,0,0.0,0.0
21400136,electronics.clocks,boccia,118.41,2,0,0.0,0.0
11700098,electronics.audio.acoustic,samson,939.54,2,0,0.0,0.0
6500865,computers.components.motherboard,asrock,126.31,2,0,0.0,0.0
3100198,appliances.kitchen.blender,nutribullet,61.78,2,0,0.0,0.0
1201317,electronics.tablet,lenovo,213.39,2,0,0.0,0.0
21408011,electronics.clocks,casio,53.21,2,0,0.0,0.0
1307009,computers.notebook,acer,720.71,2,0,0.0,0.0
28719042,apparel.shoes,baden,64.61,2,0,0.0,0.0
5000701,appliances.sewing_machine,janome,167.29,2,0,0.0,0.0
3601540,appliances.kitchen.washer,lg,565.76,2,0,0.0,0.0
1306561,computers.notebook,lenovo,257.15,2,0,0.0,0.0
2400604,appliances.kitchen.hood,beko,208.47,2,0,0.0,0.0
1003435,electronics.smartphone,huawei,202.12,2,0,0.0,0.0
2701462,appliances.kitchen.refrigerators,haier,669.23,2,0,0.0,0.0
4700553,auto.accessories.videoregister,navitel,51.46,2,0,0.0,0.0
1480654,computers.desktop,hp,362.69,2,0,0.0,0.0
12300126,construction.tools.drill,einhell,36.04,2,0,0.0,0.0
28721084,apparel.shoes,rooman,46.08,2,0,0.0,0.0
4600712,appliances.kitchen.dishwasher,dauscher,256.63,2,0,0.0,0.0
7004561,kids.carriage,joie,140.29,2,0,0.0,0.0
6200552,appliances.environment.air_heater,ballu,108.11,2,0,0.0,0.0
4700626,auto.accessories.videoregister,intego,91.12,2,0,0.0,0.0
4804048,electronics.audio.headphone,plantronics,177.09,2,0,0.0,0.0
3700797,appliances.environment.vacuum,philips,118.41,2,0,0.0,0.0
4200883,appliances.environment.air_conditioner,lg,476.17,2,0,0.0,0.0
6200338,appliances.environment.air_heater,ballu,83.4,2,0,0.0,0.0
1004851,electronics.smartphone,meizu,179.93,2,0,0.0,0.0
2300249,electronics.camera.video,xiaomi,102.71,2,0,0.0,0.0
2701368,appliances.kitchen.refrigerators,bosch,1256.07,2,0,0.0,0.0
2701550,appliances.kitchen.refrigerators,beko,316.58,2,0,0.0,0.0
22400037,electronics.audio.microphone,hoco,20.57,2,0,0.0,0.0
3700754,appliances.environment.vacuum,samsung,90.07,2,0,0.0,0.0
26900045,sport.trainer,gf,450.07,2,0,0.0,0.0
12301446,construction.tools.drill,dwt,64.23,2,0,0.0,0.0
6801188,computers.components.hdd,crucial,39.9,2,0,0.0,0.0
6301922,appliances.kitchen.kettle,elenberg,20.57,2,0,0.0,0.0
7006107,kids.carriage,babykiss,218.8,2,0,0.0,0.0
1480713,computers.desktop,pulser,818.53,2,0,0.0,0.0
28300257,accessories.wallet,karya,32.18,2,0,0.0,0.0
1201521,electronics.tablet,bq,102.71,2,0,0.0,0.0
1201457,electronics.tablet,apple,643.26,2,0,0.0,0.0
1306391,computers.notebook,dell,905.81,2,0,0.0,0.0
9200403,computers.peripherals.keyboard,kingston,80.77,2,0,0.0,0.0
2701878,appliances.kitchen.refrigerators,beko,354.88,2,0,0.0,0.0
30000019,construction.tools.welding,edon,54.57,2,0,0.0,0.0
4600654,appliances.kitchen.dishwasher,dauscher,308.86,2,0,0.0,0.0
4700444,auto.accessories.videoregister,ritmix,59.18,2,0,0.0,0.0
3701586,appliances.environment.vacuum,tefal,401.53,2,0,0.0,0.0
21401224,electronics.clocks,casio,49.16,2,0,0.0,0.0
16700674,furniture.kitchen.chair,domini,30.89,2,0,0.0,0.0
1004296,electronics.smartphone,bq,83.37,2,0,0.0,0.0
28714220,apparel.shoes.moccasins,etor,100.39,2,0,0.0,0.0
6701120,computers.components.videocards,powercolor,220.96,2,0,0.0,0.0
13900043,construction.components.faucet,decoroom,14.75,2,0,0.0,0.0
13800165,furniture.bathroom.toilet,santeri,61.57,2,0,0.0,0.0
4000122,construction.tools.generator,karcher,458.38,2,0,0.0,0.0
5000359,appliances.sewing_machine,toyota,404.39,2,0,0.0,0.0
1500354,computers.peripherals.printer,hp,694.54,2,0,0.0,0.0
10900028,appliances.kitchen.mixer,bosch,38.04,2,0,0.0,0.0
21406491,electronics.clocks,armani,180.18,2,0,0.0,0.0
7101292,furniture.bedroom.bed,incanto,169.86,2,0,0.0,0.0
4800799,electronics.audio.headphone,sony,19.54,2,0,0.0,0.0
12100379,kids.skates,sunbody,60.49,2,0,0.0,0.0
28714616,apparel.shoes.keds,adidas,74.65,2,0,0.0,0.0
5100381,electronics.clocks,suunto,282.89,2,0,0.0,0.0
1480466,computers.desktop,hp,530.23,2,0,0.0,0.0
12300023,construction.tools.drill,bosch,115.5,2,0,0.0,0.0
3801280,appliances.iron,philips,257.38,2,0,0.0,0.0
21000083,accessories.bag,thule,102.94,2,0,0.0,0.0
13900096,construction.components.faucet,decoroom,26.54,2,0,0.0,0.0
1307143,computers.notebook,hp,669.0,2,0,0.0,0.0
10900330,appliances.kitchen.mixer,gorenje,41.16,2,0,0.0,0.0
11700121,electronics.audio.acoustic,yamaha,308.12,2,0,0.0,0.0
28300305,accessories.wallet,karya,38.61,2,0,0.0,0.0
1003854,electronics.smartphone,samsung,200.52,2,0,0.0,0.0
3601297,appliances.kitchen.washer,artel,59.93,2,0,0.0,0.0
28719156,apparel.shoes,salamander,127.42,2,0,0.0,0.0
39900045,apparel.trousers,nike,61.75,2,0,0.0,0.0
7005392,kids.carriage,bertoni,176.05,2,0,0.0,0.0
6301865,appliances.kitchen.kettle,polaris,30.86,2,0,0.0,0.0
12100785,kids.skates,kugoo,511.72,2,0,0.0,0.0
4400331,appliances.kitchen.coffee_machine,bosch,54.03,2,0,0.0,0.0
28713674,apparel.shoes.keds,estomoda,66.93,2,0,0.0,0.0
1003862,electronics.smartphone,xiaomi,253.87,2,0,0.0,0.0
6500895,computers.components.motherboard,gigabyte,50.14,2,0,0.0,0.0
1307337,computers.notebook,asus,501.69,2,0,0.0,0.0
28715699,apparel.shoes.keds,puma,94.98,2,0,0.0,0.0
6902982,furniture.living_room.chair,lorelli-bertoni,82.37,2,0,0.0,0.0
1305650,computers.notebook,lenovo,820.27,2,0,0.0,0.0
1480731,computers.desktop,pulser,998.71,2,0,0.0,0.0
4000210,construction.tools.generator,polaris,114.44,2,0,0.0,0.0
9700021,computers.components.power_supply,aerocool,21.08,2,0,0.0,0.0
4802020,electronics.audio.headphone,xiaomi,6.92,2,0,0.0,0.0
21409431,electronics.clocks,casio,60.49,2,0,0.0,0.0
4200545,appliances.environment.air_conditioner,elenberg,433.19,2,0,0.0,0.0
28718141,apparel.shoes,fassen,51.22,2,0,0.0,0.0
39800123,apparel.shirt,dion,29.6,2,0,0.0,0.0
5800018,electronics.audio.subwoofer,alpine,64.09,2,0,0.0,0.0
7900750,furniture.kitchen.chair,lorelli,29.86,2,0,0.0,0.0
1480405,computers.desktop,lenovo,1139.92,2,0,0.0,0.0
6200292,appliances.environment.air_heater,elenberg,48.88,2,0,0.0,0.0
2702026,appliances.kitchen.refrigerators,atlant,338.23,2,0,0.0,0.0
1303049,computers.notebook,hp,759.32,2,0,0.0,0.0
52900157,accessories.bag,stanley,83.79,2,0,0.0,0.0
2800534,appliances.kitchen.refrigerators,hansa,203.33,2,0,0.0,0.0
3800029,appliances.iron,rowenta,182.73,2,0,0.0,0.0
5000143,appliances.sewing_machine,janome,295.68,2,0,0.0,0.0
8901898,kids.toys,pituso,46.54,2,0,0.0,0.0
4501359,appliances.kitchen.hob,bosch,308.86,2,0,0.0,0.0
13201335,furniture.bedroom.bed,mebbery.kz,468.43,2,0,0.0,0.0
19200085,construction.tools.saw,makita,154.44,2,0,0.0,0.0
2501204,appliances.kitchen.oven,midea,194.32,2,0,0.0,0.0
12400037,construction.tools.drill,bosch,189.42,2,0,0.0,0.0
1307102,computers.notebook,lenovo,501.69,2,0,0.0,0.0
28718087,apparel.shoes.keds,respect,33.72,2,0,0.0,0.0
1480715,computers.desktop,pulser,818.53,2,0,0.0,0.0
1307491,computers.notebook,xiaomi,1106.59,2,0,0.0,0.0
12600086,appliances.kitchen.grill,redmond,51.46,2,0,0.0,0.0
28715778,apparel.shoes,nexpero,107.85,2,0,0.0,0.0
4500092,appliances.kitchen.hob,electrolux,236.02,2,0,0.0,0.0
2501739,appliances.kitchen.oven,redmond,136.4,2,0,0.0,0.0
50600083,auto.accessories.compressor,airline,11.58,2,0,0.0,0.0
28718914,apparel.shoes.keds,nexpero,102.71,2,0,0.0,0.0
9000215,computers.peripherals.keyboard,logitech,24.7,2,0,0.0,0.0
6902179,furniture.living_room.chair,lorelli,52.51,2,0,0.0,0.0
4400224,appliances.kitchen.coffee_machine,delonghi,746.45,2,0,0.0,0.0
32900105,accessories.bag,prologic,20.52,2,0,0.0,0.0
7005063,kids.carriage,babytime,62.54,2,0,0.0,0.0
1800729,electronics.video.tv,samsung,289.33,2,0,0.0,0.0
39800199,apparel.shirt,harley-davidson,122.27,2,0,0.0,0.0
1004553,electronics.smartphone,inoi,61.49,2,0,0.0,0.0
1003222,electronics.smartphone,nokia,128.62,2,0,0.0,0.0
28715981,apparel.shoes.keds,jordan,137.69,2,0,0.0,0.0
1500355,computers.peripherals.printer,hp,198.15,2,0,0.0,0.0
3100890,appliances.kitchen.blender,redmond,131.25,2,0,0.0,0.0
2800062,appliances.kitchen.refrigerators,gorenje,283.12,2,0,0.0,0.0
7003578,kids.carriage,alis,128.45,2,0,0.0,0.0
21409486,electronics.clocks,casio,117.89,2,0,0.0,0.0
6800871,computers.components.hdd,adata,23.66,2,0,0.0,0.0
2702631,appliances.kitchen.refrigerators,midea,952.38,2,0,0.0,0.0
1003947,electronics.smartphone,inoi,58.16,2,0,0.0,0.0
21403088,electronics.clocks,orient,114.55,2,0,0.0,0.0
28712993,apparel.shoes,rieker,68.21,2,0,0.0,0.0
17900071,construction.tools.generator,zongshen,244.54,2,0,0.0,0.0
1701515,computers.peripherals.monitor,lg,280.55,2,0,0.0,0.0
4400560,appliances.kitchen.coffee_machine,gipfel,99.79,2,0,0.0,0.0
4802607,electronics.audio.headphone,sony,58.95,2,0,0.0,0.0
2900574,appliances.kitchen.microwave,lg,151.74,2,0,0.0,0.0
14100045,electronics.audio.acoustic,crusader,203.35,2,0,0.0,0.0
13200327,furniture.bedroom.bed,domini,141.57,2,0,0.0,0.0
1004943,electronics.smartphone,xiaomi,357.28,2,0,0.0,0.0
9101073,computers.peripherals.mouse,logitech,123.53,2,0,0.0,0.0
28719110,apparel.shoes,salamander,160.88,2,0,0.0,0.0
6300242,appliances.kitchen.kettle,gorenje,38.59,2,0,0.0,0.0
4803236,electronics.audio.headphone,jabra,205.9,2,0,0.0,0.0
1701519,computers.peripherals.monitor,qmax,80.28,2,0,0.0,0.0
28720372,apparel.shoes,fly,89.58,2,0,0.0,0.0
3701142,appliances.environment.vacuum,hoover,102.94,2,0,0.0,0.0
4803776,electronics.audio.headphone,sven,28.06,2,0,0.0,0.0
28715577,apparel.shoes.keds,reebok,77.2,2,0,0.0,0.0
6302207,appliances.kitchen.kettle,panasonic,214.93,2,0,0.0,0.0
11300061,electronics.telephone,panasonic,25.15,2,0,0.0,0.0
1307284,computers.notebook,hp,1250.74,2,0,0.0,0.0
2300304,electronics.camera.video,prolike,51.22,2,0,0.0,0.0
10900023,appliances.kitchen.mixer,moulinex,66.9,2,0,0.0,0.0
21404253,electronics.clocks,otan,424.72,2,0,0.0,0.0
6200726,appliances.environment.air_heater,normann,22.63,2,0,0.0,0.0
4600698,appliances.kitchen.dishwasher,haier,386.08,2,0,0.0,0.0
4804607,electronics.audio.headphone,elari,66.9,2,0,0.0,0.0
6200518,appliances.environment.air_heater,ballu,38.61,2,0,0.0,0.0
12100616,kids.skates,longway,82.37,2,0,0.0,0.0
8700331,appliances.personal.hair_cutter,philips,41.16,2,0,0.0,0.0
3700849,appliances.environment.vacuum,karcher,115.58,2,0,0.0,0.0
6200640,appliances.environment.air_heater,oasis,16.65,2,0,0.0,0.0
28717885,apparel.shoes,cover,119.69,2,0,0.0,0.0
1480583,computers.desktop,hp,573.5,2,0,0.0,0.0
6701096,computers.components.videocards,asrock,185.41,2,0,0.0,0.0
18800009,auto.accessories.parktronic,parkmaster,32.18,2,0,0.0,0.0
6200336,appliances.environment.air_heater,ballu,50.19,2,0,0.0,0.0
2701408,appliances.kitchen.refrigerators,indesit,373.47,2,0,0.0,0.0
6902768,furniture.living_room.chair,cybex,257.38,2,0,0.0,0.0
5700849,auto.accessories.player,alpine,101.16,2,0,0.0,0.0
6701051,computers.components.videocards,gigabyte,299.62,2,0,0.0,0.0
4900339,appliances.kitchen.juicer,smeg,195.6,2,0,0.0,0.0
45600224,apparel.shoes,shagovita,52.5,2,0,0.0,0.0
4803139,electronics.audio.headphone,harper,23.14,2,0,0.0,0.0
29700010,accessories.umbrella,fabretti,25.48,2,0,0.0,0.0
18300641,accessories.bag,hp,47.38,2,0,0.0,0.0
5000646,appliances.sewing_machine,elna,115.58,2,0,0.0,0.0
1802076,electronics.video.tv,samsung,1544.42,2,0,0.0,0.0
2501419,appliances.kitchen.oven,bosch,450.87,2,0,0.0,0.0
9200425,computers.peripherals.keyboard,hyperx,106.91,2,0,0.0,0.0
4803904,electronics.audio.headphone,xiaomi,6.92,2,0,0.0,0.0
6800557,computers.components.hdd,seagate,55.21,2,0,0.0,0.0
6300686,appliances.kitchen.kettle,polaris,51.4,2,0,0.0,0.0
5701332,auto.accessories.player,ams,221.37,2,0,0.0,0.0
4201024,appliances.environment.air_conditioner,almacom,279.47,2,0,0.0,0.0
21404528,electronics.clocks,casio,26.51,2,0,0.0,0.0
6301863,appliances.kitchen.kettle,tefal,41.16,2,0,0.0,0.0
6300183,appliances.kitchen.kettle,galaxy,34.21,2,0,0.0,0.0
13201077,furniture.bedroom.bed,polini,308.86,2,0,0.0,0.0
3100598,appliances.kitchen.blender,moulinex,48.88,2,0,0.0,0.0
4400251,appliances.kitchen.coffee_machine,redmond,185.31,2,0,0.0,0.0
28719086,apparel.shoes.keds,fassen,51.22,2,0,0.0,0.0
28704160,apparel.shoes.keds,nike,154.19,2,0,0.0,0.0
3200031,appliances.kitchen.meat_grinder,panasonic,79.36,2,0,0.0,0.0
1802113,electronics.video.tv,kivi,192.28,2,0,0.0,0.0
17200421,furniture.living_room.sofa,divalux,849.44,2,0,0.0,0.0
9700053,computers.components.power_supply,cougar,119.95,2,0,0.0,0.0
6500960,computers.components.motherboard,asrock,97.56,2,0,0.0,0.0
6300808,appliances.kitchen.kettle,bosch,66.62,2,0,0.0,0.0
2402319,appliances.kitchen.hood,elica,128.24,2,0,0.0,0.0
21410490,electronics.clocks,tissot,494.22,2,0,0.0,0.0
4200988,appliances.environment.air_conditioner,midea,339.85,2,0,0.0,0.0
6902595,furniture.living_room.chair,nania,84.43,2,0,0.0,0.0
45600268,apparel.shoes,shagovita,61.76,2,0,0.0,0.0
28718421,apparel.shoes,rieker,110.94,2,0,0.0,0.0
28717805,apparel.shoes.keds,puma,84.69,2,0,0.0,0.0
10900009,appliances.kitchen.mixer,saturn,30.63,2,0,0.0,0.0
9200192,computers.peripherals.keyboard,kingston,97.56,2,0,0.0,0.0
3000001,appliances.kitchen.steam_cooker,tefal,138.97,2,0,0.0,0.0
14100635,electronics.audio.acoustic,denn,38.07,2,0,0.0,0.0
28715772,apparel.shoes,nexpero,97.56,2,0,0.0,0.0
22600005,auto.accessories.compressor,berkut,243.25,2,0,0.0,0.0
18300388,accessories.bag,continent,37.32,2,0,0.0,0.0
3900808,appliances.environment.water_heater,shivaki,81.29,2,0,0.0,0.0
14300379,electronics.audio.music_tools.piano,casio,197.99,2,0,0.0,0.0
16700961,furniture.kitchen.chair,zeta,5.89,2,0,0.0,0.0
27000020,sport.trainer,housefit,566.3,2,0,0.0,0.0
21407610,electronics.clocks,certina,350.07,2,0,0.0,0.0
27700113,construction.tools.pump,leo,48.9,2,0,0.0,0.0
1003177,electronics.smartphone,nokia,127.36,2,0,0.0,0.0
7006199,kids.carriage,hp,61.78,2,0,0.0,0.0
12300430,construction.tools.drill,wester,25.71,2,0,0.0,0.0
3100889,appliances.kitchen.blender,scarlett,35.5,2,0,0.0,0.0
12301111,construction.tools.drill,dewalt,220.41,2,0,0.0,0.0
19200116,construction.tools.saw,stihl,1382.27,2,0,0.0,0.0
7006267,kids.carriage,adil,77.22,2,0,0.0,0.0
4400537,appliances.kitchen.coffee_machine,jura,1492.87,2,0,0.0,0.0
6701215,computers.components.videocards,asus,507.86,2,0,0.0,0.0
2900386,appliances.kitchen.microwave,horizont,57.96,2,0,0.0,0.0
1305263,computers.notebook,acer,298.33,2,0,0.0,0.0
1600596,computers.peripherals.printer,hp,136.16,2,0,0.0,0.0
17000033,computers.desktop,deluxe,100.2,2,0,0.0,0.0
5100605,electronics.clocks,wonlex,38.33,2,0,0.0,0.0
6700519,computers.components.videocards,geil,283.12,2,0,0.0,0.0
1401730,computers.desktop,hp,1838.66,2,0,0.0,0.0
2900214,appliances.kitchen.microwave,ava,56.6,2,0,0.0,0.0
5000809,appliances.sewing_machine,brother,660.5,2,0,0.0,0.0
1004409,electronics.smartphone,doogee,66.67,2,0,0.0,0.0
3701154,appliances.environment.vacuum,tefal,176.3,2,0,0.0,0.0
7900981,furniture.kitchen.chair,lorelli-bertoni,77.21,2,0,0.0,0.0
12301355,construction.tools.drill,crown,35.14,2,0,0.0,0.0
13600069,furniture.bathroom.bath,cersanit,103.99,2,0,0.0,0.0
10201451,kids.dolls,barbie,46.31,2,0,0.0,0.0
21406158,electronics.clocks,momentum,89.58,2,0,0.0,0.0
6200259,appliances.environment.air_heater,midea,66.67,2,0,0.0,0.0
2300218,electronics.camera.video,sony,455.35,2,0,0.0,0.0
30000120,construction.tools.welding,fubag,594.1,2,0,0.0,0.0
1801141,electronics.video.tv,yasin,244.28,2,0,0.0,0.0
3600833,appliances.kitchen.washer,smeg,1670.31,2,0,0.0,0.0
12300901,construction.tools.drill,kolner,22.12,2,0,0.0,0.0
1201565,electronics.tablet,apple,437.57,2,0,0.0,0.0
28712976,apparel.shoes,marcomen,75.42,2,0,0.0,0.0
21410722,electronics.clocks,tissot,272.85,2,0,0.0,0.0
28716964,apparel.shoes.keds,respect,125.87,2,0,0.0,0.0
28718987,apparel.shoes,baden,123.3,2,0,0.0,0.0
28715707,apparel.shoes.keds,puma,94.98,2,0,0.0,0.0
6301243,appliances.kitchen.kettle,tefal,46.31,2,0,0.0,0.0
28719111,apparel.shoes,salamander,160.88,2,0,0.0,0.0
6200134,appliances.environment.air_heater,electrolux,34.03,2,0,0.0,0.0
2501254,appliances.kitchen.oven,asel,93.45,2,0,0.0,0.0
5200142,computers.ebooks,pocketbook,185.07,2,0,0.0,0.0
4802640,electronics.audio.headphone,sony,169.12,2,0,0.0,0.0
6200883,appliances.environment.air_heater,elenberg,46.31,2,0,0.0,0.0
1701421,computers.peripherals.monitor,samsung,615.18,2,0,0.0,0.0
28713742,apparel.shoes.keds,nike,67.75,2,0,0.0,0.0
28715771,apparel.shoes,nexpero,68.21,2,0,0.0,0.0
12301368,construction.tools.drill,dewalt,245.44,2,0,0.0,0.0
6701222,computers.components.videocards,asus,1068.35,2,0,0.0,0.0
1480617,computers.desktop,hp,411.08,2,0,0.0,0.0
18300214,accessories.bag,hp,18.25,2,0,0.0,0.0
1306564,computers.notebook,acer,746.45,2,0,0.0,0.0
17800042,computers.desktop,dxracer,257.38,2,0,0.0,0.0
5100325,electronics.clocks,garmin,638.11,2,0,0.0,0.0
1801563,electronics.video.tv,sony,1466.96,2,0,0.0,0.0
21407708,electronics.clocks,casio,20.34,2,0,0.0,0.0
45600473,apparel.shoes,tesoro,39.87,2,0,0.0,0.0
3801135,appliances.iron,elenberg,20.57,2,1,18.02,50.0
2900584,appliances.kitchen.microwave,electrolux,138.92,2,0,0.0,0.0
28717911,apparel.shoes,burgerschuhe,102.45,2,0,0.0,0.0
4800973,electronics.audio.headphone,harper,12.84,2,0,0.0,0.0
2501515,appliances.kitchen.oven,luxell,168.11,2,0,0.0,0.0
6700878,computers.components.videocards,palit,1245.59,2,0,0.0,0.0
1307157,computers.notebook,apple,2555.46,2,0,0.0,0.0
14100313,electronics.audio.acoustic,yamaha,148.88,2,0,0.0,0.0
45300082,kids.swing,joie,197.43,2,0,0.0,0.0
4700689,auto.accessories.videoregister,sho-me,133.85,2,0,0.0,0.0
28713017,apparel.shoes,baden,64.61,2,0,0.0,0.0
28716972,apparel.shoes,respect,75.42,2,0,0.0,0.0
1801441,electronics.video.tv,artel,146.7,2,0,0.0,0.0
8800628,electronics.telephone,texet,20.82,2,0,0.0,0.0
5800930,electronics.audio.subwoofer,kicx,118.92,2,0,0.0,0.0
2300310,electronics.camera.video,bluesonic,82.37,2,0,0.0,0.0
4802266,electronics.audio.headphone,xiaomi,35.56,2,0,0.0,0.0
6000183,auto.accessories.alarm,starline,400.01,2,0,0.0,0.0
8700584,appliances.personal.hair_cutter,braun,82.34,2,0,0.0,0.0
1701027,computers.peripherals.monitor,samsung,154.19,2,0,0.0,0.0
28717441,apparel.shoes,respect,52.0,2,0,0.0,0.0
1004830,electronics.smartphone,gionee,74.39,2,0,0.0,0.0
9101283,computers.peripherals.mouse,hyperx,51.2,2,0,0.0,0.0
28704335,apparel.shoes.keds,nike,200.78,2,0,0.0,0.0
1701543,computers.peripherals.monitor,acer,444.8,2,0,0.0,0.0
28401046,accessories.bag,karya,95.24,2,0,0.0,0.0
1306196,computers.notebook,hp,411.59,2,0,0.0,0.0
1307144,computers.notebook,hp,599.5,2,0,0.0,0.0
4700583,auto.accessories.videoregister,fujida,36.03,2,0,0.0,0.0
12201647,sport.bicycle,giant,771.96,2,0,0.0,0.0
3200049,appliances.kitchen.meat_grinder,moulinex,138.74,2,0,0.0,0.0
12300843,construction.tools.drill,crown,41.19,2,0,0.0,0.0
14100003,electronics.audio.acoustic,fender,248.91,2,0,0.0,0.0
27700724,construction.tools.pump,alteco,96.27,2,0,0.0,0.0
45300061,kids.swing,joie,174.78,2,0,0.0,0.0
11600352,computers.desktop,logitech,837.29,2,0,0.0,0.0
21408811,electronics.clocks,orient,122.01,2,0,0.0,0.0
17900077,construction.tools.generator,eurolux,203.35,2,0,0.0,0.0
27000009,sport.trainer,housefit,586.56,2,0,0.0,0.0
6700736,computers.components.videocards,asus,205.67,2,0,0.0,0.0
6700484,computers.components.videocards,palit,143.89,2,0,0.0,0.0
3100618,appliances.kitchen.blender,lumme,19.19,2,0,0.0,0.0
25900003,computers.components.cooler,ecocool,159.57,2,0,0.0,0.0
17000005,computers.desktop,sv,113.23,2,0,0.0,0.0
28717843,apparel.shoes.keds,adidas,128.45,2,0,0.0,0.0
3100828,appliances.kitchen.blender,bosch,102.94,2,0,0.0,0.0
7000766,kids.carriage,babyzen,630.65,2,0,0.0,0.0
2401883,appliances.kitchen.hood,artel,61.24,2,0,0.0,0.0
18500063,electronics.tablet,xp-pen,76.96,2,0,0.0,0.0
3200543,appliances.kitchen.meat_grinder,unit,90.28,2,0,0.0,0.0
3900811,appliances.environment.water_heater,thermex,126.1,2,0,0.0,0.0
4803616,electronics.audio.headphone,huawei,138.43,2,0,0.0,0.0
1802099,electronics.video.tv,blaupunkt,514.79,2,0,0.0,0.0
2300182,electronics.camera.video,veho,128.69,2,0,0.0,0.0
2701763,appliances.kitchen.refrigerators,lg,913.33,2,0,0.0,0.0
21401321,electronics.clocks,casio,28.98,2,0,0.0,0.0
1801958,electronics.video.tv,sony,1363.48,2,0,0.0,0.0
2701808,appliances.kitchen.refrigerators,hotpoint-ariston,1059.27,2,0,0.0,0.0
2701741,appliances.kitchen.refrigerators,lg,905.01,2,0,0.0,0.0
13800078,furniture.bathroom.toilet,vitra,220.49,2,0,0.0,0.0
19100345,construction.tools.saw,crown,233.76,2,0,0.0,0.0
7900022,furniture.kitchen.chair,pituso,94.98,2,0,0.0,0.0
11700414,electronics.audio.acoustic,electro-voice,1076.48,2,0,0.0,0.0
47500014,construction.tools.light,puckator,20.59,2,0,0.0,0.0
28715451,apparel.shoes.keds,remonte,57.92,2,0,0.0,0.0
6701249,computers.components.videocards,msi,37.02,2,0,0.0,0.0
10400399,kids.toys,rastar,15.44,2,0,0.0,0.0
2501674,appliances.kitchen.oven,rebus,59.18,2,0,0.0,0.0
3200337,appliances.kitchen.meat_grinder,moulinex,104.89,2,0,0.0,0.0
3800660,appliances.iron,vitek,28.06,2,0,0.0,0.0
4804330,electronics.audio.headphone,xiaomi,38.58,2,0,0.0,0.0
12201156,sport.bicycle,cannondale,1544.18,2,0,0.0,0.0
28717869,apparel.shoes,atrai,119.69,2,0,0.0,0.0
28717631,apparel.shoes,alpina,109.4,2,0,0.0,0.0
6501006,computers.components.motherboard,asrock,68.21,2,0,0.0,0.0
4502495,appliances.kitchen.hob,dauscher,147.75,2,0,0.0,0.0
4700445,auto.accessories.videoregister,neoline,120.96,2,0,0.0,0.0
3701546,appliances.environment.vacuum,samsung,151.42,2,0,0.0,0.0
10400527,kids.toys,skytech,25.71,2,0,0.0,0.0
4000203,construction.tools.generator,karcher,1029.37,2,0,0.0,0.0
18500013,electronics.tablet,wacom,285.72,2,0,0.0,0.0
28300484,accessories.wallet,karya,36.04,2,0,0.0,0.0
4000198,construction.tools.generator,philips,97.79,2,0,0.0,0.0
3701385,appliances.environment.vacuum,hobot,643.26,2,0,0.0,0.0
3100276,appliances.kitchen.blender,braun,56.6,2,1,56.6,50.0
4600711,appliances.kitchen.dishwasher,electrolux,373.21,2,0,0.0,0.0
10900230,appliances.kitchen.mixer,smeg,578.88,2,0,0.0,0.0
5700863,auto.accessories.player,kenwood,98.68,2,0,0.0,0.0
19200205,construction.tools.saw,stihl,514.81,2,0,0.0,0.0
52900013,accessories.bag,stanley,85.54,2,0,0.0,0.0
1004679,electronics.smartphone,inoi,66.67,2,0,0.0,0.0
4801839,electronics.audio.headphone,jbl,87.26,2,0,0.0,0.0
3701328,appliances.environment.vacuum,irobot,1261.27,2,0,0.0,0.0
57300036,apparel.shirt,jordan,102.71,2,0,0.0,0.0
21400403,electronics.clocks,boccia,87.52,2,0,0.0,0.0
13900732,construction.components.faucet,lemark,50.3,2,0,0.0,0.0
4803154,electronics.audio.headphone,asus,211.39,2,0,0.0,0.0
2701553,appliances.kitchen.refrigerators,almacom,122.27,2,0,0.0,0.0
18800039,auto.accessories.parktronic,parkmaster,81.08,2,0,0.0,0.0
4501253,appliances.kitchen.hob,beko,241.94,2,0,0.0,0.0
3701391,appliances.environment.vacuum,bosch,236.04,2,0,0.0,0.0
5100413,electronics.clocks,garmin,214.02,2,0,0.0,0.0
8900866,kids.toys,chicco,51.46,2,0,0.0,0.0
21400740,electronics.clocks,tissot,741.33,2,0,0.0,0.0
7004911,kids.carriage,coballe,73.32,2,0,0.0,0.0
4800597,electronics.audio.headphone,samson,37.32,2,0,0.0,0.0
2900690,appliances.kitchen.microwave,dauscher,128.68,2,0,0.0,0.0
28717055,apparel.shoes.keds,strobbs,34.49,2,0,0.0,0.0
18800006,auto.accessories.parktronic,parkmaster,123.56,2,0,0.0,0.0
21410573,electronics.clocks,casio,32.18,2,0,0.0,0.0
6701099,computers.components.videocards,gigabyte,282.89,2,0,0.0,0.0
6701158,computers.components.videocards,msi,425.49,2,0,0.0,0.0
6701230,computers.components.videocards,powercolor,188.42,2,0,0.0,0.0
12600111,appliances.kitchen.grill,haeger,20.59,2,0,0.0,0.0
5000540,appliances.sewing_machine,jaguar,75.16,2,0,0.0,0.0
21403005,electronics.clocks,casio,70.53,2,0,0.0,0.0
6400307,computers.components.cpu,amd,110.94,2,0,0.0,0.0
3900980,appliances.environment.water_heater,thermex,200.75,2,0,0.0,0.0
2700920,appliances.kitchen.refrigerators,midea,718.95,2,0,0.0,0.0
28704469,apparel.shoes,etor,126.13,2,0,0.0,0.0
21401442,electronics.clocks,casio,38.33,2,0,0.0,0.0
5100795,electronics.clocks,garmin,1025.09,2,0,0.0,0.0
30000065,construction.tools.welding,telwin,1138.78,2,0,0.0,0.0
11300026,electronics.telephone,panasonic,27.0,2,0,0.0,0.0
45600186,apparel.shoes.keds,nike,57.89,2,0,0.0,0.0
43300107,apparel.tshirt,nike,32.18,2,0,0.0,0.0
3601286,appliances.kitchen.washer,lg,1750.11,2,0,0.0,0.0
18800016,auto.accessories.parktronic,flashpoint,25.48,2,0,0.0,0.0
21403900,electronics.clocks,orient,201.81,2,0,0.0,0.0
5100670,electronics.clocks,garmin,202.32,2,0,0.0,0.0
7005407,kids.carriage,cybex,481.33,2,0,0.0,0.0
2701661,appliances.kitchen.refrigerators,dauscher,131.25,2,0,0.0,0.0
5100867,electronics.clocks,samsung,360.34,2,0,0.0,0.0
12200905,sport.bicycle,torrent,102.94,2,0,0.0,0.0
7005160,kids.carriage,joie,161.14,2,0,0.0,0.0
13900072,construction.components.faucet,decoroom,18.43,2,0,0.0,0.0
32900094,accessories.bag,namazu,16.59,2,0,0.0,0.0
29100049,appliances.personal.massager,pangao,123.53,2,0,0.0,0.0
1802015,electronics.video.tv,lg,2573.79,2,0,0.0,0.0
8801046,electronics.telephone,philips,32.18,2,0,0.0,0.0
6701146,computers.components.videocards,msi,494.57,2,0,0.0,0.0
28719479,apparel.shoes,baden,74.39,2,0,0.0,0.0
4803805,electronics.audio.headphone,sony,205.67,2,0,0.0,0.0
6400339,computers.components.cpu,amd,290.61,2,0,0.0,0.0
28719012,apparel.shoes,respect,70.01,2,0,0.0,0.0
28704722,apparel.shoes,greyder,64.35,2,0,0.0,0.0
5800019,electronics.audio.subwoofer,alpine,51.22,2,0,0.0,0.0
6100122,auto.accessories.radar,stinger,61.78,2,0,0.0,0.0
4803853,electronics.audio.headphone,marshall,174.26,2,0,0.0,0.0
5801621,electronics.audio.subwoofer,mystery,22.65,2,0,0.0,0.0
3800653,appliances.iron,bosch,154.42,2,0,0.0,0.0
11600244,computers.desktop,microlab,7.21,2,0,0.0,0.0
21404648,electronics.clocks,orient,200.52,2,0,0.0,0.0
1004085,electronics.smartphone,bq,55.93,2,0,0.0,0.0
21401532,electronics.clocks,casio,72.33,2,0,0.0,0.0
9200360,computers.peripherals.keyboard,kingston,94.58,2,0,0.0,0.0
11700423,electronics.audio.acoustic,pro-karaoke,334.6,2,0,0.0,0.0
17800443,computers.desktop,dxracer,360.34,2,0,0.0,0.0
17900042,construction.tools.generator,huter,477.72,2,0,0.0,0.0
21400609,electronics.clocks,momentum,207.98,2,0,0.0,0.0
18900288,electronics.camera.photo,canon,561.56,2,0,0.0,0.0
1004603,electronics.smartphone,bq,81.68,2,1,81.68,50.0
1480491,computers.desktop,smart,315.97,2,0,0.0,0.0
17900039,construction.tools.generator,huter,621.1,2,0,0.0,0.0
17800397,computers.desktop,cnd,128.68,2,0,0.0,0.0
1801519,electronics.video.tv,harper,115.06,2,0,0.0,0.0
1307435,computers.notebook,lenovo,450.44,2,0,0.0,0.0
2700209,appliances.kitchen.refrigerators,atlant,360.11,2,0,0.0,0.0
1307272,computers.notebook,hp,1183.81,2,0,0.0,0.0
7900760,furniture.kitchen.chair,chicco,274.63,2,0,0.0,0.0
2501858,appliances.kitchen.oven,gorenje,398.95,2,0,0.0,0.0
28716627,apparel.shoes.keds,respect,31.92,2,0,0.0,0.0
46800008,appliances.kitchen.refrigerators,ezetil,926.64,2,0,0.0,0.0
2701656,appliances.kitchen.refrigerators,beko,311.2,2,0,0.0,0.0
21410389,electronics.clocks,certina,1750.37,2,0,0.0,0.0
14300229,electronics.audio.music_tools.piano,alesis,124.22,2,0,0.0,0.0
28719302,apparel.shoes.keds,fila,94.98,2,0,0.0,0.0
28400989,accessories.bag,baden,42.99,2,0,0.0,0.0
21401510,electronics.clocks,casio,27.03,2,0,0.0,0.0
3801237,appliances.iron,polaris,28.29,2,0,0.0,0.0
4200880,appliances.environment.air_conditioner,midea,283.12,2,0,0.0,0.0
21405841,electronics.clocks,casio,216.48,2,0,0.0,0.0
50600015,auto.accessories.compressor,denzel,402.93,2,0,0.0,0.0
21400007,electronics.clocks,adriatica,485.21,2,0,0.0,0.0
6000113,auto.accessories.alarm,starline,157.53,2,0,0.0,0.0
28712097,apparel.shoes,rieker,73.88,2,0,0.0,0.0
6700774,computers.components.videocards,msi,481.33,2,0,0.0,0.0
14300060,electronics.audio.music_tools.piano,casio,350.07,2,0,0.0,0.0
1700973,computers.peripherals.monitor,lg,229.07,2,0,0.0,0.0
9100998,computers.peripherals.mouse,ritmix,5.62,2,0,0.0,0.0
46800000,appliances.kitchen.refrigerators,ezetil,1003.86,2,0,0.0,0.0
4500472,appliances.kitchen.hob,hansa,334.35,2,0,0.0,0.0
6500700,computers.components.motherboard,gigabyte,158.05,2,0,0.0,0.0
16800030,furniture.kitchen.table,sv,175.01,2,0,0.0,0.0
17900075,construction.tools.generator,huter,759.07,2,0,0.0,0.0
28719470,apparel.shoes.keds,fassen,51.22,2,0,0.0,0.0
45600195,apparel.shoes,shagovita,71.03,2,0,0.0,0.0
7005619,kids.carriage,chicco,205.9,2,0,0.0,0.0
5801114,electronics.audio.subwoofer,mystery,19.31,2,0,0.0,0.0
8801039,electronics.telephone,nokia,35.72,2,0,0.0,0.0
2900629,appliances.kitchen.microwave,panasonic,87.26,2,0,0.0,0.0
1004894,electronics.smartphone,xiaomi,275.43,2,0,0.0,0.0
1801875,electronics.video.tv,samsung,411.83,2,0,0.0,0.0
18300118,accessories.bag,continent,14.93,2,0,0.0,0.0
1307133,computers.notebook,lenovo,687.02,2,0,0.0,0.0
6301821,appliances.kitchen.kettle,maxima,51.46,2,0,0.0,0.0
18300604,accessories.bag,xiaomi,12.22,2,0,0.0,0.0
6201191,appliances.environment.air_heater,ballu,205.9,2,0,0.0,0.0
30900119,computers.components.cooler,thermaltake,50.45,2,0,0.0,0.0
3200512,appliances.kitchen.meat_grinder,polaris,56.6,2,0,0.0,0.0
12300047,construction.tools.drill,p.i.t.,47.41,2,0,0.0,0.0
30900631,computers.components.cooler,deepcool,55.48,2,0,0.0,0.0
1701481,computers.peripherals.monitor,msi,601.75,2,0,0.0,0.0
45300001,kids.swing,pituso,110.65,2,0,0.0,0.0
6801082,computers.components.hdd,apacer,22.99,2,0,0.0,0.0
48200024,apparel.dress,mltl,30.86,2,0,0.0,0.0
1701499,computers.peripherals.monitor,samsung,429.84,2,0,0.0,0.0
8700496,appliances.personal.hair_cutter,wahl,197.38,2,0,0.0,0.0
28717013,apparel.shoes.keds,respect,66.67,2,0,0.0,0.0
3601060,appliances.kitchen.washer,artel,93.75,2,0,0.0,0.0
1307040,computers.notebook,dell,836.54,2,0,0.0,0.0
5800040,electronics.audio.subwoofer,pioneer,93.95,2,0,0.0,0.0
1701267,computers.peripherals.monitor,samsung,386.08,2,0,0.0,0.0
1480412,computers.desktop,hp,507.86,2,0,0.0,0.0
4900386,appliances.kitchen.juicer,smile,44.79,2,0,0.0,0.0
11100157,appliances.personal.scales,elenberg,12.61,2,0,0.0,0.0
6600702,computers.components.memory,crucial,46.08,2,0,0.0,0.0
28704445,apparel.shoes.slipons,vans,84.69,2,0,0.0,0.0
6301944,appliances.kitchen.kettle,smeg,544.79,2,0,0.0,0.0
9101142,computers.peripherals.mouse,rapoo,23.14,2,0,0.0,0.0
4801998,electronics.audio.headphone,beats,257.38,2,0,0.0,0.0
28401065,accessories.bag,karya,82.37,2,0,0.0,0.0
8700232,appliances.personal.hair_cutter,vitek,29.83,2,0,0.0,0.0
3800956,appliances.iron,tefal,43.5,2,0,0.0,0.0
11000096,appliances.kitchen.toster,bosch,48.88,2,0,0.0,0.0
28719526,apparel.shoes,respect,89.84,2,0,0.0,0.0
2701958,appliances.kitchen.refrigerators,midea,411.83,2,0,0.0,0.0
2702454,appliances.kitchen.refrigerators,dauscher,408.5,2,0,0.0,0.0
11000126,appliances.kitchen.toster,gorenje,43.73,2,0,0.0,0.0
14300004,electronics.audio.music_tools.piano,casio,197.99,2,0,0.0,0.0
6000210,auto.accessories.alarm,pandora,226.39,2,0,0.0,0.0
22600068,auto.accessories.compressor,alca,46.33,2,0,0.0,0.0
21406858,electronics.clocks,tissot,1889.37,2,0,0.0,0.0
23700135,furniture.bedroom.blanket,alvitek,43.76,2,0,0.0,0.0
9700138,computers.components.power_supply,thermaltake,117.56,2,0,0.0,0.0
2702529,appliances.kitchen.refrigerators,dauscher,771.45,2,0,0.0,0.0
1307168,computers.notebook,hp,2254.86,2,0,0.0,0.0
11300008,electronics.telephone,panasonic,31.51,2,1,31.51,50.0
28720721,apparel.shoes,rooman,89.84,2,0,0.0,0.0
5100880,electronics.clocks,garmin,1247.6,2,0,0.0,0.0
6400176,computers.components.cpu,intel,253.74,2,0,0.0,0.0
28718525,apparel.shoes.keds,etor,105.54,2,0,0.0,0.0
13201327,furniture.bedroom.bed,kmk,216.2,2,0,0.0,0.0
11700352,electronics.audio.acoustic,yamaha,811.39,2,0,0.0,0.0
28720765,apparel.shoes,fly,89.58,2,0,0.0,0.0
1701158,computers.peripherals.monitor,lg,71.82,2,0,0.0,0.0
6100205,auto.accessories.radar,neoline,411.54,2,0,0.0,0.0
45600291,apparel.shoes,shagovita,59.19,2,0,0.0,0.0
28715898,apparel.shoes,rieker,124.84,2,0,0.0,0.0
3700861,appliances.environment.vacuum,lg,95.21,2,0,0.0,0.0
25800002,medicine.tools.tonometer,omron,56.88,2,0,0.0,0.0
2402062,appliances.kitchen.hood,hansa,128.09,2,0,0.0,0.0
1802089,electronics.video.tv,artel,176.84,2,0,0.0,0.0
1307502,computers.notebook,dell,895.0,2,0,0.0,0.0
21410336,electronics.clocks,casio,97.04,2,0,0.0,0.0
6000211,auto.accessories.alarm,pandora,256.12,2,0,0.0,0.0
28710724,apparel.shoes.sandals,rieker,35.78,2,0,0.0,0.0
16800251,furniture.kitchen.table,domini,218.8,2,0,0.0,0.0
1307059,computers.notebook,apple,1583.05,2,0,0.0,0.0
18500036,electronics.tablet,wacom,115.15,2,0,0.0,0.0
5800879,electronics.audio.subwoofer,jbl,23.17,2,0,0.0,0.0
4804181,electronics.audio.headphone,xiaomi,32.61,2,0,0.0,0.0
1201430,electronics.tablet,lenovo,351.09,2,0,0.0,0.0
3801303,appliances.iron,philips,138.97,2,0,0.0,0.0
3800877,appliances.iron,polaris,25.71,2,1,25.71,50.0
3800788,appliances.iron,philips,373.21,2,0,0.0,0.0
1307475,computers.notebook,msi,1287.01,2,0,0.0,0.0
3600474,appliances.kitchen.washer,whirlpool,347.45,2,0,0.0,0.0
28712974,apparel.shoes,marcomen,88.03,2,0,0.0,0.0
40900046,construction.tools.painting,kolner,20.31,2,1,20.08,50.0
5801695,electronics.audio.subwoofer,pride,82.37,2,0,0.0,0.0
11700172,electronics.audio.acoustic,behringer,346.98,2,0,0.0,0.0
11700344,electronics.audio.acoustic,behringer,199.49,2,0,0.0,0.0
4500586,appliances.kitchen.hob,whirlpool,248.69,2,0,0.0,0.0
2702525,appliances.kitchen.refrigerators,dauscher,684.68,2,0,0.0,0.0
2300074,electronics.camera.video,sony,231.37,2,0,0.0,0.0
11700341,electronics.audio.acoustic,alesis,306.31,2,0,0.0,0.0
4900330,appliances.kitchen.juicer,vitek,61.7,2,0,0.0,0.0
2401760,appliances.kitchen.hood,midea,127.39,2,0,0.0,0.0
8700217,appliances.personal.hair_cutter,rowenta,41.16,2,0,0.0,0.0
19100343,construction.tools.saw,crown,192.41,2,0,0.0,0.0
1401497,computers.desktop,gigabyte,154.19,2,0,0.0,0.0
4900358,appliances.kitchen.juicer,scarlett,12.82,2,0,0.0,0.0
19100239,construction.tools.saw,dewalt,953.19,2,0,0.0,0.0
4201166,appliances.environment.air_conditioner,tcl,295.22,2,0,0.0,0.0
1305889,computers.notebook,apple,2175.01,2,0,0.0,0.0
1307167,computers.notebook,hp,550.82,2,0,0.0,0.0
22600015,auto.accessories.compressor,chameleon,42.47,2,0,0.0,0.0
7900429,furniture.kitchen.chair,selby,38.59,2,0,0.0,0.0
4502260,appliances.kitchen.hob,darina,97.79,2,0,0.0,0.0
1801984,electronics.video.tv,lg,1234.96,2,0,0.0,0.0
7005157,kids.carriage,joie,277.48,2,0,0.0,0.0
4803390,electronics.audio.headphone,jbl,46.08,2,0,0.0,0.0
21404655,electronics.clocks,orient,176.32,2,0,0.0,0.0
2800162,appliances.kitchen.refrigerators,pozis,252.0,2,0,0.0,0.0
1307331,computers.notebook,hp,548.15,2,0,0.0,0.0
1004880,electronics.smartphone,jinga,51.46,2,0,0.0,0.0
28719199,apparel.shoes,salamander,146.46,2,0,0.0,0.0
1307259,computers.notebook,hp,475.95,2,0,0.0,0.0
28719275,apparel.shoes,rieker,73.36,2,0,0.0,0.0
28401082,accessories.bag,respect,66.67,2,0,0.0,0.0
1002225,electronics.smartphone,philips,82.37,2,0,0.0,0.0
28719649,apparel.shoes,respect,82.63,2,0,0.0,0.0
6300133,appliances.kitchen.kettle,philips,33.44,2,0,0.0,0.0
1480162,computers.desktop,acer,566.27,2,0,0.0,0.0
3200312,appliances.kitchen.meat_grinder,philips,151.84,2,0,0.0,0.0
2800309,appliances.kitchen.refrigerators,almacom,220.86,2,0,0.0,0.0
12600029,appliances.kitchen.grill,kumtel,56.57,2,0,0.0,0.0
5000448,appliances.sewing_machine,bernina,383.54,2,0,0.0,0.0
1801887,electronics.video.tv,horizont,489.05,2,0,0.0,0.0
3601586,appliances.kitchen.washer,candy,387.11,2,0,0.0,0.0
1500455,computers.peripherals.printer,hp,257.93,2,0,0.0,0.0
9200310,computers.peripherals.keyboard,kingston,118.15,2,0,0.0,0.0
2402186,appliances.kitchen.hood,elikor,77.02,2,0,0.0,0.0
49800022,accessories.bag,ritmix,7.5,2,0,0.0,0.0
14700444,furniture.living_room.cabinet,brw,469.51,2,0,0.0,0.0
2800537,appliances.kitchen.refrigerators,leadbros,249.68,2,0,0.0,0.0
12200332,sport.bicycle,phoenix,154.16,2,0,0.0,0.0
12201465,sport.bicycle,dk,385.85,2,0,0.0,0.0
19300006,appliances.ironing_board,perilla,40.93,2,0,0.0,0.0
50600079,auto.accessories.compressor,magnetta,419.57,2,0,0.0,0.0
7101167,furniture.bedroom.bed,graco,107.85,2,0,0.0,0.0
11700322,electronics.audio.acoustic,sony,180.16,2,0,0.0,0.0
12100798,kids.skates,joyor,527.43,2,0,0.0,0.0
4803010,electronics.audio.headphone,ritmix,15.42,2,0,0.0,0.0
11600297,computers.desktop,edifier,240.6,2,0,0.0,0.0
1306337,computers.notebook,hp,766.82,2,0,0.0,0.0
21407295,electronics.clocks,rado,1956.29,2,0,0.0,0.0
1307197,computers.notebook,lenovo,360.11,2,0,0.0,0.0
7005293,kids.carriage,joie,230.38,2,0,0.0,0.0
2900662,appliances.kitchen.microwave,panasonic,107.85,2,0,0.0,0.0
14100345,electronics.audio.acoustic,takamine,1439.39,2,0,0.0,0.0
6301083,appliances.kitchen.kettle,tefal,23.14,2,0,0.0,0.0
5100329,electronics.clocks,xiaomi,125.1,2,0,0.0,0.0
1701056,computers.peripherals.monitor,lg,186.85,2,0,0.0,0.0
6301864,appliances.kitchen.kettle,redmond,37.36,2,0,0.0,0.0
21411235,electronics.clocks,longines,1544.44,2,0,0.0,0.0
1201452,electronics.tablet,apple,761.67,2,0,0.0,0.0
1802051,electronics.video.tv,kivi,230.89,2,0,0.0,0.0
18300754,accessories.bag,hp,43.24,2,0,0.0,0.0
6801036,computers.components.hdd,kingston,62.78,2,0,0.0,0.0
17800037,computers.desktop,dxracer,334.6,2,0,0.0,0.0
4000190,construction.tools.generator,polti,139.77,2,0,0.0,0.0
3200571,appliances.kitchen.meat_grinder,dauscher,43.73,2,0,0.0,0.0
23700027,furniture.bedroom.blanket,verossa,46.33,2,0,0.0,0.0
5800288,electronics.audio.subwoofer,morel,82.34,2,0,0.0,0.0
12300488,construction.tools.drill,crown,99.92,2,0,0.0,0.0
1480370,computers.desktop,lenovo,1490.63,2,0,0.0,0.0
21403397,electronics.clocks,adriatica,137.97,2,0,0.0,0.0
1306993,computers.notebook,lenovo,719.43,2,0,0.0,0.0
28720613,apparel.shoes.keds,nike,126.1,2,0,0.0,0.0
1003869,electronics.smartphone,xiaomi,167.02,2,0,0.0,0.0
2400343,appliances.kitchen.hood,gefest,84.94,2,0,0.0,0.0
9200533,computers.peripherals.keyboard,cnd,21.85,2,0,0.0,0.0
13201195,furniture.bedroom.bed,brw,236.56,2,0,0.0,0.0
1701432,computers.peripherals.monitor,samsung,483.9,2,0,0.0,0.0
21405814,electronics.clocks,casio,113.26,2,0,0.0,0.0
12300848,construction.tools.drill,kolner,55.34,2,0,0.0,0.0
5800402,electronics.audio.subwoofer,hertz,275.68,2,0,0.0,0.0
12100795,kids.skates,doohan,1090.63,2,0,0.0,0.0
3101026,appliances.kitchen.blender,kitfort,52.93,2,0,0.0,0.0
6701191,computers.components.videocards,palit,657.65,2,0,0.0,0.0
1801917,electronics.video.tv,samsung,1454.32,2,0,0.0,0.0
3100741,appliances.kitchen.blender,galaxy,29.83,2,0,0.0,0.0
6500883,computers.components.motherboard,asus,154.59,2,0,0.0,0.0
2502266,appliances.kitchen.oven,dauscher,115.81,2,0,0.0,0.0
14701918,furniture.living_room.cabinet,stendmebel,143.61,2,0,0.0,0.0
42700009,auto.accessories.winch,t-max,645.83,2,0,0.0,0.0
2501391,appliances.kitchen.oven,midea,308.86,2,0,0.0,0.0
3200464,appliances.kitchen.meat_grinder,polaris,128.65,2,0,0.0,0.0
12100629,kids.skates,kugoo,292.16,2,0,0.0,0.0
14100004,electronics.audio.acoustic,fender,180.96,2,0,0.0,0.0
21400079,electronics.clocks,boccia,148.01,2,0,0.0,0.0
28718730,apparel.shoes,respect,107.85,2,0,0.0,0.0
28718740,apparel.shoes,respect,102.45,2,0,0.0,0.0
2502094,appliances.kitchen.oven,midea,321.73,2,0,0.0,0.0
4000193,construction.tools.generator,scarlett,72.05,2,0,0.0,0.0
5000556,appliances.sewing_machine,brother,780.53,2,0,0.0,0.0
1002522,electronics.smartphone,apple,903.59,2,0,0.0,0.0
8800963,electronics.telephone,fly,22.37,2,0,0.0,0.0
5600100,appliances.environment.air_heater,ballu,34.75,2,0,0.0,0.0
3900648,appliances.environment.water_heater,ariston,113.86,2,0,0.0,0.0
22600070,auto.accessories.compressor,heyner,77.22,2,0,0.0,0.0
6200722,appliances.environment.air_heater,polaris,38.87,2,0,0.0,0.0
21400527,electronics.clocks,casio,57.14,2,0,0.0,0.0
28718091,apparel.shoes.keds,respect,51.22,2,0,0.0,0.0
9500150,computers.peripherals.camera,tenda,55.0,2,0,0.0,0.0
45600229,apparel.shoes,shagovita,52.5,2,0,0.0,0.0
17800108,computers.desktop,dxracer,257.38,2,0,0.0,0.0
1401557,computers.desktop,avalon,586.89,2,0,0.0,0.0
28717494,apparel.shoes,respect,66.67,2,0,0.0,0.0
28721409,apparel.shoes,etor,126.13,2,0,0.0,0.0
4900318,appliances.kitchen.juicer,saturn,30.86,2,0,0.0,0.0
3901062,appliances.environment.water_heater,ariston,124.79,2,0,0.0,0.0
8800213,electronics.telephone,texet,14.64,2,0,0.0,0.0
28703927,apparel.shoes.keds,nike,77.3,2,0,0.0,0.0
4501530,appliances.kitchen.hob,gefest,108.62,2,0,0.0,0.0
3601055,appliances.kitchen.washer,lg,419.55,2,0,0.0,0.0
12300236,construction.tools.drill,dewalt,180.16,2,0,0.0,0.0
48200025,apparel.dress,mltl,30.86,2,0,0.0,0.0
1480479,computers.desktop,smart,1011.74,2,0,0.0,0.0
19300012,appliances.ironing_board,perilla,46.08,2,0,0.0,0.0
28718906,apparel.shoes,salamander,61.01,2,0,0.0,0.0
7006219,kids.carriage,lorelli,199.23,2,0,0.0,0.0
3100528,appliances.kitchen.blender,bene,17.77,2,0,0.0,0.0
17000122,computers.desktop,mebelson,99.08,2,0,0.0,0.0
17800105,computers.desktop,dxracer,334.6,2,0,0.0,0.0
13200236,furniture.bedroom.bed,brw,98.59,2,0,0.0,0.0
13800011,furniture.bathroom.toilet,rosa,59.81,2,0,0.0,0.0
1700956,computers.peripherals.monitor,samsung,429.84,2,0,0.0,0.0
22400107,electronics.audio.microphone,wster,36.29,2,0,0.0,0.0
1304956,computers.notebook,hp,1604.57,2,0,0.0,0.0
2900616,appliances.kitchen.microwave,gorenje,257.12,2,0,0.0,0.0
1307443,computers.notebook,asus,545.65,2,0,0.0,0.0
21000007,accessories.bag,thule,347.47,2,0,0.0,0.0
5000418,appliances.sewing_machine,brother,102.76,2,0,0.0,0.0
5800610,electronics.audio.subwoofer,focal,77.69,2,0,0.0,0.0
1801438,electronics.video.tv,vestel,305.54,2,0,0.0,0.0
12400120,construction.tools.drill,alteco,55.09,2,0,0.0,0.0
2300296,electronics.camera.video,gopro,308.86,2,0,0.0,0.0
2701733,appliances.kitchen.refrigerators,electrolux,1253.55,2,0,0.0,0.0
1004518,electronics.smartphone,xiaomi,143.89,2,0,0.0,0.0
28718095,apparel.shoes.keds,respect,51.22,2,0,0.0,0.0
18300076,accessories.bag,continent,11.04,2,0,0.0,0.0
4803719,electronics.audio.headphone,jbl,40.93,2,0,0.0,0.0
8800442,electronics.telephone,nokia,64.09,2,0,0.0,0.0
1306278,computers.notebook,lenovo,373.16,2,0,0.0,0.0
2702308,appliances.kitchen.refrigerators,bosch,908.39,2,0,0.0,0.0
1306925,computers.notebook,hp,1459.47,2,0,0.0,0.0
28719168,apparel.shoes,salamander,137.71,2,0,0.0,0.0
3901175,appliances.environment.water_heater,haier,74.62,2,0,0.0,0.0
28712686,apparel.shoes,marcomen,75.42,2,0,0.0,0.0
1305007,computers.notebook,xiaomi,1287.01,2,0,0.0,0.0
14701668,furniture.living_room.cabinet,brw,43.5,2,0,0.0,0.0
4201337,appliances.environment.air_conditioner,tcl,161.39,2,0,0.0,0.0
34900028,appliances.kitchen.grill,obi,187.73,2,0,0.0,0.0
35102556,apparel.underwear,milavitsa,22.96,2,0,0.0,0.0
11000256,appliances.kitchen.toster,unit,16.96,2,0,0.0,0.0
4502526,appliances.kitchen.hob,bosch,586.84,2,0,0.0,0.0
52900030,accessories.bag,stanley,19.76,2,0,0.0,0.0
3100933,appliances.kitchen.blender,scarlett,40.52,2,0,0.0,0.0
6800139,appliances.kitchen.kettle,tefal,46.26,2,0,0.0,0.0
10201158,kids.dolls,llorens,30.63,2,0,0.0,0.0
1004493,electronics.smartphone,xiaomi,148.01,2,0,0.0,0.0
28720985,apparel.shoes,salamander,127.42,2,0,0.0,0.0
6301461,appliances.kitchen.kettle,willmark,32.56,2,0,0.0,0.0
12301110,construction.tools.drill,dewalt,356.75,2,0,0.0,0.0
9200586,computers.peripherals.keyboard,trust,43.73,2,0,0.0,0.0
11700323,electronics.audio.acoustic,sony,283.12,2,0,0.0,0.0
30000170,construction.tools.welding,magnetta,110.05,2,0,0.0,0.0
1003718,electronics.smartphone,samsung,1006.52,2,0,0.0,0.0
5801186,electronics.audio.subwoofer,audison,395.69,2,0,0.0,0.0
4804601,electronics.audio.headphone,sony,38.59,2,0,0.0,0.0
23700126,furniture.bedroom.blanket,alvitek,59.2,2,0,0.0,0.0
6200074,appliances.environment.air_heater,timberk,48.68,2,0,0.0,0.0
6400361,computers.components.cpu,amd,248.91,2,0,0.0,0.0
1480128,computers.desktop,alser,1235.53,2,0,0.0,0.0
1480638,computers.desktop,asus,2059.23,2,0,0.0,0.0
8600067,appliances.environment.fan,elenberg,17.99,2,0,0.0,0.0
3601531,appliances.kitchen.washer,lg,497.16,2,0,0.0,0.0
6400221,computers.components.cpu,intel,328.07,2,0,0.0,0.0
53900007,construction.tools.saw,bosch,89.35,2,0,0.0,0.0
2500141,appliances.kitchen.oven,samsung,475.94,2,0,0.0,0.0
28300710,accessories.wallet,muqajankz,41.19,2,0,0.0,0.0
3100792,appliances.kitchen.blender,bosch,64.32,2,0,0.0,0.0
2800546,appliances.kitchen.refrigerators,xing,192.51,2,0,0.0,0.0
3700825,appliances.environment.vacuum,lg,125.46,2,0,0.0,0.0
45600261,apparel.shoes,shagovita,52.5,2,0,0.0,0.0
28400260,accessories.bag,karya,90.09,2,0,0.0,0.0
5700160,auto.accessories.player,mystery,45.05,2,0,0.0,0.0
28720308,apparel.shoes.keds,reebok,118.15,2,0,0.0,0.0
1306588,computers.notebook,xiaomi,643.49,2,0,0.0,0.0
28300237,accessories.wallet,picard,64.35,2,0,0.0,0.0
18300145,accessories.bag,acer,12.07,2,0,0.0,0.0
28300572,accessories.wallet,petek,90.61,2,0,0.0,0.0
3801178,appliances.iron,tefal,62.78,2,0,0.0,0.0
3800816,appliances.iron,tefal,51.45,2,0,0.0,0.0
11200397,appliances.personal.scales,omron,35.68,2,0,0.0,0.0
6801081,computers.components.hdd,gigabyte,24.94,2,0,0.0,0.0
1306689,computers.notebook,lenovo,514.56,2,0,0.0,0.0
14100494,electronics.audio.acoustic,stagg,124.84,2,0,0.0,0.0
4802367,electronics.audio.headphone,bose,213.62,2,0,0.0,0.0
1306730,computers.notebook,lenovo,365.26,2,0,0.0,0.0
43300139,apparel.tshirt,jordan,45.02,2,0,0.0,0.0
2501933,appliances.kitchen.oven,scarlett,79.54,2,0,0.0,0.0
28300609,accessories.wallet,petek,77.22,2,0,0.0,0.0
4400409,appliances.kitchen.coffee_machine,smeg,390.29,2,0,0.0,0.0
1201475,electronics.tablet,bq,52.74,2,0,0.0,0.0
2800266,appliances.kitchen.refrigerators,atlant,290.87,2,0,0.0,0.0
2502052,appliances.kitchen.oven,artel,54.98,2,0,0.0,0.0
28300380,accessories.wallet,petek,54.57,2,0,0.0,0.0
6301518,appliances.kitchen.kettle,gorenje,36.01,2,0,0.0,0.0
28715227,apparel.shoes,fassen,61.52,2,0,0.0,0.0
4200871,appliances.environment.air_conditioner,gree,585.59,2,0,0.0,0.0
48200514,apparel.dress,conceptclub,33.21,2,0,0.0,0.0
2702616,appliances.kitchen.refrigerators,haier,514.79,2,0,0.0,0.0
6000197,auto.accessories.alarm,starline,420.09,2,0,0.0,0.0
1005025,electronics.smartphone,irbis,39.8,2,0,0.0,0.0
6400351,computers.components.cpu,intel,217.12,2,0,0.0,0.0
46900035,accessories.bag,easycamp,29.09,2,0,0.0,0.0
45600222,apparel.shoes,shagovita,43.75,2,0,0.0,0.0
5100396,electronics.clocks,wonlex,35.75,2,0,0.0,0.0
1304106,computers.notebook,lenovo,978.07,2,0,0.0,0.0
4502148,appliances.kitchen.hob,whirlpool,419.54,2,0,0.0,0.0
3601584,appliances.kitchen.washer,candy,328.43,2,0,0.0,0.0
19200118,construction.tools.saw,stihl,767.07,2,0,0.0,0.0
1700996,computers.peripherals.monitor,lg,594.56,2,0,0.0,0.0
1701025,computers.peripherals.monitor,philips,135.29,2,0,0.0,0.0
1480169,computers.desktop,acer,463.31,2,0,0.0,0.0
4700415,auto.accessories.videoregister,prestigio,33.44,2,0,0.0,0.0
1005218,electronics.smartphone,bq,92.81,2,0,0.0,0.0
45600336,apparel.shoes,garvalin,69.5,2,0,0.0,0.0
5701205,auto.accessories.player,imx,403.61,2,0,0.0,0.0
4700628,auto.accessories.videoregister,ibox,171.05,2,1,171.05,50.0
1802017,electronics.video.tv,lg,1415.45,2,0,0.0,0.0
8700101,appliances.personal.hair_cutter,moser,95.45,2,0,0.0,0.0
5800246,electronics.audio.subwoofer,kicx,38.61,2,0,0.0,0.0
4400554,appliances.kitchen.coffee_machine,redmond,185.31,2,0,0.0,0.0
17800112,computers.desktop,halmar,142.3,2,0,0.0,0.0
5800481,electronics.audio.subwoofer,mystery,43.76,2,0,0.0,0.0
17800719,computers.desktop,zeta,53.26,2,0,0.0,0.0
21409346,electronics.clocks,romanson,147.75,2,0,0.0,0.0
1500486,computers.peripherals.printer,epson,252.2,2,0,0.0,0.0
11000247,appliances.kitchen.toster,scarlett,16.96,2,0,0.0,0.0
18300088,accessories.bag,sumdex,22.63,2,0,0.0,0.0
28715224,apparel.shoes,fassen,53.8,2,0,0.0,0.0
28401191,accessories.bag,karya,61.26,2,0,0.0,0.0
6300402,appliances.kitchen.kettle,bosch,53.28,2,0,0.0,0.0
5700838,auto.accessories.player,sony,128.68,2,0,0.0,0.0
1801517,electronics.video.tv,haier,373.21,2,0,0.0,0.0
39800177,apparel.shirt,harley-davidson,114.55,2,0,0.0,0.0
12201731,sport.bicycle,giant,1595.67,2,0,0.0,0.0
4803238,electronics.audio.headphone,jabra,169.86,2,0,0.0,0.0
14100636,electronics.audio.acoustic,denn,34.47,2,0,0.0,0.0
28703896,apparel.shoes.keds,nike,53.33,2,0,0.0,0.0
6700760,computers.components.videocards,asus,42.41,2,0,0.0,0.0
1306568,computers.notebook,acer,1002.68,2,0,0.0,0.0
43300024,apparel.tshirt,nike,38.59,2,0,0.0,0.0
28718075,apparel.shoes,respect,47.36,2,0,0.0,0.0
35103665,apparel.underwear,milavitsa,31.88,2,0,0.0,0.0
28716683,apparel.shoes,respect,84.43,2,0,0.0,0.0
2800229,appliances.kitchen.refrigerators,elenberg,231.64,2,0,0.0,0.0
4000175,construction.tools.generator,polaris,72.31,2,0,0.0,0.0
3701319,appliances.environment.vacuum,snowcap,34.49,2,0,0.0,0.0
3200456,appliances.kitchen.meat_grinder,saturn,37.84,2,0,0.0,0.0
11200010,appliances.personal.scales,bosch,38.53,2,0,0.0,0.0
3701322,appliances.environment.vacuum,karcher,900.67,2,0,0.0,0.0
6301378,appliances.kitchen.kettle,polaris,13.98,2,0,0.0,0.0
28717059,apparel.shoes.keds,strobbs,51.22,2,0,0.0,0.0
3601495,appliances.kitchen.washer,haier,360.34,2,0,0.0,0.0
1480756,computers.desktop,pulser,743.88,2,0,0.0,0.0
21401579,electronics.clocks,casio,30.12,2,0,0.0,0.0
6302181,appliances.kitchen.kettle,ventura,19.94,2,0,0.0,0.0
8800971,electronics.telephone,bq,25.71,2,0,0.0,0.0
28713401,apparel.shoes,baden,70.79,2,0,0.0,0.0
28713241,apparel.shoes,respect,144.92,2,0,0.0,0.0
48200442,apparel.dress,noppies,66.93,2,0,0.0,0.0
11200430,appliances.personal.scales,unit,9.24,2,0,0.0,0.0
5700779,auto.accessories.player,kenwood,97.81,2,0,0.0,0.0
5700943,auto.accessories.player,kenwood,187.91,2,0,0.0,0.0
4802229,electronics.audio.headphone,beats,151.84,2,0,0.0,0.0
1306834,computers.notebook,lenovo,555.97,2,0,0.0,0.0
6000155,auto.accessories.alarm,starline,291.9,2,0,0.0,0.0
12301345,construction.tools.drill,bosch,592.94,2,0,0.0,0.0
14100078,electronics.audio.acoustic,yamaha,148.88,2,0,0.0,0.0
5800506,electronics.audio.subwoofer,avatar,41.19,2,0,0.0,0.0
6600003,computers.components.memory,kingston,38.35,2,0,0.0,0.0
6700998,computers.components.videocards,gigabyte,374.78,2,0,0.0,0.0
28717030,apparel.shoes.keds,strobbs,48.39,2,0,0.0,0.0
3600938,appliances.kitchen.washer,lg,563.7,2,0,0.0,0.0
9101333,computers.peripherals.mouse,redragon,17.22,2,0,0.0,0.0
5700860,auto.accessories.player,kenwood,92.67,2,0,0.0,0.0
1201494,electronics.tablet,prestigio,77.2,2,0,0.0,0.0
1004844,electronics.smartphone,prestigio,87.49,2,0,0.0,0.0
4400063,appliances.kitchen.coffee_machine,delonghi,823.68,2,0,0.0,0.0
40900056,construction.tools.painting,metabo,328.37,2,0,0.0,0.0
5701130,auto.accessories.player,kenwood,70.79,2,0,0.0,0.0
35103206,apparel.underwear,milavitsa,31.88,2,0,0.0,0.0
1600452,computers.peripherals.printer,epson,282.89,2,0,0.0,0.0
4801390,electronics.audio.headphone,koss,3.86,2,0,0.0,0.0
3900023,appliances.environment.water_heater,garanterm,91.35,2,0,0.0,0.0
3800033,appliances.iron,braun,64.33,2,0,0.0,0.0
29100081,appliances.personal.massager,omron,99.24,2,0,0.0,0.0
1306662,computers.notebook,hp,1846.41,2,0,0.0,0.0
11700027,electronics.audio.acoustic,peavey,135.28,2,0,0.0,0.0
19100317,construction.tools.saw,crown,48.37,2,1,48.37,50.0
16800262,furniture.kitchen.table,ikea,67.41,2,0,0.0,0.0
12400090,construction.tools.drill,dewalt,484.17,2,0,0.0,0.0
40900024,construction.tools.painting,alteco,33.03,2,0,0.0,0.0
9700234,computers.components.power_supply,aerocool,63.13,2,0,0.0,0.0
1004811,electronics.smartphone,honor,179.93,2,0,0.0,0.0
9101039,computers.peripherals.mouse,ritmix,4.26,2,0,0.0,0.0
4501478,appliances.kitchen.hob,bosch,282.61,2,0,0.0,0.0
5801509,electronics.audio.subwoofer,kicx,49.16,2,0,0.0,0.0
45500000,computers.notebook,deepcool,14.65,2,0,0.0,0.0
45500001,computers.notebook,deepcool,7.36,2,0,0.0,0.0
9002831,kids.toys,basik,23.14,2,0,0.0,0.0
3801168,appliances.iron,scarlett,18.76,2,0,0.0,0.0
36000082,appliances.kitchen.kettle,rondell,30.86,2,0,0.0,0.0
16900228,furniture.kitchen.table,homeart,26.9,2,0,0.0,0.0
2501977,appliances.kitchen.oven,luxell,37.84,2,0,0.0,0.0
21404107,electronics.clocks,boccia,61.78,2,0,0.0,0.0
5200145,computers.ebooks,pocketbook,158.79,2,0,0.0,0.0
12202335,sport.bicycle,kink,298.33,2,0,0.0,0.0
12300484,construction.tools.drill,crown,22.47,2,0,0.0,0.0
4804453,electronics.audio.headphone,jbl,115.58,2,0,0.0,0.0
28714256,apparel.shoes.keds,nike,190.48,2,0,0.0,0.0
3900934,appliances.environment.water_heater,ariston,138.97,2,0,0.0,0.0
1801140,electronics.video.tv,yasin,231.67,2,0,0.0,0.0
7002463,kids.carriage,peg-perego,301.79,2,0,0.0,0.0
9900156,electronics.video.projector,epson,502.53,2,0,0.0,0.0
25100319,construction.tools.light,xiaomi,34.57,2,0,0.0,0.0
1307471,computers.notebook,msi,910.12,2,0,0.0,0.0
28720730,apparel.shoes,rieker,103.99,2,0,0.0,0.0
11300011,electronics.telephone,panasonic,40.36,2,0,0.0,0.0
21406334,electronics.clocks,casio,30.37,2,0,0.0,0.0
1004272,electronics.smartphone,bq,81.69,2,0,0.0,0.0
4501329,appliances.kitchen.hob,bosch,456.67,2,0,0.0,0.0
28717975,apparel.shoes,rieker,71.82,2,0,0.0,0.0
4803869,electronics.audio.headphone,jbl,87.26,2,0,0.0,0.0
3700855,appliances.environment.vacuum,bosch,85.46,2,0,0.0,0.0
12600002,appliances.kitchen.grill,delonghi,167.29,2,0,0.0,0.0
28716606,apparel.shoes,baden,82.63,2,0,0.0,0.0
9700277,computers.components.power_supply,aerocool,48.64,2,0,0.0,0.0
3200498,appliances.kitchen.meat_grinder,scarlett,76.39,2,0,0.0,0.0
14701201,furniture.living_room.cabinet,sv,76.96,2,0,0.0,0.0
21404507,electronics.clocks,casio,18.53,2,0,0.0,0.0
9001886,kids.toys,orange,15.19,2,0,0.0,0.0
28716000,apparel.shoes.keds,fila,97.79,2,0,0.0,0.0
6902806,furniture.living_room.chair,lorelli,67.94,2,0,0.0,0.0
4800775,electronics.audio.headphone,samsung,12.33,2,0,0.0,0.0
7004552,kids.carriage,rant,69.47,2,0,0.0,0.0
21402267,electronics.clocks,orient,239.65,2,0,0.0,0.0
1201490,electronics.tablet,bq,52.74,2,0,0.0,0.0
11600019,computers.desktop,microlab,57.27,2,0,0.0,0.0
21405347,electronics.clocks,versace,747.32,2,0,0.0,0.0
1801841,electronics.video.tv,shivaki,161.37,2,0,0.0,0.0
19100152,construction.tools.saw,dwt,126.94,2,0,0.0,0.0
4000035,construction.tools.generator,karcher,165.41,2,0,0.0,0.0
35200630,apparel.underwear,noppies,10.3,2,0,0.0,0.0
28716609,apparel.shoes,baden,79.02,2,0,0.0,0.0
1307410,computers.notebook,dell,1685.99,2,0,0.0,0.0
21409601,electronics.clocks,oris,1801.85,2,0,0.0,0.0
28714356,apparel.shoes.keds,nike,102.94,2,0,0.0,0.0
18200002,electronics.audio.acoustic,jbl,236.98,2,0,0.0,0.0
21406764,electronics.clocks,tissot,380.96,2,0,0.0,0.0
21407055,electronics.clocks,longines,2481.4,2,0,0.0,0.0
1802084,electronics.video.tv,dauscher,193.03,2,0,0.0,0.0
7006220,kids.carriage,lorelli,199.22,2,0,0.0,0.0
3100755,appliances.kitchen.blender,redmond,51.46,2,0,0.0,0.0
6600104,computers.components.memory,geil,41.85,2,0,0.0,0.0
4803394,electronics.audio.headphone,redragon,14.65,2,0,0.0,0.0
2701739,appliances.kitchen.refrigerators,midea,136.4,2,0,0.0,0.0
2300215,electronics.camera.video,sjcam,91.35,2,0,0.0,0.0
6800865,computers.components.hdd,samsung,66.9,2,0,0.0,0.0
11100322,appliances.personal.scales,vitek,14.65,2,0,0.0,0.0
7005036,kids.carriage,rant,41.16,2,0,0.0,0.0
1802083,electronics.video.tv,dauscher,321.73,2,0,0.0,0.0
1305691,computers.notebook,dell,771.96,2,0,0.0,0.0
4400038,appliances.kitchen.coffee_machine,delonghi,514.79,2,0,0.0,0.0
7006073,kids.carriage,lorelli,59.98,2,0,0.0,0.0
21404251,electronics.clocks,casio,31.4,2,0,0.0,0.0
28716630,apparel.shoes.keds,respect,51.22,2,0,0.0,0.0
28716669,apparel.shoes,respect,84.69,2,0,0.0,0.0
21400356,electronics.clocks,casio,387.14,2,0,0.0,0.0
28300295,accessories.wallet,karya,43.76,2,0,0.0,0.0
4803441,electronics.audio.headphone,sony,5.89,2,0,0.0,0.0
21407373,electronics.clocks,casio,47.11,2,0,0.0,0.0
5100671,electronics.clocks,garmin,388.2,2,0,0.0,0.0
45600163,apparel.shoes.keds,nike,56.6,2,0,0.0,0.0
1600625,computers.peripherals.printer,epson,388.9,2,0,0.0,0.0
4800797,electronics.audio.headphone,sony,19.29,2,0,0.0,0.0
5000224,appliances.sewing_machine,janome,101.08,2,0,0.0,0.0
19100275,construction.tools.saw,total,73.45,2,0,0.0,0.0
7101428,furniture.bedroom.bed,bambini,69.5,2,0,0.0,0.0
7006237,kids.carriage,adamex,226.52,2,0,0.0,0.0
46800019,appliances.kitchen.refrigerators,dometic,605.5,2,0,0.0,0.0
1307380,computers.notebook,hp,1930.29,2,0,0.0,0.0
1004760,electronics.smartphone,doogee,94.96,2,0,0.0,0.0
19200006,construction.tools.saw,ivt,71.56,2,0,0.0,0.0
8700212,appliances.personal.hair_cutter,philips,46.31,2,0,0.0,0.0
6301239,appliances.kitchen.kettle,bosch,56.09,2,0,0.0,0.0
9200259,computers.peripherals.keyboard,delux,35.78,2,0,0.0,0.0
28718461,apparel.shoes,strobbs,53.8,2,0,0.0,0.0
28716347,apparel.shoes,respect,79.02,2,0,0.0,0.0
1307439,computers.notebook,lenovo,365.34,2,0,0.0,0.0
28719089,apparel.shoes.keds,fassen,44.79,2,0,0.0,0.0
28708833,apparel.shoes.keds,escan,30.63,2,0,0.0,0.0
28401078,accessories.bag,respect,66.67,2,0,0.0,0.0
1306787,computers.notebook,lenovo,398.95,2,0,0.0,0.0
12200908,sport.bicycle,torrent,74.39,2,0,0.0,0.0
2500300,appliances.kitchen.oven,dauscher,244.51,2,0,0.0,0.0
2700574,appliances.kitchen.refrigerators,atlant,411.59,2,0,0.0,0.0
17000035,computers.desktop,deluxe,73.18,2,0,0.0,0.0
7006014,kids.carriage,lorelli,277.74,2,0,0.0,0.0
11700017,electronics.audio.acoustic,behringer,508.38,2,0,0.0,0.0
52800006,sport.bicycle,peruzzo,471.05,2,0,0.0,0.0
2900803,appliances.kitchen.microwave,samsung,128.45,2,0,0.0,0.0
12201739,sport.bicycle,wethepeople,360.11,2,0,0.0,0.0
4400312,appliances.kitchen.coffee_machine,delonghi,253.52,2,0,0.0,0.0
1005024,electronics.smartphone,irbis,39.92,2,0,0.0,0.0
1200965,electronics.tablet,apple,1698.88,2,0,0.0,0.0
22900081,furniture.bedroom.pillow,belashoff,30.89,2,0,0.0,0.0
12301587,construction.tools.drill,bosch,128.45,2,0,0.0,0.0
12300997,construction.tools.drill,bosch,241.39,2,0,0.0,0.0
8801048,electronics.telephone,philips,32.18,2,0,0.0,0.0
1005181,electronics.smartphone,samsung,1029.34,2,0,0.0,0.0
1304808,computers.notebook,acer,1070.78,2,0,0.0,0.0
12100485,kids.skates,longway,87.52,2,0,0.0,0.0
10900315,appliances.kitchen.mixer,zelmer,39.64,2,0,0.0,0.0
1305964,computers.notebook,hp,720.71,2,0,0.0,0.0
21409278,electronics.clocks,bulova,677.49,2,0,0.0,0.0
17200744,furniture.living_room.sofa,imperial,771.96,2,0,0.0,0.0
14700024,furniture.living_room.cabinet,brw,316.1,2,0,0.0,0.0
3701428,appliances.environment.vacuum,arnica,65.99,2,0,0.0,0.0
28300060,accessories.wallet,picard,72.07,2,0,0.0,0.0
6700924,computers.components.videocards,gigabyte,659.99,2,0,0.0,0.0
3900805,appliances.environment.water_heater,shivaki,85.45,2,0,0.0,0.0
4501036,appliances.kitchen.hob,hansa,231.38,2,0,0.0,0.0
45600184,apparel.shoes.keds,nike,57.89,2,0,0.0,0.0
28717906,apparel.shoes,burgerschuhe,102.45,2,0,0.0,0.0
1701278,computers.peripherals.monitor,acer,98.84,2,0,0.0,0.0
21409296,electronics.clocks,casio,70.27,2,0,0.0,0.0
12201160,sport.bicycle,cannondale,1544.18,2,0,0.0,0.0
4803982,electronics.audio.headphone,huawei,38.97,2,0,0.0,0.0
6902365,furniture.living_room.chair,lorelli,52.5,2,0,0.0,0.0
1307432,computers.notebook,lenovo,571.19,2,0,0.0,0.0
3700668,appliances.environment.vacuum,karcher,100.36,2,0,0.0,0.0
34900032,appliances.kitchen.grill,obi,444.95,2,0,0.0,0.0
5100217,electronics.clocks,motorola,283.12,2,0,0.0,0.0
21409643,electronics.clocks,casio,94.21,2,0,0.0,0.0
1003938,electronics.smartphone,meizu,203.35,2,0,0.0,0.0
28713579,apparel.shoes,greyder,151.87,2,0,0.0,0.0
18500074,electronics.tablet,huion,90.25,2,0,0.0,0.0
2501669,appliances.kitchen.oven,maxwell,51.22,2,1,51.22,50.0
2900556,appliances.kitchen.microwave,lg,208.24,2,0,0.0,0.0
1700968,computers.peripherals.monitor,aoc,364.2,2,0,0.0,0.0
35108976,apparel.underwear,noppies,23.17,2,0,0.0,0.0
45600446,apparel.shoes,garvalin,64.35,2,0,0.0,0.0
28718997,apparel.shoes,baden,84.43,2,0,0.0,0.0
28718026,apparel.shoes.keds,respect,59.2,2,0,0.0,0.0
21402214,electronics.clocks,orient,229.35,2,0,0.0,0.0
21000037,accessories.bag,titan,66.9,2,0,0.0,0.0
12300067,construction.tools.drill,bosch,87.26,2,0,0.0,0.0
9200439,computers.peripherals.keyboard,ritmix,4.25,2,0,0.0,0.0
5700233,auto.accessories.player,alpine,154.19,2,0,0.0,0.0
8800322,electronics.telephone,jinga,22.88,2,0,0.0,0.0
12300332,construction.tools.drill,kolner,30.86,2,0,0.0,0.0
1004257,electronics.smartphone,apple,1116.22,2,0,0.0,0.0
2702063,appliances.kitchen.refrigerators,skyworth,715.57,2,0,0.0,0.0
16200339,kids.fmcg.diapers,huggies,17.5,2,0,0.0,0.0
3100633,appliances.kitchen.blender,vitek,51.22,2,0,0.0,0.0
21400120,electronics.clocks,casio,157.53,2,0,0.0,0.0
13200320,furniture.bedroom.bed,domini,199.49,2,0,0.0,0.0
8800937,electronics.telephone,inoi,14.11,2,0,0.0,0.0
8801038,electronics.telephone,jinga,17.99,2,0,0.0,0.0
5000566,appliances.sewing_machine,chayka,122.78,2,0,0.0,0.0
21410908,electronics.clocks,swatch,92.67,2,0,0.0,0.0
9101074,computers.peripherals.mouse,sven,4.89,2,0,0.0,0.0
4700008,auto.accessories.videoregister,deluxe,30.89,2,0,0.0,0.0
28718135,apparel.shoes,respect,44.79,2,0,0.0,0.0
4400498,appliances.kitchen.coffee_machine,delonghi,1158.31,2,0,0.0,0.0
1201395,electronics.tablet,apple,1415.48,2,0,0.0,0.0
7002774,kids.carriage,chicco,110.66,2,0,0.0,0.0
11600436,computers.desktop,sven,71.82,2,0,0.0,0.0
2701957,appliances.kitchen.refrigerators,midea,398.95,2,0,0.0,0.0
18200082,electronics.audio.acoustic,sony,1229.82,2,0,0.0,0.0
4700714,auto.accessories.videoregister,mio,123.81,2,0,0.0,0.0
11000148,appliances.kitchen.toster,redmond,59.18,2,0,0.0,0.0
5701080,auto.accessories.player,jvc,72.07,2,0,0.0,0.0
28704394,apparel.shoes.keds,adidas,102.71,2,0,0.0,0.0
21409720,electronics.clocks,zeppelin,460.76,2,0,0.0,0.0
1701063,computers.peripherals.monitor,samsung,308.86,2,0,0.0,0.0
2501393,appliances.kitchen.oven,bosch,535.05,2,0,0.0,0.0
12202008,sport.bicycle,trek,493.96,2,0,0.0,0.0
50600031,auto.accessories.compressor,denzel,107.03,2,0,0.0,0.0
28721300,apparel.shoes,rooman,64.61,2,0,0.0,0.0
5000483,appliances.sewing_machine,janome,109.96,2,0,0.0,0.0
1801961,electronics.video.tv,lg,1801.05,2,0,0.0,0.0
12300330,construction.tools.drill,kolner,21.62,2,0,0.0,0.0
12100419,kids.skates,longway,164.48,2,0,0.0,0.0
17900248,construction.tools.generator,mateus,244.54,2,0,0.0,0.0
9100757,computers.peripherals.mouse,defender,4.35,2,0,0.0,0.0
6701187,computers.components.videocards,palit,411.05,2,0,0.0,0.0
19200009,construction.tools.saw,huter,77.2,2,0,0.0,0.0
28714219,apparel.shoes.moccasins,etor,100.39,2,0,0.0,0.0
28400780,accessories.bag,baden,46.08,2,0,0.0,0.0
35200209,apparel.underwear,milavitsa,18.56,2,0,0.0,0.0
6600255,computers.components.memory,kingston,21.85,2,0,0.0,0.0
11300053,electronics.telephone,texet,17.43,2,0,0.0,0.0
28719438,apparel.shoes,baden,62.81,2,0,0.0,0.0
1004701,electronics.smartphone,bq,138.21,2,0,0.0,0.0
11100023,appliances.personal.scales,saturn,7.95,2,0,0.0,0.0
51000028,appliances.environment.vacuum,bosch,722.03,2,0,0.0,0.0
1600546,computers.peripherals.printer,hp,179.92,2,0,0.0,0.0
4801188,electronics.audio.headphone,defender,5.15,2,0,0.0,0.0
8700165,appliances.personal.hair_cutter,remington,90.07,2,0,0.0,0.0
3700746,appliances.environment.vacuum,arnica,59.15,2,0,0.0,0.0
28717458,apparel.shoes.keds,escan,51.22,2,0,0.0,0.0
28714668,apparel.shoes.keds,nike,109.37,2,0,0.0,0.0
3600266,appliances.kitchen.washer,bosch,388.11,2,0,0.0,0.0
3700788,appliances.environment.vacuum,bosch,151.61,2,0,0.0,0.0
21401354,electronics.clocks,casio,61.01,2,0,0.0,0.0
16800241,furniture.kitchen.table,domini,218.8,2,0,0.0,0.0
1500485,computers.peripherals.printer,lexmark,69.5,2,0,0.0,0.0
1701504,computers.peripherals.monitor,huntkey,229.99,2,0,0.0,0.0
11000025,appliances.kitchen.toster,polaris,30.86,2,0,0.0,0.0
1307314,computers.notebook,hp,993.33,2,0,0.0,0.0
3700885,appliances.environment.vacuum,lg,120.96,2,0,0.0,0.0
2501482,appliances.kitchen.oven,neo,136.67,2,0,0.0,0.0
28713718,apparel.shoes.keds,nike,55.39,2,0,0.0,0.0
2702468,appliances.kitchen.refrigerators,samsung,1518.67,2,0,0.0,0.0
12400068,construction.tools.drill,p.i.t.,55.96,2,0,0.0,0.0
2300329,electronics.camera.video,gopro,599.9,2,1,599.9,50.0
21408581,electronics.clocks,diesel,180.18,2,0,0.0,0.0
6000216,auto.accessories.alarm,starline,241.71,2,0,0.0,0.0
1201172,electronics.tablet,apple,1026.5,2,0,0.0,0.0
13200696,furniture.bedroom.bed,redford,151.84,2,0,0.0,0.0
2800174,appliances.kitchen.refrigerators,atlantic,274.91,2,0,0.0,0.0
4801966,electronics.audio.headphone,hyperx,123.57,2,0,0.0,0.0
1003913,electronics.smartphone,samsung,200.39,2,0,0.0,0.0
4900384,appliances.kitchen.juicer,redmond,131.02,2,0,0.0,0.0
52300001,sport.snowboard,thule,252.26,2,0,0.0,0.0
28719283,apparel.shoes.keds,fila,136.17,2,0,0.0,0.0
17900040,construction.tools.generator,eurolux,220.57,2,0,0.0,0.0
1004124,electronics.smartphone,bq,69.22,2,0,0.0,0.0
28704456,apparel.shoes,etor,126.13,2,0,0.0,0.0
14300005,electronics.audio.music_tools.piano,kurzweil,262.04,2,0,0.0,0.0
3200041,appliances.kitchen.meat_grinder,redmond,136.14,2,0,0.0,0.0
4400168,appliances.kitchen.coffee_machine,vitek,28.24,2,0,0.0,0.0
28720869,apparel.shoes,romax,150.58,2,0,0.0,0.0
21400445,electronics.clocks,boccia,182.76,2,0,0.0,0.0
1201453,electronics.tablet,apple,694.72,2,0,0.0,0.0
2240116,electronics.audio.microphone,shure,378.65,2,0,0.0,0.0
18200035,electronics.audio.acoustic,sony,257.15,2,0,0.0,0.0
5800833,electronics.audio.subwoofer,sony,77.2,2,0,0.0,0.0
21401546,electronics.clocks,casio,2075.73,2,0,0.0,0.0
1201240,electronics.tablet,lenovo,246.57,2,0,0.0,0.0
3701503,appliances.environment.vacuum,dauscher,69.47,2,0,0.0,0.0
45600173,apparel.shoes.keds,jordan,72.05,2,0,0.0,0.0
2800474,appliances.kitchen.refrigerators,dauscher,283.12,2,0,0.0,0.0
21410898,electronics.clocks,swatch,102.19,2,0,0.0,0.0
28716034,apparel.shoes.keds,nike,150.56,2,0,0.0,0.0
1701344,computers.peripherals.monitor,lg,602.29,2,0,0.0,0.0
6301052,appliances.kitchen.kettle,tefal,38.59,2,0,0.0,0.0
8800928,electronics.telephone,bq,30.86,2,0,0.0,0.0
45600846,apparel.shoes,keddo,54.8,2,0,0.0,0.0
1307129,computers.notebook,hp,532.06,2,0,0.0,0.0
28704479,apparel.shoes,etor,110.68,2,0,0.0,0.0
2500019,appliances.kitchen.oven,gorenje,463.31,2,0,0.0,0.0
28719148,apparel.shoes,ag,93.95,2,0,0.0,0.0
7005677,kids.carriage,riko,308.86,2,0,0.0,0.0
12400179,construction.tools.drill,makita,970.4,2,0,0.0,0.0
5000122,appliances.sewing_machine,janome,446.33,2,0,0.0,0.0
13201022,furniture.bedroom.bed,domini,247.11,2,0,0.0,0.0
30000185,construction.tools.welding,denzel,108.07,2,0,0.0,0.0
7005682,kids.carriage,alis,102.94,2,0,0.0,0.0
1307116,computers.notebook,hp,463.07,2,1,463.07,50.0
6902384,furniture.living_room.chair,bambola,54.06,2,0,0.0,0.0
2702028,appliances.kitchen.refrigerators,samsung,1003.86,2,0,0.0,0.0
8801094,electronics.telephone,bq,25.71,2,0,0.0,0.0
7900918,furniture.kitchen.chair,joie,102.71,2,0,0.0,0.0
2800085,appliances.kitchen.refrigerators,atlant,257.15,2,0,0.0,0.0
1004810,electronics.smartphone,honor,154.42,2,0,0.0,0.0
12300010,construction.tools.drill,p.i.t.,51.71,2,0,0.0,0.0
28719797,apparel.shoes.keds,etor,100.39,2,0,0.0,0.0
3900734,appliances.environment.water_heater,ariston,114.44,2,0,0.0,0.0
8800964,electronics.telephone,fly,15.57,2,0,0.0,0.0
3200369,appliances.kitchen.meat_grinder,bene,77.09,2,0,0.0,0.0
2501788,appliances.kitchen.oven,samsung,900.85,2,0,0.0,0.0
5100449,electronics.clocks,garmin,221.53,2,0,0.0,0.0
45300088,kids.swing,joie,79.02,2,0,0.0,0.0
30900580,computers.components.cooler,id-cooling,8.47,2,0,0.0,0.0
12300909,construction.tools.drill,p.i.t.,21.78,2,0,0.0,0.0
21409459,electronics.clocks,seiko,1105.31,2,0,0.0,0.0
5700895,auto.accessories.player,kenwood,59.2,2,0,0.0,0.0
6100213,auto.accessories.radar,inspector,123.27,2,0,0.0,0.0
5100676,electronics.clocks,xiaomi,152.61,2,0,0.0,0.0
3801157,appliances.iron,braun,45.28,2,0,0.0,0.0
28718207,apparel.shoes.keds,tamaris,44.79,2,0,0.0,0.0
28710787,apparel.shoes.sandals,respect,22.91,2,0,0.0,0.0
19300072,appliances.ironing_board,perilla,60.49,2,0,0.0,0.0
21406646,electronics.clocks,tissot,1518.7,2,0,0.0,0.0
8800668,electronics.telephone,philips,66.92,2,0,0.0,0.0
5801475,electronics.audio.subwoofer,avatar,59.2,2,0,0.0,0.0
1500475,computers.peripherals.printer,hp,123.3,2,0,0.0,0.0
5701196,auto.accessories.player,imx,244.54,2,0,0.0,0.0
1500031,computers.peripherals.printer,hp,1668.89,2,0,0.0,0.0
7005618,kids.carriage,chicco,175.01,2,0,0.0,0.0
28300780,accessories.wallet,karya,33.46,2,0,0.0,0.0
28400298,accessories.bag,karya,50.19,2,0,0.0,0.0
45500021,computers.notebook,trust,23.14,2,0,0.0,0.0
3601140,appliances.kitchen.washer,renova,103.73,2,0,0.0,0.0
3100885,appliances.kitchen.blender,arnica,34.49,2,0,0.0,0.0
11700358,electronics.audio.acoustic,electro-voice,1296.04,2,0,0.0,0.0
28720551,apparel.shoes,bochetti,125.87,2,0,0.0,0.0
17200958,furniture.living_room.sofa,bellamebel,1029.22,2,0,0.0,0.0
11200227,appliances.personal.scales,saturn,9.96,2,0,0.0,0.0
9700059,computers.components.power_supply,cougar,74.39,2,0,0.0,0.0
3100862,appliances.kitchen.blender,philips,61.75,2,0,0.0,0.0
12202499,sport.bicycle,altair,115.83,2,0,0.0,0.0
12201756,sport.bicycle,axis,90.09,2,0,0.0,0.0
4802452,electronics.audio.headphone,jbl,77.2,2,0,0.0,0.0
28718847,apparel.shoes,rieker,103.99,2,0,0.0,0.0
13200247,furniture.bedroom.bed,brw,159.85,2,0,0.0,0.0
6500795,computers.components.motherboard,gigabyte,101.93,2,0,0.0,0.0
4802403,electronics.audio.headphone,samsung,46.31,2,0,0.0,0.0
14300234,electronics.audio.music_tools.piano,m-audio,222.08,2,0,0.0,0.0
6200879,appliances.environment.air_heater,oasis,28.7,2,0,0.0,0.0
28719245,apparel.shoes,remonte,107.85,2,0,0.0,0.0
28705523,apparel.shoes.ballet_shoes,respect,28.83,2,0,0.0,0.0
28718613,apparel.shoes,respect,79.02,2,0,0.0,0.0
3601561,appliances.kitchen.washer,rebus,151.85,2,0,0.0,0.0
12201331,sport.bicycle,phoenix,128.68,2,0,0.0,0.0
28716340,apparel.shoes,respect,115.06,2,0,0.0,0.0
1307428,computers.notebook,lenovo,2522.33,2,0,0.0,0.0
5000329,appliances.sewing_machine,janome,127.64,2,0,0.0,0.0
35105261,apparel.underwear,milavitsa,30.13,2,0,0.0,0.0
30000138,construction.tools.welding,kolner,83.72,2,0,0.0,0.0
55000011,apparel.costume,jordan,149.27,2,0,0.0,0.0
1600614,computers.peripherals.printer,hp,182.5,2,0,0.0,0.0
50600011,auto.accessories.compressor,magnetta,125.61,2,0,0.0,0.0
3601375,appliances.kitchen.washer,electrolux,1268.99,2,0,0.0,0.0
6300687,appliances.kitchen.kettle,tefal,36.01,2,0,0.0,0.0
7900979,furniture.kitchen.chair,lorelli-bertoni,77.22,2,0,0.0,0.0
21408708,electronics.clocks,casio,110.43,2,0,0.0,0.0
1307138,computers.notebook,hp,716.26,2,0,0.0,0.0
1701509,computers.peripherals.monitor,smart,104.89,2,0,0.0,0.0
28401164,accessories.bag,karya,105.54,2,0,0.0,0.0
4804020,electronics.audio.headphone,jbl,110.43,2,0,0.0,0.0
48200509,apparel.dress,conceptclub,35.78,2,0,0.0,0.0
1480768,computers.desktop,lenovo,900.67,2,0,0.0,0.0
7006558,kids.carriage,belecoo,102.92,2,0,0.0,0.0
39800009,apparel.shirt,dion,29.6,2,0,0.0,0.0
1700917,computers.peripherals.monitor,aoc,484.9,2,0,0.0,0.0
2501333,appliances.kitchen.oven,hansa,359.85,2,0,0.0,0.0
5700597,auto.accessories.player,alpine,226.52,2,0,0.0,0.0
9002111,kids.toys,orange,15.06,2,0,0.0,0.0
21406755,electronics.clocks,tissot,1230.4,2,0,0.0,0.0
1307367,computers.notebook,hp,656.1,2,0,0.0,0.0
8901420,kids.toys,chicco,39.11,2,0,0.0,0.0
3200441,appliances.kitchen.meat_grinder,artel,99.26,2,0,0.0,0.0
4400291,appliances.kitchen.coffee_machine,delonghi,253.52,2,0,0.0,0.0
3800463,appliances.iron,maxwell,15.42,2,0,0.0,0.0
14300330,electronics.audio.music_tools.piano,medeli,177.61,2,0,0.0,0.0
21406659,electronics.clocks,certina,525.11,2,0,0.0,0.0
40900032,construction.tools.painting,stels,30.19,2,0,0.0,0.0
4804431,electronics.audio.headphone,huawei,91.89,2,0,0.0,0.0
3200158,appliances.kitchen.meat_grinder,philips,115.81,2,0,0.0,0.0
3701370,appliances.environment.vacuum,lg,174.46,2,0,0.0,0.0
1201226,electronics.tablet,apple,875.16,2,0,0.0,0.0
21410997,electronics.clocks,armani,259.47,2,1,259.47,50.0
28716149,apparel.shoes,caprice,113.0,2,0,0.0,0.0
28716919,apparel.shoes,respect,138.74,2,0,0.0,0.0
6302018,appliances.kitchen.kettle,unit,18.51,2,0,0.0,0.0
21400172,electronics.clocks,casio,246.85,2,0,0.0,0.0
11100221,appliances.personal.scales,redmond,20.02,2,0,0.0,0.0
5801462,electronics.audio.subwoofer,alphard,101.68,2,0,0.0,0.0
52900141,accessories.bag,stanley,30.38,2,0,0.0,0.0
5000357,appliances.sewing_machine,toyota,172.72,2,0,0.0,0.0
10400029,kids.toys,rastar,16.99,2,1,16.99,50.0
21403512,electronics.clocks,orient,195.11,2,0,0.0,0.0
30000222,construction.tools.welding,magnetta,213.95,2,0,0.0,0.0
4200706,appliances.environment.air_conditioner,almacom,276.33,2,0,0.0,0.0
3100679,appliances.kitchen.blender,kitchenaid,390.74,2,0,0.0,0.0
1801710,electronics.video.tv,lg,754.18,2,0,0.0,0.0
11000118,appliances.kitchen.toster,sakura,17.99,2,0,0.0,0.0
6500900,computers.components.motherboard,msi,62.02,2,0,0.0,0.0
7006176,kids.carriage,hartan,1801.82,2,0,0.0,0.0
2500434,appliances.kitchen.oven,beko,398.31,2,0,0.0,0.0
3200344,appliances.kitchen.meat_grinder,vitek,51.2,2,0,0.0,0.0
14100206,electronics.audio.acoustic,cort,306.31,2,0,0.0,0.0
6200266,appliances.environment.air_heater,ballu,38.35,2,0,0.0,0.0
3700739,appliances.environment.vacuum,elenberg,23.14,2,0,0.0,0.0
35103219,apparel.underwear,milavitsa,36.65,2,0,0.0,0.0
1201522,electronics.tablet,bq,74.62,2,0,0.0,0.0
19100026,construction.tools.saw,bosch,919.2,2,0,0.0,0.0
4802253,electronics.audio.headphone,sven,25.71,2,0,0.0,0.0
2500855,appliances.kitchen.oven,electrolux,346.88,2,0,0.0,0.0
12202353,sport.bicycle,haro,488.82,2,0,0.0,0.0
3701270,appliances.environment.vacuum,hobot,437.57,2,0,0.0,0.0
28715116,apparel.shoes.keds,escan,51.22,2,0,0.0,0.0
12202388,sport.bicycle,pinarello,2367.89,2,0,0.0,0.0
28721264,apparel.shoes,legre,82.63,2,0,0.0,0.0
9100196,computers.peripherals.mouse,logitech,7.85,2,0,0.0,0.0
3601482,appliances.kitchen.washer,bosch,930.63,2,0,0.0,0.0
11700042,electronics.audio.acoustic,krk,566.3,2,0,0.0,0.0
5800350,electronics.audio.subwoofer,hertz,40.88,2,0,0.0,0.0
12100430,kids.skates,ninebot,404.11,2,0,0.0,0.0
6600656,computers.components.memory,hyperx,95.91,2,0,0.0,0.0
17800444,computers.desktop,dxracer,257.15,2,0,0.0,0.0
1005214,electronics.smartphone,jinga,59.18,2,0,0.0,0.0
10400742,kids.toys,rw,90.07,2,0,0.0,0.0
4201136,appliances.environment.air_conditioner,almacom,222.53,2,0,0.0,0.0
4803472,electronics.audio.headphone,beats,344.9,2,0,0.0,0.0
12300655,construction.tools.drill,makita,90.09,2,0,0.0,0.0
1307121,computers.notebook,dell,1596.69,2,0,0.0,0.0
2701299,appliances.kitchen.refrigerators,hansa,643.23,2,0,0.0,0.0
26900028,sport.trainer,housefit,398.98,2,0,0.0,0.0
32900147,accessories.bag,salmo,10.73,2,0,0.0,0.0
21401660,electronics.clocks,casio,50.19,2,0,0.0,0.0
3601585,appliances.kitchen.washer,candy,371.93,2,0,0.0,0.0
6902800,furniture.living_room.chair,simpleparenting,383.54,2,0,0.0,0.0
46800001,appliances.kitchen.refrigerators,ezetil,823.68,2,0,0.0,0.0
21401320,electronics.clocks,casio,27.52,2,0,0.0,0.0
28704480,apparel.shoes,etor,110.68,2,0,0.0,0.0
1600458,computers.peripherals.printer,hp,314.26,2,0,0.0,0.0
6301834,appliances.kitchen.kettle,lumme,26.13,2,0,0.0,0.0
4801469,electronics.audio.headphone,ergo,7.72,2,0,0.0,0.0
5700385,auto.accessories.player,pioneer,54.06,2,0,0.0,0.0
4803929,electronics.audio.headphone,jbl,54.03,2,0,0.0,0.0
1600585,computers.peripherals.printer,epson,205.64,2,0,0.0,0.0
2701697,appliances.kitchen.refrigerators,bosch,523.51,2,0,0.0,0.0
9200557,computers.peripherals.keyboard,x-game,6.74,2,0,0.0,0.0
5100260,electronics.clocks,wonlex,50.28,2,0,0.0,0.0
28718345,apparel.shoes,respect,80.83,2,0,0.0,0.0
21404737,electronics.clocks,orient,140.03,2,0,0.0,0.0
22900012,furniture.bedroom.pillow,vegas,86.49,2,0,0.0,0.0
1306981,computers.notebook,lenovo,1647.38,2,0,0.0,0.0
6800317,computers.components.hdd,toshiba,86.72,2,1,86.72,50.0
14300368,electronics.audio.music_tools.piano,akai,76.97,2,0,0.0,0.0
2501575,appliances.kitchen.oven,bosch,437.25,2,0,0.0,0.0
5000568,appliances.sewing_machine,chayka,76.96,2,0,0.0,0.0
3601126,appliances.kitchen.washer,haier,308.86,2,0,0.0,0.0
2701711,appliances.kitchen.refrigerators,electrolux,960.82,2,0,0.0,0.0
45300070,kids.swing,nuna,256.63,2,0,0.0,0.0
8800209,electronics.telephone,jinga,28.29,2,0,0.0,0.0
7002804,kids.carriage,alis,95.21,2,0,0.0,0.0
6900630,furniture.living_room.chair,maxi-cosi,254.83,2,0,0.0,0.0
4000111,construction.tools.generator,bene,18.92,2,0,0.0,0.0
14300310,electronics.audio.music_tools.piano,m-audio,145.86,2,0,0.0,0.0
52900090,accessories.bag,stanley,209.25,2,0,0.0,0.0
28714100,apparel.shoes.keds,greyder,51.48,2,0,0.0,0.0
4700618,auto.accessories.videoregister,intego,97.3,2,0,0.0,0.0
4700511,auto.accessories.videoregister,inspector,231.64,2,0,0.0,0.0
1004929,electronics.smartphone,apple,952.15,2,2,1930.04,100.0
4501338,appliances.kitchen.hob,gefest,131.75,2,0,0.0,0.0
4501656,appliances.kitchen.hob,dauscher,121.5,2,0,0.0,0.0
6201080,appliances.environment.air_heater,ballu,141.32,2,0,0.0,0.0
4803745,electronics.audio.headphone,sony,96.5,2,0,0.0,0.0
14300349,electronics.audio.music_tools.piano,m-audio,311.02,2,0,0.0,0.0
1305471,computers.notebook,lenovo,1245.58,2,0,0.0,0.0
8901558,kids.toys,chicco,46.31,2,0,0.0,0.0
3900904,appliances.environment.water_heater,oasis,70.25,2,0,0.0,0.0
28704949,apparel.shoes,respect,23.17,2,0,0.0,0.0
22600067,auto.accessories.compressor,ryobi,102.94,2,0,0.0,0.0
28400754,accessories.bag,baden,61.52,2,0,0.0,0.0
2702471,appliances.kitchen.refrigerators,midea,134.06,2,0,0.0,0.0
22900009,furniture.bedroom.pillow,vegas,60.23,2,0,0.0,0.0
28714169,apparel.shoes.moccasins,greyder,72.07,2,0,0.0,0.0
21400744,electronics.clocks,tissot,437.59,2,0,0.0,0.0
2502051,appliances.kitchen.oven,artel,54.93,2,0,0.0,0.0
8800724,electronics.telephone,texet,33.65,2,0,0.0,0.0
1480771,computers.desktop,pulser,710.42,2,0,0.0,0.0
1307077,computers.notebook,asus,1015.98,2,0,0.0,0.0
3601426,appliances.kitchen.washer,whirlpool,442.46,2,0,0.0,0.0
1801829,electronics.video.tv,lg,694.22,2,0,0.0,0.0
6902760,furniture.living_room.chair,bambola,58.17,2,0,0.0,0.0
28716410,apparel.shoes,respect,123.3,2,0,0.0,0.0
28718147,apparel.shoes,baden,59.2,2,0,0.0,0.0
2700538,appliances.kitchen.refrigerators,atlant,445.06,2,0,0.0,0.0
21403570,electronics.clocks,orient,98.33,2,0,0.0,0.0
28401171,accessories.bag,karya,105.54,2,0,0.0,0.0
5000634,appliances.sewing_machine,janome,195.6,2,0,0.0,0.0
10201170,kids.dolls,llorens,46.44,2,0,0.0,0.0
7005413,kids.carriage,cybex,334.4,2,0,0.0,0.0
16800595,furniture.kitchen.table,mebelswow-rn,99.1,2,0,0.0,0.0
28720841,apparel.shoes,caprice,88.81,2,0,0.0,0.0
1401332,computers.desktop,hp,419.96,2,0,0.0,0.0
28715770,apparel.shoes,nexpero,68.21,2,0,0.0,0.0
10900115,appliances.kitchen.mixer,vitek,46.08,2,0,0.0,0.0
13201187,furniture.bedroom.bed,brw,170.15,2,0,0.0,0.0
2402853,appliances.kitchen.hood,oasis,56.37,2,0,0.0,0.0
16700608,furniture.kitchen.chair,domini,30.89,2,0,0.0,0.0
35200632,apparel.underwear,obsessive,20.34,2,0,0.0,0.0
1307334,computers.notebook,hp,1299.65,2,0,0.0,0.0
18300121,accessories.bag,rivacase,19.28,2,0,0.0,0.0
17800079,computers.desktop,greentree,128.68,2,0,0.0,0.0
1401539,computers.desktop,apple,1415.71,2,0,0.0,0.0
2701903,appliances.kitchen.refrigerators,whirlpool,722.77,2,0,0.0,0.0
5000763,appliances.sewing_machine,aoki,128.68,2,0,0.0,0.0
6902789,furniture.living_room.chair,lorelli,78.25,2,0,0.0,0.0
28719249,apparel.shoes,rieker,96.53,2,0,0.0,0.0
5701101,auto.accessories.player,telefunken,24.45,2,0,0.0,0.0
1005046,electronics.smartphone,xiaomi,489.05,2,0,0.0,0.0
2701590,appliances.kitchen.refrigerators,samsung,1029.37,2,0,0.0,0.0
21406395,electronics.clocks,casio,132.05,2,0,0.0,0.0
11300045,electronics.telephone,panasonic,40.31,2,0,0.0,0.0
6300971,appliances.kitchen.kettle,bosch,48.33,2,0,0.0,0.0
3700606,appliances.environment.vacuum,vitek,51.4,2,0,0.0,0.0
2502011,appliances.kitchen.oven,artel,52.74,2,0,0.0,0.0
2400194,appliances.kitchen.hood,bosch,118.48,2,0,0.0,0.0
12200546,sport.bicycle,phoenix,257.12,2,0,0.0,0.0
4803611,electronics.audio.headphone,panasonic,5.17,2,0,0.0,0.0
2501275,appliances.kitchen.oven,hansa,308.61,2,0,0.0,0.0
3701252,appliances.environment.vacuum,makita,214.85,2,0,0.0,0.0
6801047,computers.components.hdd,plextor,103.25,2,0,0.0,0.0
2900748,appliances.kitchen.microwave,bosch,341.53,2,0,0.0,0.0
1701300,computers.peripherals.monitor,lenovo,257.15,2,0,0.0,0.0
6100190,auto.accessories.radar,sho-me,64.35,2,0,0.0,0.0
3101042,appliances.kitchen.blender,kitfort,32.95,2,0,0.0,0.0
4802856,electronics.audio.headphone,jbl,40.93,2,0,0.0,0.0
28720361,apparel.shoes,ergo,125.36,2,0,0.0,0.0
2500569,appliances.kitchen.oven,beko,285.88,2,0,0.0,0.0
13201186,furniture.bedroom.bed,brw,339.52,2,0,0.0,0.0
13200193,furniture.bedroom.bed,brw,170.66,2,0,0.0,0.0
14500005,appliances.kitchen.coffee_grinder,polaris,17.71,2,0,0.0,0.0
25100288,construction.tools.light,xiaomi,89.84,2,0,0.0,0.0
4802274,electronics.audio.headphone,samsung,6.92,2,0,0.0,0.0
6902345,furniture.living_room.chair,lorelli,78.76,2,0,0.0,0.0
4000038,construction.tools.generator,karcher,372.49,2,0,0.0,0.0
1305590,computers.notebook,hp,252.43,2,0,0.0,0.0
1306449,computers.notebook,acer,2293.24,2,0,0.0,0.0
28718213,apparel.shoes.keds,tamaris,44.79,2,0,0.0,0.0
4400225,appliances.kitchen.coffee_machine,philips,51.46,2,0,0.0,0.0
16700308,furniture.kitchen.chair,mamadoma,44.27,2,0,0.0,0.0
28714682,apparel.shoes.keds,puma,119.67,2,0,0.0,0.0
3200243,appliances.kitchen.meat_grinder,polaris,51.46,2,0,0.0,0.0
28713123,apparel.shoes,rieker,77.99,2,0,0.0,0.0
1306607,computers.notebook,lenovo,566.27,2,0,0.0,0.0
16200120,kids.fmcg.diapers,moony,18.47,2,0,0.0,0.0
8800257,electronics.telephone,bravis,20.57,2,0,0.0,0.0
1801912,electronics.video.tv,samsung,1929.5,2,0,0.0,0.0
1307108,computers.notebook,asus,1029.6,2,0,0.0,0.0
21401724,electronics.clocks,casio,381.22,2,0,0.0,0.0
6301706,appliances.kitchen.kettle,scarlett,17.99,2,0,0.0,0.0
10900340,appliances.kitchen.mixer,polaris,16.96,2,0,0.0,0.0
28715110,apparel.shoes.keds,strobbs,25.74,2,0,0.0,0.0
1307405,computers.notebook,lenovo,439.63,2,0,0.0,0.0
21401562,electronics.clocks,casio,30.86,2,0,0.0,0.0
30900584,computers.components.cooler,deepcool,42.96,2,0,0.0,0.0
1500296,computers.peripherals.printer,hp,220.06,2,0,0.0,0.0
1003899,electronics.smartphone,oneplus,642.46,2,0,0.0,0.0
28400930,accessories.bag,respect,82.11,2,0,0.0,0.0
27701066,construction.tools.pump,wilo,144.32,2,0,0.0,0.0
5800809,electronics.audio.subwoofer,pioneer,76.45,2,0,0.0,0.0
1307036,computers.notebook,dell,771.45,2,0,0.0,0.0
2701985,appliances.kitchen.refrigerators,samsung,1184.05,2,0,0.0,0.0
6701038,computers.components.videocards,gigabyte,172.91,2,0,0.0,0.0
32900007,accessories.bag,shimano,87.49,2,0,0.0,0.0
14100204,electronics.audio.acoustic,cort,336.69,2,0,0.0,0.0
28718353,apparel.shoes,respect,84.43,2,0,0.0,0.0
3600897,appliances.kitchen.washer,candy,370.38,2,0,0.0,0.0
11600405,computers.desktop,microlab,188.68,2,0,0.0,0.0
4400340,appliances.kitchen.coffee_machine,philips,2187.93,2,0,0.0,0.0
28718773,apparel.shoes.keds,rooman,66.67,2,0,0.0,0.0
4000088,construction.tools.generator,saturn,59.82,2,0,0.0,0.0
45600267,apparel.shoes,shagovita,61.76,2,0,0.0,0.0
4800376,electronics.audio.headphone,steelseries,77.2,2,0,0.0,0.0
39800028,apparel.shirt,dion,29.6,2,0,0.0,0.0
9101178,computers.peripherals.mouse,microsoft,20.57,2,0,0.0,0.0
22400055,electronics.audio.microphone,trust,9.49,2,0,0.0,0.0
8700414,appliances.personal.hair_cutter,babyliss,61.75,2,0,0.0,0.0
6301199,appliances.kitchen.kettle,maxima,25.71,2,0,0.0,0.0
1701469,computers.peripherals.monitor,msi,564.0,2,0,0.0,0.0
21410835,electronics.clocks,casio,158.82,2,0,0.0,0.0
3701528,appliances.environment.vacuum,karcher,92.64,2,0,0.0,0.0
1306467,computers.notebook,lenovo,1575.27,2,0,0.0,0.0
8800669,electronics.telephone,irbis,10.33,2,0,0.0,0.0
1401528,computers.desktop,avalon,230.89,2,0,0.0,0.0
35200190,apparel.underwear,milavitsa,18.56,2,0,0.0,0.0
1201381,electronics.tablet,apple,1132.33,2,0,0.0,0.0
28716496,apparel.shoes,respect,107.85,2,0,0.0,0.0
18900353,electronics.camera.photo,canon,2104.83,2,0,0.0,0.0
17900231,construction.tools.generator,kronwerk,201.53,2,0,0.0,0.0
6200804,appliances.environment.air_heater,oasis,23.91,2,0,0.0,0.0
1307510,computers.notebook,dell,1911.25,2,0,0.0,0.0
2900929,appliances.kitchen.microwave,panasonic,108.09,2,0,0.0,0.0
3701202,appliances.environment.vacuum,xiaomi,102.42,2,0,0.0,0.0
4501385,appliances.kitchen.hob,bosch,295.96,2,0,0.0,0.0
4802249,electronics.audio.headphone,jbl,76.96,2,0,0.0,0.0
3901006,appliances.environment.water_heater,ariston,108.09,2,0,0.0,0.0
4000211,construction.tools.generator,philips,257.38,2,0,0.0,0.0
6600041,computers.components.memory,geil,32.66,2,0,0.0,0.0
1005199,electronics.smartphone,honor,643.49,2,0,0.0,0.0
18500029,electronics.tablet,huion,38.34,2,0,0.0,0.0
1004215,electronics.smartphone,huawei,141.68,2,1,102.94,50.0
11600011,computers.desktop,microlab,37.99,2,0,0.0,0.0
8700226,appliances.personal.hair_cutter,babyliss,40.93,2,0,0.0,0.0
1201516,electronics.tablet,microsoft,1325.65,2,0,0.0,0.0
6301999,appliances.kitchen.kettle,kitfort,82.32,2,1,85.76,50.0
1700979,computers.peripherals.monitor,philips,137.68,2,0,0.0,0.0
28715853,apparel.shoes,respect,128.45,2,0,0.0,0.0
1004100,electronics.smartphone,bq,72.05,2,0,0.0,0.0
28719502,apparel.shoes,respect,118.15,2,0,0.0,0.0
1307393,computers.notebook,dell,577.85,2,0,0.0,0.0
8800351,electronics.telephone,keneksi,14.63,2,0,0.0,0.0
12202374,sport.bicycle,stels,141.57,2,0,0.0,0.0
6500904,computers.components.motherboard,asus,133.59,2,0,0.0,0.0
36000088,appliances.kitchen.kettle,fissman,53.67,2,0,0.0,0.0
1201479,electronics.tablet,lenovo,334.35,2,0,0.0,0.0
1004381,electronics.smartphone,samsung,233.58,2,0,0.0,0.0
2500768,appliances.kitchen.oven,smeg,659.93,2,0,0.0,0.0
4201228,appliances.environment.air_conditioner,tcl,225.21,2,0,0.0,0.0
14100186,electronics.audio.acoustic,homage,77.22,2,0,0.0,0.0
28719660,apparel.shoes,respect,82.63,2,0,0.0,0.0
2501150,appliances.kitchen.oven,samsung,622.29,2,0,0.0,0.0
4804324,electronics.audio.headphone,plantronics,42.45,2,0,0.0,0.0
1306339,computers.notebook,hp,514.79,2,0,0.0,0.0
8600174,appliances.environment.fan,willmark,10.27,2,0,0.0,0.0
3200401,appliances.kitchen.meat_grinder,greentek,41.44,2,0,0.0,0.0
28719646,apparel.shoes,salamander,46.08,2,0,0.0,0.0
18300429,accessories.bag,xiaomi,19.54,2,0,0.0,0.0
2400224,appliances.kitchen.hood,gefest,72.31,2,0,0.0,0.0
12300108,construction.tools.drill,bosch,52.59,2,0,0.0,0.0
3900553,appliances.environment.water_heater,ariston,98.93,2,0,0.0,0.0
12300862,construction.tools.drill,dewalt,101.92,2,0,0.0,0.0
13800136,furniture.bathroom.toilet,santeri,57.92,2,0,0.0,0.0
12300064,construction.tools.drill,bosch,110.68,2,0,0.0,0.0
5100539,electronics.clocks,wonlex,41.16,2,0,0.0,0.0
21403113,electronics.clocks,casio,107.85,2,0,0.0,0.0
3800412,appliances.iron,saturn,11.26,2,0,0.0,0.0
12201723,sport.bicycle,torrent,102.94,2,0,0.0,0.0
1701463,computers.peripherals.monitor,lg,296.07,2,0,0.0,0.0
3601059,appliances.kitchen.washer,bosch,537.41,2,0,0.0,0.0
1005273,electronics.smartphone,huawei,154.16,2,0,0.0,0.0
42700014,auto.accessories.winch,t-max,300.91,2,0,0.0,0.0
27600022,country_yard.lawn_mower,bosch,124.33,2,0,0.0,0.0
2700658,appliances.kitchen.refrigerators,atlant,403.1,2,0,0.0,0.0
28714294,apparel.shoes.keds,nike,144.12,2,0,0.0,0.0
7006396,kids.carriage,wingoffly,114.55,2,0,0.0,0.0
6902379,furniture.living_room.chair,bambola,36.55,2,0,0.0,0.0
1306918,computers.notebook,lenovo,1451.67,2,0,0.0,0.0
2900718,appliances.kitchen.microwave,willmark,65.36,2,0,0.0,0.0
6801085,computers.components.hdd,samsung,198.18,2,0,0.0,0.0
28717853,apparel.shoes,covani,105.54,2,0,0.0,0.0
49800012,accessories.bag,ritmix,9.77,2,0,0.0,0.0
6000287,auto.accessories.alarm,centurion,95.24,2,0,0.0,0.0
6600878,computers.components.memory,kingston,60.19,2,0,0.0,0.0
12202107,sport.bicycle,trek,463.07,2,0,0.0,0.0
6700809,computers.components.videocards,afox,146.8,2,0,0.0,0.0
28719464,apparel.shoes,baden,74.39,2,0,0.0,0.0
1480458,computers.desktop,pulser,1016.73,2,0,0.0,0.0
3200406,appliances.kitchen.meat_grinder,bene,56.37,2,0,0.0,0.0
6100154,auto.accessories.radar,ritmix,54.24,2,0,0.0,0.0
28700005,apparel.shoes.keds,baden,25.48,2,0,0.0,0.0
14300244,electronics.audio.music_tools.piano,alesis,67.76,2,0,0.0,0.0
3601022,appliances.kitchen.washer,atlant,282.89,2,0,0.0,0.0
7101170,furniture.bedroom.bed,incanto,144.12,2,0,0.0,0.0
7004807,kids.carriage,coballe,61.76,2,0,0.0,0.0
2900915,appliances.kitchen.microwave,hansa,128.68,2,0,0.0,0.0
6200972,appliances.environment.air_heater,alteco,68.99,2,0,0.0,0.0
2800636,appliances.kitchen.refrigerators,indesit,324.08,2,0,0.0,0.0
4600129,appliances.kitchen.dishwasher,bosch,583.03,2,0,0.0,0.0
2900807,appliances.kitchen.microwave,samsung,193.03,2,0,0.0,0.0
1801506,electronics.video.tv,horizont,158.82,2,0,0.0,0.0
1005262,electronics.smartphone,tp-link,159.33,2,0,0.0,0.0
21411197,electronics.clocks,cover,190.66,2,0,0.0,0.0
3601192,appliances.kitchen.washer,lg,617.75,2,0,0.0,0.0
16800316,furniture.kitchen.table,bazhou,407.48,2,0,0.0,0.0
21405920,electronics.clocks,diesel,225.49,2,0,0.0,0.0
9500031,computers.peripherals.camera,defender,5.89,2,0,0.0,0.0
3601457,appliances.kitchen.washer,midea,239.36,2,0,0.0,0.0
5700506,auto.accessories.player,kenwood,360.11,2,0,0.0,0.0
1801924,electronics.video.tv,samsung,1930.27,2,0,0.0,0.0
1306237,computers.notebook,hp,967.59,2,0,0.0,0.0
6400003,computers.components.cpu,intel,73.16,2,0,0.0,0.0
5800708,electronics.audio.subwoofer,alphard,92.67,2,0,0.0,0.0
14100512,electronics.audio.acoustic,yamaha,658.96,2,0,0.0,0.0
8800920,electronics.telephone,texet,20.05,2,0,0.0,0.0
8800942,electronics.telephone,bq,16.93,2,0,0.0,0.0
1306033,computers.notebook,xiaomi,1287.01,2,0,0.0,0.0
8700151,appliances.personal.hair_cutter,scarlett,8.55,2,0,0.0,0.0
3900435,appliances.environment.water_heater,electrolux,97.79,2,0,0.0,0.0
3100402,appliances.kitchen.blender,polaris,46.08,2,0,0.0,0.0
1307379,computers.notebook,asus,385.85,2,0,0.0,0.0
1801782,electronics.video.tv,rebus,165.8,2,0,0.0,0.0
3801012,appliances.iron,polaris,27.52,2,0,0.0,0.0
5000389,appliances.sewing_machine,bernina,501.68,2,0,0.0,0.0
1307383,computers.notebook,asus,1282.14,2,0,0.0,0.0
12300486,construction.tools.drill,crown,57.14,2,0,0.0,0.0
1306437,computers.notebook,lenovo,476.18,2,0,0.0,0.0
1600594,computers.peripherals.printer,samsung,143.89,2,0,0.0,0.0
29800247,furniture.living_room.chair,komfort-s,116.84,2,0,0.0,0.0
16700681,furniture.kitchen.chair,ikea,95.21,2,0,0.0,0.0
9101529,computers.peripherals.mouse,mars,8.98,2,0,0.0,0.0
45600354,apparel.shoes,garvalin,64.35,2,0,0.0,0.0
21400823,electronics.clocks,casio,220.34,2,0,0.0,0.0
4802021,electronics.audio.headphone,xiaomi,6.03,2,0,0.0,0.0
6000058,auto.accessories.alarm,pandect,86.23,2,0,0.0,0.0
6302208,appliances.kitchen.kettle,redmond,69.47,2,0,0.0,0.0
4804536,electronics.audio.headphone,ritmix,0.88,2,0,0.0,0.0
45600897,apparel.shoes.moccasins,pablosky,36.29,2,0,0.0,0.0
6100013,auto.accessories.radar,neoline,41.16,2,0,0.0,0.0
28715226,apparel.shoes,fassen,53.8,2,0,0.0,0.0
5700187,auto.accessories.player,alpine,89.54,2,0,0.0,0.0
2701866,appliances.kitchen.refrigerators,whirlpool,1096.53,2,0,0.0,0.0
5000401,appliances.sewing_machine,janome,1615.37,2,0,0.0,0.0
12201614,sport.bicycle,giant,478.52,2,0,0.0,0.0
6301868,appliances.kitchen.kettle,scarlett,23.14,2,0,0.0,0.0
19200130,construction.tools.saw,stihl,553.42,2,0,0.0,0.0
2402185,appliances.kitchen.hood,elikor,79.28,2,0,0.0,0.0
28719079,apparel.shoes,baden,82.63,2,0,0.0,0.0
28716677,apparel.shoes,respect,84.43,2,0,0.0,0.0
3901092,appliances.environment.water_heater,teploross,83.12,2,0,0.0,0.0
45600302,apparel.shoes,shagovita,71.03,2,0,0.0,0.0
3900962,appliances.environment.water_heater,oasis,61.75,2,0,0.0,0.0
1201286,electronics.tablet,apple,746.35,2,0,0.0,0.0
10400463,kids.toys,disney,14.29,2,0,0.0,0.0
21409899,electronics.clocks,armani,230.12,2,0,0.0,0.0
27000015,sport.trainer,housefit,540.55,2,0,0.0,0.0
17800162,computers.desktop,dxracer,411.83,2,0,0.0,0.0
1307518,computers.notebook,dell,919.2,2,0,0.0,0.0
8800787,electronics.telephone,bq,31.47,2,0,0.0,0.0
22900034,furniture.bedroom.pillow,ikea,9.76,2,0,0.0,0.0
1500292,computers.peripherals.printer,hp,185.07,2,0,0.0,0.0
28713111,apparel.shoes,legre,90.35,2,0,0.0,0.0
9700099,computers.components.power_supply,thermaltake,48.65,2,0,0.0,0.0
2100080,electronics.video.tv,samsung,356.17,2,0,0.0,0.0
18900152,electronics.camera.photo,nikon,765.48,2,0,0.0,0.0
12202006,sport.bicycle,trek,493.96,2,0,0.0,0.0
14100480,electronics.audio.acoustic,squier,157.79,2,0,0.0,0.0
28715612,apparel.shoes.keds,fila,75.91,2,0,0.0,0.0
6400015,computers.components.cpu,intel,162.12,2,0,0.0,0.0
21406971,electronics.clocks,tissot,1426.03,2,0,0.0,0.0
28715741,apparel.shoes,rieker,99.36,2,0,0.0,0.0
2300303,electronics.camera.video,prolike,51.22,2,0,0.0,0.0
1005090,electronics.smartphone,tecno,66.67,2,0,0.0,0.0
28715665,apparel.shoes,greyder,104.25,2,0,0.0,0.0
1004415,electronics.smartphone,bq,42.45,2,0,0.0,0.0
1201385,electronics.tablet,apple,1609.16,2,0,0.0,0.0
29800248,furniture.living_room.chair,komfort-s,177.84,2,0,0.0,0.0
6701083,computers.components.videocards,gainward,581.03,2,0,0.0,0.0
7004166,kids.carriage,anex,738.5,2,0,0.0,0.0
7101223,furniture.bedroom.bed,joie,134.62,2,0,0.0,0.0
3701374,appliances.environment.vacuum,tefal,128.68,2,0,0.0,0.0
28718915,apparel.shoes.keds,nexpero,51.22,2,0,0.0,0.0
30000230,construction.tools.welding,fubag,396.66,2,0,0.0,0.0
4500431,appliances.kitchen.hob,bosch,144.02,2,0,0.0,0.0
1480473,computers.desktop,apple,1634.53,2,0,0.0,0.0
12300081,construction.tools.drill,bosch,195.24,2,0,0.0,0.0
21406698,electronics.clocks,tissot,344.93,2,0,0.0,0.0
2501028,appliances.kitchen.oven,gefest,201.55,2,0,0.0,0.0
4803898,electronics.audio.headphone,razer,115.57,2,0,0.0,0.0
30500010,country_yard.cultivator,ryobi,207.28,2,0,0.0,0.0
5000325,appliances.sewing_machine,jaguar,77.04,2,0,0.0,0.0
1600595,computers.peripherals.printer,canon,321.73,2,0,0.0,0.0
6500970,computers.components.motherboard,asus,411.59,2,0,0.0,0.0
18900019,electronics.camera.photo,nikon,286.01,2,0,0.0,0.0
4803125,electronics.audio.headphone,defender,9.32,2,0,0.0,0.0
1305999,computers.notebook,apple,2188.47,2,0,0.0,0.0
19200107,construction.tools.saw,stihl,443.0,2,0,0.0,0.0
27000003,sport.trainer,fitlux,1016.76,2,0,0.0,0.0
4801800,electronics.audio.headphone,ergo,5.12,2,0,0.0,0.0
2502072,appliances.kitchen.oven,dauscher,252.23,2,0,0.0,0.0
4804282,electronics.audio.headphone,jbl,24.17,2,0,0.0,0.0
12300262,construction.tools.drill,stanley,159.27,2,0,0.0,0.0
5100395,electronics.clocks,wonlex,37.38,2,0,0.0,0.0
7900966,furniture.kitchen.chair,lorelli-bertoni,57.67,2,0,0.0,0.0
22900011,furniture.bedroom.pillow,vegas,19.56,2,0,0.0,0.0
21404256,electronics.clocks,casio,34.49,2,0,0.0,0.0
12301302,construction.tools.drill,alteco,45.82,2,0,0.0,0.0
21407965,electronics.clocks,casio,128.45,2,0,0.0,0.0
1306210,computers.notebook,asus,722.67,2,0,0.0,0.0
28719228,apparel.shoes,burgerschuhe,104.25,2,0,0.0,0.0
42700013,auto.accessories.winch,t-max,410.82,2,0,0.0,0.0
12100725,kids.skates,longway,144.15,2,0,0.0,0.0
1802107,electronics.video.tv,blaupunkt,617.75,2,0,0.0,0.0
3701189,appliances.environment.vacuum,vitek,64.3,2,0,0.0,0.0
2700779,appliances.kitchen.refrigerators,atlant,467.71,2,0,0.0,0.0
4700648,auto.accessories.videoregister,alpine,193.06,2,0,0.0,0.0
10900226,appliances.kitchen.mixer,smeg,558.03,2,0,0.0,0.0
11600060,computers.desktop,microlab,32.56,2,0,0.0,0.0
9100926,computers.peripherals.mouse,kingston,51.46,2,0,0.0,0.0
13201329,furniture.bedroom.bed,stolplit,298.03,2,0,0.0,0.0
6500648,computers.components.motherboard,asus,110.66,2,0,0.0,0.0
7006006,kids.carriage,pituso,111.33,2,0,0.0,0.0
28720438,apparel.shoes.keds,baden,51.22,2,0,0.0,0.0
11600016,computers.desktop,microlab,179.12,2,2,358.15999999999997,100.0
1802014,electronics.video.tv,lg,725.31,2,0,0.0,0.0
9900160,electronics.video.projector,epson,475.99,2,0,0.0,0.0
46900038,accessories.bag,bestway,17.0,2,0,0.0,0.0
16900105,furniture.kitchen.table,brw,135.4,2,0,0.0,0.0
21400674,electronics.clocks,orient,61.78,2,0,0.0,0.0
12201818,sport.bicycle,biwec,262.34,2,0,0.0,0.0
13200275,furniture.bedroom.bed,brw,525.11,2,0,0.0,0.0
6601076,computers.components.memory,amd,37.26,2,0,0.0,0.0
1701002,computers.peripherals.monitor,acer,185.85,2,0,0.0,0.0
27700741,construction.tools.pump,magnetta,122.2,2,0,0.0,0.0
11100283,appliances.personal.scales,scarlett,9.74,2,0,0.0,0.0
6301653,appliances.kitchen.kettle,bosch,95.21,2,0,0.0,0.0
14100015,electronics.audio.acoustic,admira,177.1,2,0,0.0,0.0
8800858,electronics.telephone,bq,32.15,2,0,0.0,0.0
8800751,electronics.telephone,maxvi,8.75,2,0,0.0,0.0
6801012,computers.components.hdd,kingston,45.28,2,0,0.0,0.0
28714324,apparel.shoes.keds,puma,90.09,2,0,0.0,0.0
1801573,electronics.video.tv,sony,926.41,2,0,0.0,0.0
28715306,apparel.shoes,fassen,33.98,2,0,0.0,0.0
3701306,appliances.environment.vacuum,dyson,571.42,2,1,571.42,50.0
17800202,computers.desktop,zeta,44.38,2,0,0.0,0.0
35102505,apparel.underwear,milavitsa,40.16,2,0,0.0,0.0
4800586,electronics.audio.headphone,plantronics,73.5,2,0,0.0,0.0
3900967,appliances.environment.water_heater,ariston,95.66,2,0,0.0,0.0
17900036,construction.tools.generator,huter,427.04,2,0,0.0,0.0
12301063,construction.tools.drill,oasis,41.16,2,0,0.0,0.0
1701032,computers.peripherals.monitor,lg,189.16,2,0,0.0,0.0
1305987,computers.notebook,apple,2084.74,2,0,0.0,0.0
8800514,electronics.telephone,bq,13.23,2,0,0.0,0.0
10900339,appliances.kitchen.mixer,bosch,40.89,2,0,0.0,0.0
28719161,apparel.shoes,salamander,127.93,2,0,0.0,0.0
21407166,electronics.clocks,longines,1081.11,2,0,0.0,0.0
21409509,electronics.clocks,casio,315.58,2,0,0.0,0.0
6200880,appliances.environment.air_heater,oasis,48.09,2,0,0.0,0.0
7005810,kids.carriage,chicco,514.79,2,0,0.0,0.0
6300765,appliances.kitchen.kettle,polaris,20.57,2,0,0.0,0.0
7004545,kids.carriage,rant,41.16,2,0,0.0,0.0
1004507,electronics.smartphone,bq,50.82,2,0,0.0,0.0
12600084,appliances.kitchen.grill,scarlett,138.74,2,0,0.0,0.0
6701042,computers.components.videocards,msi,182.41,2,0,0.0,0.0
12201157,sport.bicycle,cannondale,1544.18,2,0,0.0,0.0
8800890,electronics.telephone,bq,11.89,2,0,0.0,0.0
30000166,construction.tools.welding,magnetta,612.5,2,0,0.0,0.0
5801699,electronics.audio.subwoofer,sony,41.19,2,0,0.0,0.0
5801499,electronics.audio.subwoofer,phantom,18.28,2,1,18.28,50.0
28721299,apparel.shoes,rooman,51.22,2,0,0.0,0.0
28300208,accessories.wallet,petek,65.9,2,0,0.0,0.0
21411633,electronics.clocks,adriatica,192.8,2,0,0.0,0.0
1306557,computers.notebook,lenovo,1287.01,2,0,0.0,0.0
11200348,appliances.personal.scales,saturn,12.02,2,0,0.0,0.0
7005535,kids.carriage,babytime,59.2,2,0,0.0,0.0
1306893,computers.notebook,hp,411.57,2,0,0.0,0.0
4803627,electronics.audio.headphone,rombica,38.59,2,0,0.0,0.0
4400371,appliances.kitchen.coffee_machine,polaris,29.1,2,0,0.0,0.0
21409622,electronics.clocks,oris,1351.39,2,0,0.0,0.0
21404040,electronics.clocks,boccia,123.56,2,0,0.0,0.0
1802039,electronics.video.tv,sony,2573.55,2,0,0.0,0.0
8800384,electronics.telephone,maxvi,33.21,2,0,0.0,0.0
18300992,accessories.bag,apple,30.07,2,0,0.0,0.0
8800670,electronics.telephone,irbis,10.36,2,0,0.0,0.0
21407049,electronics.clocks,mido,1740.07,2,0,0.0,0.0
4802212,electronics.audio.headphone,harper,5.12,2,0,0.0,0.0
28718081,apparel.shoes.keds,respect,66.67,2,0,0.0,0.0
6300731,appliances.kitchen.kettle,vitek,51.4,2,0,0.0,0.0
21401677,electronics.clocks,casio,48.14,2,0,0.0,0.0
6200807,appliances.environment.air_heater,polaris,38.43,2,0,0.0,0.0
3200497,appliances.kitchen.meat_grinder,panasonic,204.34,2,0,0.0,0.0
6701263,computers.components.videocards,gigabyte,162.69,2,0,0.0,0.0
1002531,electronics.smartphone,apple,720.48,2,0,0.0,0.0
1307470,computers.notebook,msi,1475.84,2,0,0.0,0.0
19100293,construction.tools.saw,dwt,177.19,2,0,0.0,0.0
5100542,electronics.clocks,wonlex,46.31,2,0,0.0,0.0
3800705,appliances.iron,braun,37.32,2,0,0.0,0.0
3200144,appliances.kitchen.meat_grinder,panasonic,143.84,2,0,0.0,0.0
28714375,apparel.shoes.keds,nike,144.12,2,0,0.0,0.0
28716428,apparel.shoes,respect,128.45,2,0,0.0,0.0
1801590,electronics.video.tv,sony,607.22,2,0,0.0,0.0
6301716,appliances.kitchen.kettle,redmond,61.75,2,0,0.0,0.0
3801223,appliances.iron,polti,190.22,2,0,0.0,0.0
3801096,appliances.iron,vitek,19.09,2,0,0.0,0.0
3900642,appliances.environment.water_heater,ariston,138.97,2,0,0.0,0.0
4804303,electronics.audio.headphone,sony,6.15,2,0,0.0,0.0
28716494,apparel.shoes,respect,89.84,2,0,0.0,0.0
1307433,computers.notebook,lenovo,382.96,2,0,0.0,0.0
3200279,appliances.kitchen.meat_grinder,moulinex,143.56,2,0,0.0,0.0
1306299,computers.notebook,hp,799.48,2,0,0.0,0.0
28719184,apparel.shoes,rieker,97.3,2,0,0.0,0.0
28716950,apparel.shoes,nexpero,110.43,2,0,0.0,0.0
21407425,electronics.clocks,tissot,617.78,2,0,0.0,0.0
21403291,electronics.clocks,casio,43.24,2,0,0.0,0.0
28720878,apparel.shoes,romax,146.72,2,0,0.0,0.0
5701315,auto.accessories.player,ams,221.37,2,0,0.0,0.0
28719077,apparel.shoes,baden,82.63,2,0,0.0,0.0
2700283,appliances.kitchen.refrigerators,pozis,295.76,2,1,288.22,50.0
1307456,computers.notebook,hp,555.74,2,0,0.0,0.0
7005512,kids.carriage,alis,141.55,2,0,0.0,0.0
1801819,electronics.video.tv,toshiba,487.22,2,0,0.0,0.0
6800373,computers.components.hdd,transcend,72.84,2,0,0.0,0.0
4600656,appliances.kitchen.dishwasher,hansa,463.23,2,0,0.0,0.0
45600164,apparel.shoes.keds,nike,56.6,2,0,0.0,0.0
10900055,appliances.kitchen.mixer,scarlett,11.81,2,1,11.81,50.0
28716100,apparel.shoes,baden,82.63,2,0,0.0,0.0
6800691,computers.components.hdd,seagate,112.95,2,0,0.0,0.0
19100003,construction.tools.saw,bosch,307.99,2,0,0.0,0.0
5100409,electronics.clocks,garmin,542.05,2,0,0.0,0.0
4502613,appliances.kitchen.hob,candy,265.1,2,0,0.0,0.0
5000391,appliances.sewing_machine,elna,1019.11,2,0,0.0,0.0
1306380,computers.notebook,hp,694.74,2,0,0.0,0.0
28400317,accessories.bag,karya,133.85,2,0,0.0,0.0
7003577,kids.carriage,alis,128.68,2,0,0.0,0.0
1480233,computers.desktop,hp,331.03,2,0,0.0,0.0
29700027,accessories.umbrella,xiaomi,25.48,2,0,0.0,0.0
5700218,auto.accessories.player,alpine,187.65,2,0,0.0,0.0
6301569,appliances.kitchen.kettle,smeg,154.42,2,0,0.0,0.0
12300449,construction.tools.drill,dewalt,489.05,2,0,0.0,0.0
5800351,electronics.audio.subwoofer,hertz,66.41,2,0,0.0,0.0
1004090,electronics.smartphone,irbis,46.55,2,0,0.0,0.0
2500920,appliances.kitchen.oven,gorenje,386.08,2,0,0.0,0.0
6000244,auto.accessories.alarm,tec,271.82,2,0,0.0,0.0
6701056,computers.components.videocards,palit,264.85,2,0,0.0,0.0
4700409,auto.accessories.videoregister,neoline,229.91,2,0,0.0,0.0
1700718,computers.peripherals.monitor,acer,89.84,2,0,0.0,0.0
28714392,apparel.shoes.keds,nike,94.98,2,0,0.0,0.0
6000109,auto.accessories.alarm,starline,115.06,2,0,0.0,0.0
3101021,appliances.kitchen.blender,kitfort,65.98,2,0,0.0,0.0
6700805,computers.components.videocards,msi,530.0,2,0,0.0,0.0
8600036,appliances.environment.fan,elenberg,7.7,2,0,0.0,0.0
45500020,computers.notebook,trust,25.71,2,0,0.0,0.0
4700435,auto.accessories.videoregister,playme,205.17,2,0,0.0,0.0
28719522,apparel.shoes,respect,71.82,2,0,0.0,0.0
3800886,appliances.iron,polaris,26.39,2,0,0.0,0.0
9101254,computers.peripherals.mouse,defender,4.61,2,0,0.0,0.0
45500009,computers.notebook,deepcool,9.24,2,0,0.0,0.0
1306511,computers.notebook,hp,1029.37,2,0,0.0,0.0
28717969,apparel.shoes,rieker,86.23,2,0,0.0,0.0
6902346,furniture.living_room.chair,lorelli,67.95,2,0,0.0,0.0
1701356,computers.peripherals.monitor,asus,549.8,2,0,0.0,0.0
6301588,appliances.kitchen.kettle,bosch,123.53,2,0,0.0,0.0
2402856,appliances.kitchen.hood,oasis,56.63,2,0,0.0,0.0
28400305,accessories.bag,karya,50.19,2,0,0.0,0.0
28718148,apparel.shoes,baden,59.2,2,0,0.0,0.0
3700344,appliances.environment.vacuum,vitek,138.09,2,0,0.0,0.0
8800820,electronics.telephone,inoi,15.27,2,0,0.0,0.0
1307318,computers.notebook,hp,923.83,2,0,0.0,0.0
28716681,apparel.shoes,respect,120.72,2,0,0.0,0.0
9900408,electronics.video.projector,optoma,342.07,2,0,0.0,0.0
1003221,electronics.smartphone,nokia,128.43,2,0,0.0,0.0
4804433,electronics.audio.headphone,xiaomi,17.76,2,1,17.76,50.0
4600404,appliances.kitchen.dishwasher,electrolux,644.97,2,0,0.0,0.0
1201424,electronics.tablet,bq,68.19,2,0,0.0,0.0
13200700,furniture.bedroom.bed,redford,175.29,2,0,0.0,0.0
1306500,computers.notebook,hp,900.67,2,0,0.0,0.0
12201948,sport.bicycle,phoenix,128.13,2,0,0.0,0.0
28300476,accessories.wallet,karya,29.6,2,0,0.0,0.0
7005774,kids.carriage,alis,128.68,2,0,0.0,0.0
12202777,sport.bicycle,stark,484.41,2,0,0.0,0.0
2402969,appliances.kitchen.hood,haier,87.49,2,0,0.0,0.0
5801445,electronics.audio.subwoofer,kenwood,177.61,2,0,0.0,0.0
6301352,appliances.kitchen.kettle,elenberg,23.94,2,0,0.0,0.0
1801937,electronics.video.tv,sony,1544.13,2,0,0.0,0.0
4600646,appliances.kitchen.dishwasher,hotpoint-ariston,380.16,2,0,0.0,0.0
11700037,electronics.audio.acoustic,leem,592.04,2,0,0.0,0.0
4804578,electronics.audio.headphone,jbl,231.64,2,0,0.0,0.0
3801184,appliances.iron,braun,55.52,2,0,0.0,0.0
1307463,computers.notebook,msi,1866.65,2,0,0.0,0.0
28401323,accessories.bag,karya,95.24,2,0,0.0,0.0
6500123,computers.components.motherboard,gigabyte,45.9,2,0,0.0,0.0
28720774,apparel.shoes,burgerschuhe,115.06,2,0,0.0,0.0
2501908,appliances.kitchen.oven,dauscher,43.99,2,0,0.0,0.0
4501088,appliances.kitchen.hob,gefest,216.48,2,0,0.0,0.0
3801260,appliances.iron,redmond,28.26,2,0,0.0,0.0
5000573,appliances.sewing_machine,janome,102.68,2,0,0.0,0.0
6400284,computers.components.cpu,amd,153.27,2,0,0.0,0.0
6701107,computers.components.videocards,msi,448.92,2,0,0.0,0.0
13800084,furniture.bathroom.toilet,cersanit,66.15,2,0,0.0,0.0
4900414,appliances.kitchen.juicer,kitfort,175.99,2,0,0.0,0.0
5801043,electronics.audio.subwoofer,hertz,180.0,2,0,0.0,0.0
28716474,apparel.shoes,respect,128.45,2,0,0.0,0.0
3101024,appliances.kitchen.blender,redmond,92.64,2,0,0.0,0.0
6902877,furniture.living_room.chair,chicco,154.42,2,0,0.0,0.0
5801373,electronics.audio.subwoofer,morel,79.8,2,0,0.0,0.0
6600489,computers.components.memory,crucial,86.75,2,0,0.0,0.0
12600087,appliances.kitchen.grill,redmond,113.23,2,0,0.0,0.0
4900229,appliances.kitchen.juicer,smeg,694.97,2,0,0.0,0.0
51000037,appliances.environment.vacuum,makita,788.91,2,0,0.0,0.0
2800149,appliances.kitchen.refrigerators,atlantic,197.15,2,0,0.0,0.0
9100874,computers.peripherals.mouse,canyon,3.32,2,0,0.0,0.0
34900001,appliances.kitchen.grill,berghoff,111.95,2,0,0.0,0.0
3900218,appliances.environment.water_heater,garanterm,102.71,2,0,0.0,0.0
3200514,appliances.kitchen.meat_grinder,bosch,136.4,2,0,0.0,0.0
1480342,computers.desktop,hp,759.09,2,0,0.0,0.0
12100816,kids.skates,schreuders,38.61,2,0,0.0,0.0
1500454,computers.peripherals.printer,hp,125.97,2,0,0.0,0.0
2501079,appliances.kitchen.oven,bosch,822.93,2,0,0.0,0.0
3601354,appliances.kitchen.washer,renova,44.53,2,0,0.0,0.0
4900131,appliances.kitchen.juicer,bosch,177.84,2,0,0.0,0.0
9900454,electronics.video.projector,byintek,316.95,2,0,0.0,0.0
21406674,electronics.clocks,tissot,370.67,2,0,0.0,0.0
28400377,accessories.bag,karya,74.65,2,0,0.0,0.0
4803863,electronics.audio.headphone,marshall,169.12,2,0,0.0,0.0
28718454,apparel.shoes.keds,strobbs,64.61,2,0,0.0,0.0
4802160,electronics.audio.headphone,jbl,8.49,2,0,0.0,0.0
12301312,construction.tools.drill,bosch,211.07,2,0,0.0,0.0
19100326,construction.tools.saw,dewalt,188.52,2,0,0.0,0.0
4600543,appliances.kitchen.dishwasher,beko,511.95,2,0,0.0,0.0
4803945,electronics.audio.headphone,xiaomi,55.86,2,0,0.0,0.0
28719035,apparel.shoes,baden,62.81,2,0,0.0,0.0
3600905,appliances.kitchen.washer,evgo,106.8,2,0,0.0,0.0
5000090,appliances.sewing_machine,janome,114.23,2,0,0.0,0.0
14700133,furniture.living_room.cabinet,brw,509.92,2,0,0.0,0.0
18200021,electronics.audio.acoustic,samsung,364.06,2,0,0.0,0.0
28720450,apparel.shoes,crosby,39.1,2,0,0.0,0.0
3701329,appliances.environment.vacuum,gorenje,41.42,2,0,0.0,0.0
3801009,appliances.iron,scarlett,26.49,2,0,0.0,0.0
6301053,appliances.kitchen.kettle,tefal,66.9,2,0,0.0,0.0
1701287,computers.peripherals.monitor,acer,169.09,2,0,0.0,0.0
3700627,appliances.environment.vacuum,irobot,359.73,2,0,0.0,0.0
28716423,apparel.shoes,respect,86.23,2,0,0.0,0.0
4502653,appliances.kitchen.hob,haier,187.88,2,0,0.0,0.0
28718754,apparel.shoes,respect,113.0,2,0,0.0,0.0
7900424,furniture.kitchen.chair,selby,38.59,2,1,38.59,50.0
12301504,construction.tools.drill,dewalt,127.4,2,0,0.0,0.0
21404277,electronics.clocks,casio,24.45,2,0,0.0,0.0
1307226,computers.notebook,hp,463.07,2,0,0.0,0.0
3900860,appliances.environment.water_heater,ariston,94.5,2,0,0.0,0.0
19100195,construction.tools.saw,dwt,94.47,2,0,0.0,0.0
9500117,computers.peripherals.camera,ritmix,6.95,2,1,6.95,50.0
8700033,appliances.personal.hair_cutter,remington,34.72,2,0,0.0,0.0
28717663,apparel.shoes,greyder,115.83,2,0,0.0,0.0
3800538,appliances.iron,greentek,18.28,2,0,0.0,0.0
5701003,auto.accessories.player,pioneer,66.93,2,0,0.0,0.0
12202058,sport.bicycle,axis,90.09,2,0,0.0,0.0
18800007,auto.accessories.parktronic,parkmaster,123.56,2,0,0.0,0.0
14701507,furniture.living_room.cabinet,brw,318.15,2,0,0.0,0.0
16900084,furniture.kitchen.table,brw,194.6,2,0,0.0,0.0
21405225,electronics.clocks,armani,225.49,2,0,0.0,0.0
18800013,auto.accessories.parktronic,erisson,36.04,2,0,0.0,0.0
7101294,furniture.bedroom.bed,polini,231.64,2,0,0.0,0.0
28717882,apparel.shoes,cover,136.17,2,0,0.0,0.0
6201063,appliances.environment.air_heater,magnetta,24.97,2,0,0.0,0.0
28718016,apparel.shoes,respect,76.96,2,0,0.0,0.0
9500139,computers.peripherals.camera,logitech,709.67,2,0,0.0,0.0
30000006,construction.tools.welding,fubag,263.33,2,0,0.0,0.0
5800450,electronics.audio.subwoofer,alpine,48.62,2,0,0.0,0.0
18500018,electronics.tablet,wacom,141.32,2,0,0.0,0.0
27700712,construction.tools.pump,magnetta,151.68,2,0,0.0,0.0
30500023,country_yard.cultivator,huter,126.36,2,0,0.0,0.0
28715769,apparel.shoes,nexpero,68.21,2,0,0.0,0.0
19100034,construction.tools.saw,bosch,1164.25,2,0,0.0,0.0
2701403,appliances.kitchen.refrigerators,samsung,476.18,2,0,0.0,0.0
52900064,accessories.bag,stanley,7.31,2,0,0.0,0.0
1480498,computers.desktop,apple,2211.13,2,0,0.0,0.0
2701962,appliances.kitchen.refrigerators,midea,192.8,2,0,0.0,0.0
6902467,furniture.living_room.chair,siger,92.64,2,0,0.0,0.0
4802162,electronics.audio.headphone,jbl,14.65,2,0,0.0,0.0
45300022,kids.swing,joie,215.96,2,1,215.96,50.0
6200324,appliances.environment.air_heater,electrolux,72.05,2,0,0.0,0.0
22400129,electronics.audio.microphone,sennheiser,267.3,2,0,0.0,0.0
6301419,appliances.kitchen.kettle,tefal,74.36,2,0,0.0,0.0
1480478,computers.desktop,apple,1415.48,2,0,0.0,0.0
3601139,appliances.kitchen.washer,renova,84.94,2,0,0.0,0.0
10201210,kids.dolls,llorens,48.88,2,0,0.0,0.0
17000056,computers.desktop,dxracer,231.41,2,0,0.0,0.0
2402988,appliances.kitchen.hood,turbo,102.94,2,0,0.0,0.0
28720331,apparel.shoes.keds,reebok,118.15,2,0,0.0,0.0
3801035,appliances.iron,galaxy,23.14,2,0,0.0,0.0
2702469,appliances.kitchen.refrigerators,samsung,1698.86,2,0,0.0,0.0
1004693,electronics.smartphone,bq,140.26,2,0,0.0,0.0
22900079,furniture.bedroom.pillow,belashoff,15.44,2,0,0.0,0.0
3900537,appliances.environment.water_heater,ariston,123.04,2,0,0.0,0.0
5701044,auto.accessories.player,pioneer,100.39,2,0,0.0,0.0
28718995,apparel.shoes,baden,84.43,2,0,0.0,0.0
1801530,electronics.video.tv,lg,1106.82,2,0,0.0,0.0
4400141,appliances.kitchen.coffee_machine,delonghi,566.27,2,0,0.0,0.0
2701832,appliances.kitchen.refrigerators,bosch,608.88,2,0,0.0,0.0
2900576,appliances.kitchen.microwave,lg,173.72,2,0,0.0,0.0
6301744,appliances.kitchen.kettle,vitek,30.37,2,0,0.0,0.0
4600678,appliances.kitchen.dishwasher,electrolux,350.05,2,0,0.0,0.0
1480734,computers.desktop,pulser,1001.29,2,0,0.0,0.0
1700574,computers.peripherals.monitor,hp,1795.14,2,0,0.0,0.0
1306175,computers.notebook,acer,474.14,2,0,0.0,0.0
1307332,computers.notebook,hp,1322.81,2,0,0.0,0.0
1005255,electronics.smartphone,xiaomi,451.72,2,0,0.0,0.0
21400321,electronics.clocks,casio,132.05,2,0,0.0,0.0
5801156,electronics.audio.subwoofer,pioneer,42.21,2,0,0.0,0.0
14500008,appliances.kitchen.coffee_grinder,polaris,20.85,2,0,0.0,0.0
9101069,computers.peripherals.mouse,defender,5.61,2,0,0.0,0.0
6100261,auto.accessories.radar,sho-me,89.97,2,0,0.0,0.0
5800284,electronics.audio.subwoofer,morel,60.23,2,0,0.0,0.0
6200795,appliances.environment.air_heater,ballu,35.78,2,0,0.0,0.0
28714413,apparel.shoes,etor,100.39,2,0,0.0,0.0
21401314,electronics.clocks,casio,28.05,2,0,0.0,0.0
29100042,appliances.personal.massager,pangao,90.07,2,0,0.0,0.0
16200277,kids.fmcg.diapers,huggies,5.81,2,0,0.0,0.0
22900075,furniture.bedroom.pillow,belashoff,17.5,2,0,0.0,0.0
21411780,electronics.clocks,tissot,360.37,2,0,0.0,0.0
4802034,electronics.audio.headphone,awei,17.65,2,0,0.0,0.0
14300361,electronics.audio.music_tools.piano,m-audio,270.37,2,0,0.0,0.0
1003865,electronics.smartphone,samsung,123.19,2,0,0.0,0.0
12900363,stationery.cartrige,canon,6.9,2,0,0.0,0.0
3700913,appliances.environment.vacuum,vitek,128.68,2,0,0.0,0.0
5801388,electronics.audio.subwoofer,pioneer,162.17,2,0,0.0,0.0
3900949,appliances.environment.water_heater,thermex,87.49,2,0,0.0,0.0
6801005,computers.components.hdd,kingston,165.9,2,0,0.0,0.0
6400370,computers.components.cpu,intel,1468.09,2,0,0.0,0.0
28705515,apparel.shoes,respect,23.94,2,0,0.0,0.0
12300964,construction.tools.drill,milwaukee,248.43,2,0,0.0,0.0
28716472,apparel.shoes,respect,89.84,2,0,0.0,0.0
21409419,electronics.clocks,casio,268.99,2,0,0.0,0.0
42300077,furniture.living_room.cabinet,sv,46.31,2,0,0.0,0.0
21403909,electronics.clocks,orient,315.32,2,0,0.0,0.0
16200349,kids.fmcg.diapers,huggies,19.92,2,0,0.0,0.0
13201000,furniture.bedroom.bed,polini,308.86,2,0,0.0,0.0
4804277,electronics.audio.headphone,redragon,23.14,2,0,0.0,0.0
1802111,electronics.video.tv,blaupunkt,231.64,2,0,0.0,0.0
21401809,electronics.clocks,seiko,1389.74,2,0,0.0,0.0
7004547,kids.carriage,rant,69.47,2,0,0.0,0.0
11600435,computers.desktop,sven,51.46,2,0,0.0,0.0
28705258,apparel.shoes,respect,23.94,2,0,0.0,0.0
1003922,electronics.smartphone,huawei,127.13,2,0,0.0,0.0
28719254,apparel.shoes,rieker,99.1,2,0,0.0,0.0
28721308,apparel.shoes,rooman,64.61,2,0,0.0,0.0
3901179,appliances.environment.water_heater,haier,92.64,2,0,0.0,0.0
28718100,apparel.shoes.keds,respect,31.92,2,0,0.0,0.0
6601030,computers.components.memory,kingston,69.76,2,0,0.0,0.0
3701316,appliances.environment.vacuum,gorenje,53.26,2,0,0.0,0.0
2701928,appliances.kitchen.refrigerators,atlant,321.5,2,0,0.0,0.0
12400123,construction.tools.drill,alteco,76.71,2,0,0.0,0.0
12600077,appliances.kitchen.grill,vitek,41.16,2,0,0.0,0.0
21404326,electronics.clocks,citizen,127.67,2,0,0.0,0.0
4600647,appliances.kitchen.dishwasher,hotpoint-ariston,347.03,2,0,0.0,0.0
28712975,apparel.shoes,marcomen,100.65,2,0,0.0,0.0
48200031,apparel.dress,mltl,32.18,2,0,0.0,0.0
6700915,computers.components.videocards,asus,1524.11,2,0,0.0,0.0
1700322,computers.peripherals.monitor,aoc,64.09,2,0,0.0,0.0
3601104,appliances.kitchen.washer,indesit,373.21,2,0,0.0,0.0
17800687,computers.desktop,dxracer,360.34,2,0,0.0,0.0
9200595,computers.peripherals.keyboard,defender,17.83,2,0,0.0,0.0
1306980,computers.notebook,acer,500.89,2,0,0.0,0.0
3600418,appliances.kitchen.washer,atlant,207.96,2,0,0.0,0.0
4500107,appliances.kitchen.hob,samsung,307.28,2,0,0.0,0.0
28720426,apparel.shoes,baden,62.81,2,0,0.0,0.0
4600560,appliances.kitchen.dishwasher,beko,409.25,2,0,0.0,0.0
28718985,apparel.shoes,baden,64.61,2,0,0.0,0.0
9200381,computers.peripherals.keyboard,logitech,61.76,2,0,0.0,0.0
6200751,appliances.environment.air_heater,polaris,49.94,2,0,0.0,0.0
5100898,electronics.clocks,apple,643.26,2,0,0.0,0.0
2701042,appliances.kitchen.refrigerators,atlant,215.96,2,0,0.0,0.0
21400849,electronics.clocks,casio,172.72,2,0,0.0,0.0
7003254,kids.carriage,joie,109.91,2,0,0.0,0.0
28400749,accessories.bag,baden,32.18,2,0,0.0,0.0
6701111,computers.components.videocards,asus,195.95,2,0,0.0,0.0
16200444,kids.fmcg.diapers,manuoki,13.62,2,0,0.0,0.0
4700512,auto.accessories.videoregister,inspector,254.54,2,0,0.0,0.0
3100722,appliances.kitchen.blender,braun,84.92,2,0,0.0,0.0
12400468,construction.tools.drill,makita,263.88,2,0,0.0,0.0
9900157,electronics.video.projector,epson,835.25,2,0,0.0,0.0
5100363,electronics.clocks,wonlex,66.67,2,0,0.0,0.0
10201639,kids.dolls,barbie,36.01,2,0,0.0,0.0
6000220,auto.accessories.alarm,starline,864.89,2,0,0.0,0.0
3800896,appliances.iron,galaxy,22.11,2,0,0.0,0.0
4802453,electronics.audio.headphone,audio-technica,197.62,2,0,0.0,0.0
10201517,kids.dolls,llorens,51.46,2,0,0.0,0.0
2702273,appliances.kitchen.refrigerators,hitachi,2509.07,2,0,0.0,0.0
10900145,appliances.kitchen.mixer,philips,77.2,2,0,0.0,0.0
1005010,electronics.smartphone,xiaomi,142.86,2,0,0.0,0.0
21409417,electronics.clocks,casio,107.08,2,0,0.0,0.0
6201362,appliances.environment.air_heater,domasnijocag,17.99,2,0,0.0,0.0
3100740,appliances.kitchen.blender,galaxy,20.57,2,0,0.0,0.0
28704245,apparel.shoes.keds,adidas,122.53,2,0,0.0,0.0
4600364,appliances.kitchen.dishwasher,zanussi,349.28,2,0,0.0,0.0
3700555,appliances.environment.vacuum,karcher,334.37,2,0,0.0,0.0
5800986,electronics.audio.subwoofer,edge,77.22,2,0,0.0,0.0
6500636,computers.components.motherboard,asus,149.01,2,0,0.0,0.0
6301063,appliances.kitchen.kettle,tefal,38.59,2,0,0.0,0.0
1500429,computers.peripherals.printer,canon,180.16,2,0,0.0,0.0
2700197,appliances.kitchen.refrigerators,atlant,326.88,2,0,0.0,0.0
13800193,furniture.bathroom.toilet,sanita,72.44,2,0,0.0,0.0
6300351,appliances.kitchen.kettle,elenberg,33.44,2,0,0.0,0.0
21407338,electronics.clocks,tissot,792.81,2,0,0.0,0.0
9101156,computers.peripherals.mouse,defender,5.87,2,0,0.0,0.0
2701423,appliances.kitchen.refrigerators,haier,604.88,2,0,0.0,0.0
2702395,appliances.kitchen.refrigerators,artel,375.27,2,0,0.0,0.0
3800833,appliances.iron,tefal,184.02,2,0,0.0,0.0
16700035,furniture.kitchen.chair,sv,66.9,2,0,0.0,0.0
3100847,appliances.kitchen.blender,polaris,38.07,2,0,0.0,0.0
28721305,apparel.shoes,rooman,64.61,2,0,0.0,0.0
21409381,electronics.clocks,casio,26.77,2,0,0.0,0.0
4804352,electronics.audio.headphone,sony,167.29,2,0,0.0,0.0
28715867,apparel.shoes,respect,89.84,2,0,0.0,0.0
6200834,appliances.environment.air_heater,firman,195.3,2,0,0.0,0.0
28300467,accessories.wallet,karya,32.18,2,0,0.0,0.0
6200261,appliances.environment.air_heater,midea,60.23,2,0,0.0,0.0
11200532,appliances.personal.scales,scarlett,8.98,2,1,8.98,50.0
7002445,kids.carriage,dsland,565.1,2,0,0.0,0.0
28400747,accessories.bag,baden,46.08,2,0,0.0,0.0
1201574,electronics.tablet,apple,759.32,2,0,0.0,0.0
6801098,computers.components.hdd,apacer,62.04,2,1,62.04,50.0
2702237,appliances.kitchen.refrigerators,dauscher,175.01,2,0,0.0,0.0
1600580,computers.peripherals.printer,epson,668.97,2,0,0.0,0.0
4803189,electronics.audio.headphone,sony,38.35,2,0,0.0,0.0
4803643,electronics.audio.headphone,bose,310.15,2,0,0.0,0.0
13600068,furniture.bathroom.bath,cersanit,111.46,2,0,0.0,0.0
6000241,auto.accessories.alarm,starline,117.38,2,0,0.0,0.0
21401210,electronics.clocks,casio,52.25,2,0,0.0,0.0
6300288,appliances.kitchen.kettle,polaris,55.86,2,0,0.0,0.0
1480371,computers.desktop,lenovo,1059.54,2,0,0.0,0.0
8900915,kids.toys,ladida,36.04,2,0,0.0,0.0
5801545,electronics.audio.subwoofer,kicx,19.82,2,0,0.0,0.0
9200589,computers.peripherals.keyboard,genius,27.03,2,0,0.0,0.0
5600042,appliances.environment.air_heater,electrolux,84.68,2,0,0.0,0.0
11600027,computers.desktop,delux,21.59,2,0,0.0,0.0
21401448,electronics.clocks,casio,222.4,2,0,0.0,0.0
3100605,appliances.kitchen.blender,xiaomi,48.88,2,0,0.0,0.0
5000363,appliances.sewing_machine,janome,522.53,2,0,0.0,0.0
17000063,computers.desktop,trust,187.12,2,0,0.0,0.0
5800263,electronics.audio.subwoofer,alphard,92.67,2,0,0.0,0.0
9700107,computers.components.power_supply,thermaltake,112.58,2,0,0.0,0.0
28713439,apparel.shoes,baden,92.41,2,0,0.0,0.0
2501273,appliances.kitchen.oven,hansa,231.64,2,0,0.0,0.0
2900778,appliances.kitchen.microwave,bbk,66.9,2,0,0.0,0.0
6200691,appliances.environment.air_heater,oasis,31.35,2,0,0.0,0.0
39800001,apparel.shirt,dion,29.6,2,0,0.0,0.0
2300317,electronics.camera.video,zoom,167.31,2,0,0.0,0.0
13200149,furniture.bedroom.bed,brw,236.3,2,0,0.0,0.0
1480137,computers.desktop,neo,784.83,2,0,0.0,0.0
1307311,computers.notebook,hp,509.41,2,0,0.0,0.0
5100583,electronics.clocks,xiaomi,59.2,2,0,0.0,0.0
6800852,computers.components.hdd,apacer,23.14,2,0,0.0,0.0
1306140,computers.notebook,acer,875.16,2,0,0.0,0.0
1307148,computers.notebook,hp,1196.76,2,0,0.0,0.0
48200118,apparel.dress,mltl,39.9,2,0,0.0,0.0
28400060,accessories.bag,roncato,145.18,2,0,0.0,0.0
28400785,accessories.bag,picard,216.22,2,0,0.0,0.0
28703972,apparel.shoes.keds,nike,47.16,2,0,0.0,0.0
1801815,electronics.video.tv,irbis,136.4,2,0,0.0,0.0
1700527,computers.peripherals.monitor,samsung,316.35,2,0,0.0,0.0
6400222,computers.components.cpu,intel,217.5,2,0,0.0,0.0
11000056,appliances.kitchen.toster,bosch,102.94,2,0,0.0,0.0
4802759,electronics.audio.headphone,ritmix,11.27,2,0,0.0,0.0
8700090,appliances.personal.hair_cutter,panasonic,66.39,2,0,0.0,0.0
1801565,electronics.video.tv,sony,1340.83,2,0,0.0,0.0
4803765,electronics.audio.headphone,jbl,27.8,2,0,0.0,0.0
17200951,furniture.living_room.sofa,mebberi,1029.6,2,0,0.0,0.0
1307225,computers.notebook,dell,566.04,2,0,0.0,0.0
28712257,apparel.shoes,baden,82.63,2,0,0.0,0.0
29100065,appliances.personal.massager,gezatone,203.35,2,0,0.0,0.0
6500989,computers.components.motherboard,asrock,142.77,2,0,0.0,0.0
6800961,computers.components.hdd,kingston,89.22,2,0,0.0,0.0
1004981,electronics.smartphone,xiaomi,184.81,2,0,0.0,0.0
28717036,apparel.shoes.keds,strobbs,34.49,2,0,0.0,0.0
8800892,electronics.telephone,bq,22.0,2,0,0.0,0.0
2701971,appliances.kitchen.refrigerators,atlant,149.04,2,0,0.0,0.0
30000153,construction.tools.welding,magnetta,429.34,2,0,0.0,0.0
10200950,kids.dolls,simba,45.79,2,0,0.0,0.0
4400387,appliances.kitchen.coffee_machine,delonghi,157.07,2,0,0.0,0.0
6400263,computers.components.cpu,amd,140.03,2,0,0.0,0.0
1004774,electronics.smartphone,meizu,200.52,2,0,0.0,0.0
3601530,appliances.kitchen.washer,lg,746.45,2,0,0.0,0.0
52900096,accessories.bag,stanley,63.7,2,0,0.0,0.0
3601543,appliances.kitchen.washer,lg,651.91,2,0,0.0,0.0
8700225,appliances.personal.hair_cutter,remington,55.32,2,0,0.0,0.0
13200992,furniture.bedroom.bed,brw,227.03,2,0,0.0,0.0
11600388,computers.desktop,trust,72.11,2,0,0.0,0.0
13900071,construction.components.faucet,decoroom,15.01,2,0,0.0,0.0
10400393,kids.toys,rastar,32.15,2,0,0.0,0.0
28704332,apparel.shoes.keds,nike,200.78,2,0,0.0,0.0
5800380,electronics.audio.subwoofer,hertz,62.65,2,0,0.0,0.0
52300003,sport.snowboard,thule,208.5,2,0,0.0,0.0
4803639,electronics.audio.headphone,hyperx,100.35,2,0,0.0,0.0
49800010,accessories.bag,ritmix,5.13,2,0,0.0,0.0
2501514,appliances.kitchen.oven,luxell,168.08,2,0,0.0,0.0
28718186,apparel.shoes,salamander,102.71,2,0,0.0,0.0
30000076,construction.tools.welding,huter,110.66,2,0,0.0,0.0
28716921,apparel.shoes,respect,138.74,2,0,0.0,0.0
4803791,electronics.audio.headphone,jbl,102.71,2,0,0.0,0.0
4400406,appliances.kitchen.coffee_machine,galaxy,17.25,2,0,0.0,0.0
5100842,electronics.clocks,garmin,401.21,2,0,0.0,0.0
8700078,appliances.personal.hair_cutter,first,6.95,2,0,0.0,0.0
52300000,sport.snowboard,thule,290.87,2,0,0.0,0.0
1307364,computers.notebook,lenovo,424.46,2,0,0.0,0.0
3701274,appliances.environment.vacuum,miele,177.35,2,0,0.0,0.0
3701578,appliances.environment.vacuum,thomas,154.42,2,0,0.0,0.0
4803227,electronics.audio.headphone,jbl,16.45,2,0,0.0,0.0
28400688,accessories.bag,karya,95.24,2,0,0.0,0.0
28401053,accessories.bag,karya,100.39,2,0,0.0,0.0
4200878,appliances.environment.air_conditioner,midea,192.8,2,0,0.0,0.0
3801099,appliances.iron,philips,110.66,2,0,0.0,0.0
4803014,electronics.audio.headphone,sony,38.48,2,0,0.0,0.0
11300042,electronics.telephone,panasonic,27.0,2,0,0.0,0.0
3600748,appliances.kitchen.washer,samsung,423.41,2,0,0.0,0.0
28719305,apparel.shoes.keds,fila,102.71,2,0,0.0,0.0
1201399,electronics.tablet,apple,1389.74,2,0,0.0,0.0
21406647,electronics.clocks,tissot,1580.48,2,0,0.0,0.0
48200090,apparel.dress,mltl,32.18,2,0,0.0,0.0
28718455,apparel.shoes.keds,strobbs,64.61,2,1,51.22,50.0
9002557,kids.toys,softoy,12.02,2,0,0.0,0.0
1307490,computers.notebook,xiaomi,965.02,2,0,0.0,0.0
1700822,computers.peripherals.monitor,aoc,170.82,2,0,0.0,0.0
28705313,apparel.shoes,respect,23.17,2,0,0.0,0.0
4802214,electronics.audio.headphone,harper,5.12,2,0,0.0,0.0
28719015,apparel.shoes,rieker,85.46,2,0,0.0,0.0
3101064,appliances.kitchen.blender,philips,84.92,2,0,0.0,0.0
1307479,computers.notebook,lenovo,2486.52,2,0,0.0,0.0
4200959,appliances.environment.air_conditioner,samsung,1019.58,2,0,0.0,0.0
1307170,computers.notebook,hp,1214.93,2,0,0.0,0.0
4502292,appliances.kitchen.hob,electrolux,1740.04,2,0,0.0,0.0
1701302,computers.peripherals.monitor,samsung,447.86,2,0,0.0,0.0
9101361,computers.peripherals.mouse,defender,9.97,2,0,0.0,0.0
21400541,electronics.clocks,casio,81.86,2,0,0.0,0.0
6902388,furniture.living_room.chair,bambola,54.06,2,0,0.0,0.0
5801047,electronics.audio.subwoofer,hertz,304.87,2,0,0.0,0.0
3601230,appliances.kitchen.washer,shivaki,83.14,2,0,0.0,0.0
7006207,kids.carriage,hp,75.68,2,0,0.0,0.0
1201454,electronics.tablet,apple,733.33,2,0,0.0,0.0
13900089,construction.components.faucet,decoroom,27.46,2,0,0.0,0.0
5800646,electronics.audio.subwoofer,pioneer,25.74,2,0,0.0,0.0
45600139,apparel.shoes.keds,peak,59.18,2,0,0.0,0.0
28719636,apparel.shoes.keds,fassen,51.22,2,0,0.0,0.0
6400264,computers.components.cpu,amd,303.48,2,0,0.0,0.0
1004435,electronics.smartphone,samsung,257.41,2,0,0.0,0.0
1500261,computers.peripherals.printer,canon,187.34,2,0,0.0,0.0
1004311,electronics.smartphone,vertex,76.96,2,0,0.0,0.0
39800002,apparel.shirt,dion,29.6,2,0,0.0,0.0
1307161,computers.notebook,hp,640.27,2,0,0.0,0.0
52900129,accessories.bag,stayer,11.84,2,0,0.0,0.0
3601339,appliances.kitchen.washer,indesit,357.77,2,0,0.0,0.0
13200293,furniture.bedroom.bed,brw,77.99,2,0,0.0,0.0
26900041,sport.trainer,housefit,157.23,2,0,0.0,0.0
10900277,appliances.kitchen.mixer,scarlett,15.19,2,0,0.0,0.0
3200400,appliances.kitchen.meat_grinder,moulinex,64.33,2,0,0.0,0.0
13200688,furniture.bedroom.bed,sv,214.68,2,0,0.0,0.0
4501431,appliances.kitchen.hob,bosch,249.4,2,0,0.0,0.0
10201152,kids.dolls,llorens,41.26,2,0,0.0,0.0
14700204,furniture.living_room.cabinet,fant-mebel,282.89,2,0,0.0,0.0
7900759,furniture.kitchen.chair,chicco,274.63,2,0,0.0,0.0
3901180,appliances.environment.water_heater,haier,84.92,2,0,0.0,0.0
28718036,apparel.shoes.keds,millionaire,79.02,2,0,0.0,0.0
28719653,apparel.shoes,respect,79.02,2,0,0.0,0.0
2501228,appliances.kitchen.oven,luxell,38.01,2,0,0.0,0.0
1480155,computers.desktop,neo,985.61,2,0,0.0,0.0
3200355,appliances.kitchen.meat_grinder,gorenje,59.57,2,0,0.0,0.0
1307250,computers.notebook,msi,2254.75,2,1,2249.0,50.0
21405245,electronics.clocks,armani,210.82,2,0,0.0,0.0
28716595,apparel.shoes,baden,53.8,2,0,0.0,0.0
6701185,computers.components.videocards,palit,182.64,2,0,0.0,0.0
3100363,appliances.kitchen.blender,saturn,8.98,2,0,0.0,0.0
48200444,apparel.dress,noppies,64.87,2,0,0.0,0.0
28721453,apparel.shoes.keds,reebok,108.09,2,0,0.0,0.0
8902753,kids.toys,steppuzzle,35.78,2,0,0.0,0.0
3800851,appliances.iron,philips,592.01,2,0,0.0,0.0
1306666,computers.notebook,hp,774.02,2,0,0.0,0.0
9002669,kids.toys,gulliver,11.85,2,0,0.0,0.0
10400534,kids.toys,rastar,13.1,2,0,0.0,0.0
5800939,electronics.audio.subwoofer,alphard,44.59,2,0,0.0,0.0
12300844,construction.tools.drill,kolner,47.67,2,0,0.0,0.0
7101858,furniture.bedroom.bed,caramelia,128.68,2,0,0.0,0.0
11600404,computers.desktop,microlab,132.95,2,0,0.0,0.0
3101044,appliances.kitchen.blender,braun,144.12,2,0,0.0,0.0
28716453,apparel.shoes,respect,123.3,2,0,0.0,0.0
7101898,furniture.bedroom.bed,lorelli,53.0,2,0,0.0,0.0
5800669,electronics.audio.subwoofer,kicx,32.18,2,0,0.0,0.0
12301261,construction.tools.drill,milwaukee,258.89,2,0,0.0,0.0
6400161,computers.components.cpu,intel,418.03,2,0,0.0,0.0
5100624,electronics.clocks,apple,553.17,2,0,0.0,0.0
3100172,appliances.kitchen.blender,redmond,38.61,2,1,38.61,50.0
4700554,auto.accessories.videoregister,neoline,372.93,2,0,0.0,0.0
21404670,electronics.clocks,orient,114.55,2,0,0.0,0.0
28706006,apparel.shoes,respect,30.89,2,0,0.0,0.0
9200607,computers.peripherals.keyboard,defender,9.24,2,0,0.0,0.0
6902792,furniture.living_room.chair,simpleparenting,383.54,2,0,0.0,0.0
1480036,computers.desktop,apple,1775.85,2,0,0.0,0.0
28711860,apparel.shoes.keds,tuffoni,91.89,2,0,0.0,0.0
1003931,electronics.smartphone,texet,67.18,2,0,0.0,0.0
12300483,construction.tools.drill,crown,55.09,2,0,0.0,0.0
1005013,electronics.smartphone,inoi,73.22,2,0,0.0,0.0
1801724,electronics.video.tv,tcl,195.37,1,0,0.0,0.0
3900746,appliances.environment.water_heater,haier,102.38,1,0,0.0,0.0
28718079,apparel.shoes.keds,respect,66.67,1,0,0.0,0.0
1307274,computers.notebook,hp,1466.96,1,0,0.0,0.0
10201168,kids.dolls,llorens,57.89,1,0,0.0,0.0
55700023,apparel.trousers,persona,167.31,1,0,0.0,0.0
1306073,computers.notebook,hp,874.93,1,0,0.0,0.0
2702635,appliances.kitchen.refrigerators,electrolux,1848.16,1,0,0.0,0.0
21411062,electronics.clocks,romanson,122.01,1,0,0.0,0.0
28300811,accessories.wallet,picard,63.06,1,0,0.0,0.0
1802120,electronics.video.tv,artel,233.98,1,0,0.0,0.0
28400552,accessories.bag,picard,90.09,1,0,0.0,0.0
6600125,computers.components.memory,zeppelin,28.57,1,0,0.0,0.0
9101345,computers.peripherals.mouse,logitech,72.13,1,0,0.0,0.0
57300037,apparel.shirt,jordan,102.71,1,0,0.0,0.0
28721793,apparel.shoes.keds,nike,102.71,1,0,0.0,0.0
3100485,appliances.kitchen.blender,smeg,263.52,1,0,0.0,0.0
4600495,appliances.kitchen.dishwasher,smeg,747.32,1,0,0.0,0.0
10400602,kids.toys,maisto,25.71,1,0,0.0,0.0
9200668,computers.peripherals.keyboard,delux,48.14,1,0,0.0,0.0
21411280,electronics.clocks,bomberg,1706.61,1,0,0.0,0.0
1701472,computers.peripherals.monitor,msi,373.51,1,0,0.0,0.0
6400199,computers.components.cpu,amd,275.17,1,0,0.0,0.0
8902689,kids.toys,playmates,43.24,1,0,0.0,0.0
6400306,computers.components.cpu,amd,229.07,1,0,0.0,0.0
1480762,computers.desktop,lenovo,2007.45,1,0,0.0,0.0
6301563,appliances.kitchen.kettle,galaxy,14.67,1,0,0.0,0.0
14701886,furniture.living_room.cabinet,imperial,171.15,1,0,0.0,0.0
6301977,appliances.kitchen.kettle,smile,14.21,1,0,0.0,0.0
13600140,furniture.bathroom.bath,santek,225.33,1,0,0.0,0.0
3100694,appliances.kitchen.blender,bene,25.87,1,0,0.0,0.0
45300002,kids.swing,pituso,177.61,1,0,0.0,0.0
4600679,appliances.kitchen.dishwasher,electrolux,602.31,1,0,0.0,0.0
12301041,construction.tools.drill,bosch,203.66,1,0,0.0,0.0
21407048,electronics.clocks,longines,2254.88,1,0,0.0,0.0
1480528,computers.desktop,pulser,393.81,1,0,0.0,0.0
7004538,kids.carriage,rant,46.31,1,0,0.0,0.0
22400085,electronics.audio.microphone,trust,4.35,1,0,0.0,0.0
1306332,computers.notebook,hp,514.56,1,0,0.0,0.0
21409729,electronics.clocks,zeppelin,553.42,1,0,0.0,0.0
17800308,computers.desktop,chairman,267.19,1,0,0.0,0.0
8400191,apparel.sock,quinny,166.03,1,0,0.0,0.0
21407760,electronics.clocks,mido,998.74,1,0,0.0,0.0
13600089,furniture.bathroom.bath,cersanit,204.9,1,0,0.0,0.0
45601464,apparel.shoes,babybotte,30.63,1,0,0.0,0.0
6601066,computers.components.memory,adata,154.19,1,0,0.0,0.0
6300051,appliances.kitchen.kettle,panasonic,88.84,1,0,0.0,0.0
1004352,electronics.smartphone,bq,71.32,1,0,0.0,0.0
4800584,electronics.audio.headphone,samsung,38.02,1,0,0.0,0.0
6500776,computers.components.motherboard,msi,374.4,1,0,0.0,0.0
4802276,electronics.audio.headphone,sony,239.36,1,0,0.0,0.0
1306725,computers.notebook,lenovo,740.21,1,0,0.0,0.0
4803016,electronics.audio.headphone,sony,38.59,1,0,0.0,0.0
12202032,sport.bicycle,trek,950.86,1,0,0.0,0.0
23700088,furniture.bedroom.blanket,arua,205.41,1,0,0.0,0.0
16700418,furniture.kitchen.chair,signal,151.79,1,0,0.0,0.0
22900053,furniture.bedroom.pillow,belashoff,46.33,1,0,0.0,0.0
28400793,accessories.bag,picard,36.04,1,0,0.0,0.0
28401077,accessories.bag,respect,46.59,1,0,0.0,0.0
9101643,computers.peripherals.mouse,msi,52.77,1,0,0.0,0.0
2900828,appliances.kitchen.microwave,candy,75.93,1,0,0.0,0.0
28717088,apparel.shoes.keds,puma,100.13,1,0,0.0,0.0
6400317,computers.components.cpu,intel,1220.79,1,0,0.0,0.0
1004547,electronics.smartphone,honor,280.61,1,0,0.0,0.0
2702526,appliances.kitchen.refrigerators,dauscher,90.07,1,0,0.0,0.0
28717457,apparel.shoes.keds,respect,61.01,1,0,0.0,0.0
12202154,sport.bicycle,racer,112.49,1,0,0.0,0.0
16800300,furniture.kitchen.table,aero,360.37,1,0,0.0,0.0
16800308,furniture.kitchen.table,aero,489.07,1,0,0.0,0.0
1306071,computers.notebook,asus,283.12,1,0,0.0,0.0
8902015,kids.toys,chicco,11.81,1,0,0.0,0.0
3701326,appliances.environment.vacuum,stihl,435.02,1,0,0.0,0.0
21406232,electronics.clocks,versace,820.61,1,0,0.0,0.0
21409725,electronics.clocks,zeppelin,393.83,1,0,0.0,0.0
6701101,computers.components.videocards,msi,231.92,1,0,0.0,0.0
28300143,accessories.wallet,petek,50.45,1,0,0.0,0.0
17900123,construction.tools.generator,huter,321.48,1,0,0.0,0.0
4700405,auto.accessories.videoregister,blackvue,354.57,1,0,0.0,0.0
11200476,appliances.personal.scales,unit,14.39,1,0,0.0,0.0
1003807,electronics.smartphone,irbis,65.77,1,0,0.0,0.0
28300308,accessories.wallet,karya,38.61,1,0,0.0,0.0
5100711,electronics.clocks,aimoto,46.59,1,0,0.0,0.0
1005092,electronics.smartphone,tecno,118.15,1,0,0.0,0.0
12301555,construction.tools.drill,graphite,94.02,1,0,0.0,0.0
11000055,appliances.kitchen.toster,kenwood,79.77,1,0,0.0,0.0
19100404,construction.tools.saw,graphite,106.08,1,0,0.0,0.0
3700682,appliances.environment.vacuum,philips,200.75,1,0,0.0,0.0
10201474,kids.dolls,gulliver,37.07,1,0,0.0,0.0
11600040,computers.desktop,microlab,28.7,1,0,0.0,0.0
5100672,electronics.clocks,garmin,364.55,1,0,0.0,0.0
14701515,furniture.living_room.cabinet,brw,115.58,1,0,0.0,0.0
52900136,accessories.bag,stanley,17.23,1,0,0.0,0.0
28708452,apparel.shoes.moccasins,spur,20.85,1,0,0.0,0.0
21401475,electronics.clocks,casio,44.02,1,0,0.0,0.0
21407840,electronics.clocks,casio,17.25,1,0,0.0,0.0
16700778,furniture.kitchen.chair,listvig,38.61,1,0,0.0,0.0
11200219,appliances.personal.scales,tefal,30.86,1,0,0.0,0.0
28401098,accessories.bag,omabelle,205.93,1,0,0.0,0.0
28400820,accessories.bag,coccinelle,265.64,1,0,0.0,0.0
5000149,appliances.sewing_machine,bernina,338.29,1,0,0.0,0.0
18300875,accessories.bag,roncato,166.28,1,0,0.0,0.0
6300161,appliances.kitchen.kettle,hotpoint-ariston,51.48,1,0,0.0,0.0
4600334,appliances.kitchen.dishwasher,samsung,452.07,1,0,0.0,0.0
9100142,computers.peripherals.mouse,logitech,82.34,1,0,0.0,0.0
29100018,appliances.personal.massager,aeg,38.89,1,0,0.0,0.0
28400772,accessories.bag,baden,53.8,1,0,0.0,0.0
3100560,appliances.kitchen.blender,braun,72.05,1,0,0.0,0.0
1004097,electronics.smartphone,texet,115.61,1,0,0.0,0.0
2402998,appliances.kitchen.hood,turbo,56.6,1,1,56.6,100.0
6700613,computers.components.videocards,msi,1271.56,1,0,0.0,0.0
12400091,construction.tools.drill,makita,170.19,1,0,0.0,0.0
1801831,electronics.video.tv,shivaki,220.57,1,0,0.0,0.0
8700315,appliances.personal.hair_cutter,galaxy,14.16,1,0,0.0,0.0
14100416,electronics.audio.acoustic,caraya,120.98,1,0,0.0,0.0
12201513,sport.bicycle,giant,411.59,1,0,0.0,0.0
18900027,electronics.camera.photo,sony,304.52,1,0,0.0,0.0
4502327,appliances.kitchen.hob,gorenje,355.2,1,0,0.0,0.0
8902478,kids.toys,vulli,22.64,1,0,0.0,0.0
1307066,computers.notebook,lenovo,1705.23,1,0,0.0,0.0
14700089,furniture.living_room.cabinet,sv,231.64,1,0,0.0,0.0
30900813,computers.components.cooler,thermaltake,28.65,1,0,0.0,0.0
30900118,computers.components.cooler,deepcool,36.55,1,0,0.0,0.0
9001985,kids.toys,gulliver,12.87,1,0,0.0,0.0
1480687,computers.desktop,acer,506.32,1,0,0.0,0.0
3100546,appliances.kitchen.blender,braun,144.12,1,0,0.0,0.0
18500076,electronics.tablet,huion,150.84,1,0,0.0,0.0
28714847,apparel.shoes.keds,escan,51.22,1,0,0.0,0.0
28718931,apparel.shoes.keds,nexpero,118.15,1,0,0.0,0.0
4803531,electronics.audio.headphone,panasonic,4.56,1,0,0.0,0.0
6801319,computers.components.hdd,gigabyte,226.02,1,0,0.0,0.0
1306669,computers.notebook,acer,798.22,1,0,0.0,0.0
28718607,apparel.shoes,respect,128.45,1,0,0.0,0.0
9100322,computers.peripherals.mouse,logitech,17.99,1,0,0.0,0.0
3900945,appliances.environment.water_heater,klima,97.79,1,0,0.0,0.0
27700626,construction.tools.pump,pedrollo,681.59,1,0,0.0,0.0
9200575,computers.peripherals.keyboard,harper,32.41,1,0,0.0,0.0
12300972,construction.tools.drill,milwaukee,321.65,1,0,0.0,0.0
31800005,sport.trainer,leco,175.83,1,0,0.0,0.0
8901830,kids.toys,fisher-price,26.47,1,0,0.0,0.0
2800595,appliances.kitchen.refrigerators,dauscher,257.36,1,0,0.0,0.0
1306316,computers.notebook,apple,1621.41,1,0,0.0,0.0
3800545,appliances.iron,braun,190.46,1,0,0.0,0.0
28715952,apparel.shoes,etor,108.11,1,0,0.0,0.0
3801060,appliances.iron,braun,411.83,1,0,0.0,0.0
4501111,appliances.kitchen.hob,mbs,112.98,1,0,0.0,0.0
1500219,computers.peripherals.printer,ricoh,90.07,1,0,0.0,0.0
1004198,electronics.smartphone,nokia,101.65,1,0,0.0,0.0
28719059,apparel.shoes,baden,77.22,1,0,0.0,0.0
6902630,furniture.living_room.chair,joie,111.46,1,0,0.0,0.0
11700326,electronics.audio.acoustic,krk,362.69,1,0,0.0,0.0
28715633,apparel.shoes.keds,peak,114.52,1,0,0.0,0.0
5800967,electronics.audio.subwoofer,kicx,67.96,1,0,0.0,0.0
7005775,kids.carriage,alis,128.68,1,0,0.0,0.0
4804216,electronics.audio.headphone,xiaomi,8.19,1,0,0.0,0.0
21400646,electronics.clocks,orient,200.78,1,0,0.0,0.0
28716488,apparel.shoes,respect,123.3,1,0,0.0,0.0
45601531,apparel.shoes,garvalin,72.07,1,0,0.0,0.0
6301832,appliances.kitchen.kettle,lumme,35.26,1,0,0.0,0.0
1004594,electronics.smartphone,irbis,73.66,1,0,0.0,0.0
6902829,furniture.living_room.chair,bertoni,63.06,1,0,0.0,0.0
22400090,electronics.audio.microphone,stagg,12.61,1,0,0.0,0.0
2700612,appliances.kitchen.refrigerators,indesit,416.92,1,0,0.0,0.0
5801497,electronics.audio.subwoofer,kicx,40.16,1,0,0.0,0.0
39900038,apparel.trousers,nike,69.47,1,0,0.0,0.0
16200475,kids.fmcg.diapers,insinse,28.23,1,0,0.0,0.0
8900696,kids.toys,bertoni,22.39,1,0,0.0,0.0
7005549,kids.carriage,joie,359.85,1,0,0.0,0.0
8900076,kids.toys,chicco,11.21,1,0,0.0,0.0
4800994,electronics.audio.headphone,global,5.12,1,0,0.0,0.0
6301256,appliances.kitchen.kettle,vitek,18.25,1,0,0.0,0.0
28720306,apparel.shoes.keds,reebok,84.69,1,0,0.0,0.0
18300301,accessories.bag,tucano,167.29,1,0,0.0,0.0
30000209,construction.tools.welding,fubag,114.8,1,0,0.0,0.0
4501179,appliances.kitchen.hob,electrolux,246.78,1,0,0.0,0.0
6300896,appliances.kitchen.kettle,panasonic,100.31,1,0,0.0,0.0
43300133,apparel.tshirt,nike,51.46,1,0,0.0,0.0
4802470,electronics.audio.headphone,panasonic,27.94,1,0,0.0,0.0
3601580,appliances.kitchen.washer,electrolux,620.32,1,0,0.0,0.0
1305855,computers.notebook,acer,180.16,1,0,0.0,0.0
28401067,accessories.bag,karya,100.39,1,0,0.0,0.0
5801667,electronics.audio.subwoofer,focal,148.4,1,0,0.0,0.0
28400351,accessories.bag,roncato,32.95,1,0,0.0,0.0
3601004,appliances.kitchen.washer,beko,266.91,1,0,0.0,0.0
6000277,auto.accessories.alarm,centurion,100.39,1,0,0.0,0.0
6500555,computers.components.motherboard,asus,102.71,1,0,0.0,0.0
6300254,appliances.kitchen.kettle,philips,38.59,1,0,0.0,0.0
4803553,electronics.audio.headphone,hoco,5.66,1,0,0.0,0.0
28401183,accessories.bag,karya,95.24,1,0,0.0,0.0
2900411,appliances.kitchen.microwave,gorenje,64.09,1,0,0.0,0.0
30000035,construction.tools.welding,edon,74.65,1,0,0.0,0.0
45601180,apparel.shoes,pablosky,59.2,1,0,0.0,0.0
4200480,appliances.environment.air_conditioner,almacom,1720.31,1,0,0.0,0.0
11200166,appliances.personal.scales,scarlett,7.7,1,0,0.0,0.0
6800229,appliances.kitchen.kettle,bosch,107.31,1,0,0.0,0.0
16700364,furniture.kitchen.chair,sv,25.71,1,0,0.0,0.0
6700332,computers.components.videocards,asus,434.77,1,0,0.0,0.0
21400466,electronics.clocks,casio,379.42,1,0,0.0,0.0
5801318,electronics.audio.subwoofer,aces,160.39,1,0,0.0,0.0
18900185,electronics.camera.photo,sony,630.02,1,0,0.0,0.0
5000808,appliances.sewing_machine,janome,531.83,1,0,0.0,0.0
28714713,apparel.shoes,escan,50.19,1,0,0.0,0.0
1305914,computers.notebook,acer,360.34,1,0,0.0,0.0
21405062,electronics.clocks,fossil,134.88,1,0,0.0,0.0
21407742,electronics.clocks,mido,1894.51,1,0,0.0,0.0
3700505,appliances.environment.vacuum,saturn,44.76,1,0,0.0,0.0
6301719,appliances.kitchen.kettle,redmond,56.6,1,0,0.0,0.0
2502073,appliances.kitchen.oven,dauscher,259.96,1,0,0.0,0.0
2900191,appliances.kitchen.microwave,gorenje,127.85,1,0,0.0,0.0
2502186,appliances.kitchen.oven,dauscher,257.64,1,0,0.0,0.0
4502545,appliances.kitchen.hob,kitfort,42.96,1,0,0.0,0.0
30900551,computers.components.cooler,nzxt,171.69,1,0,0.0,0.0
16700571,furniture.kitchen.chair,matrix,32.18,1,0,0.0,0.0
5800677,electronics.audio.subwoofer,kicx,39.9,1,0,0.0,0.0
21411141,electronics.clocks,casio,1127.44,1,0,0.0,0.0
28713775,apparel.shoes.sandals,greyder,64.35,1,0,0.0,0.0
30900361,computers.components.cooler,nzxt,137.82,1,0,0.0,0.0
21405486,electronics.clocks,skagen,248.14,1,0,0.0,0.0
21407288,electronics.clocks,rado,2574.07,1,0,0.0,0.0
2702108,appliances.kitchen.refrigerators,lg,746.26,1,0,0.0,0.0
6400332,computers.components.cpu,amd,110.94,1,0,0.0,0.0
28704519,apparel.shoes.moccasins,etor,92.67,1,0,0.0,0.0
1801973,electronics.video.tv,lg,1142.89,1,0,0.0,0.0
6100126,auto.accessories.radar,whistler,36.04,1,0,0.0,0.0
21401871,electronics.clocks,seiko,560.89,1,0,0.0,0.0
45600166,apparel.shoes.keds,nike,59.18,1,0,0.0,0.0
1306276,computers.notebook,lenovo,604.65,1,0,0.0,0.0
28718437,apparel.shoes.keds,strobbs,51.22,1,0,0.0,0.0
45601041,apparel.shoes,pablosky,37.32,1,0,0.0,0.0
17000019,computers.desktop,halmar,52.31,1,0,0.0,0.0
1802055,electronics.video.tv,rebus,337.28,1,0,0.0,0.0
28719491,apparel.shoes.keds,baden,59.2,1,0,0.0,0.0
2900580,appliances.kitchen.microwave,ava,76.16,1,0,0.0,0.0
1306266,computers.notebook,hp,342.09,1,0,0.0,0.0
21407370,electronics.clocks,casio,162.17,1,0,0.0,0.0
5801203,electronics.audio.subwoofer,hertz,809.21,1,0,0.0,0.0
35107551,apparel.underwear,milavitsa,21.9,1,0,0.0,0.0
19300016,appliances.ironing_board,philips,154.42,1,0,0.0,0.0
1500444,computers.peripherals.printer,epson,172.41,1,0,0.0,0.0
2900257,appliances.kitchen.microwave,panasonic,94.98,1,0,0.0,0.0
4802202,electronics.audio.headphone,sony,33.44,1,0,0.0,0.0
18300825,accessories.bag,deluxe,7.44,1,0,0.0,0.0
5100695,electronics.clocks,mykronoz,56.37,1,0,0.0,0.0
3701237,appliances.environment.vacuum,stihl,164.74,1,0,0.0,0.0
9000382,kids.toys,aurora,14.57,1,0,0.0,0.0
4804224,electronics.audio.headphone,remax,59.2,1,0,0.0,0.0
6200556,appliances.environment.air_heater,ballu,74.65,1,0,0.0,0.0
14300107,electronics.audio.music_tools.piano,casio,368.61,1,0,0.0,0.0
28720326,apparel.shoes.keds,nike,84.69,1,0,0.0,0.0
9200571,computers.peripherals.keyboard,logitech,231.64,1,0,0.0,0.0
6600812,computers.components.memory,zeppelin,40.28,1,0,0.0,0.0
52900094,accessories.bag,stanley,27.95,1,0,0.0,0.0
12300375,construction.tools.drill,dwt,75.16,1,0,0.0,0.0
4502541,appliances.kitchen.hob,gorenje,386.08,1,0,0.0,0.0
4700199,auto.accessories.videoregister,inspector,175.01,1,0,0.0,0.0
28718867,apparel.shoes,rieker,123.3,1,0,0.0,0.0
9100655,computers.peripherals.mouse,defender,4.45,1,0,0.0,0.0
2501061,appliances.kitchen.oven,darina,195.42,1,0,0.0,0.0
13901352,construction.components.faucet,grohe,92.23,1,0,0.0,0.0
13900837,construction.components.faucet,grohe,106.64,1,0,0.0,0.0
6801237,computers.components.hdd,transcend,68.73,1,0,0.0,0.0
12301005,construction.tools.drill,metabo,136.89,1,0,0.0,0.0
6700868,computers.components.videocards,asus,884.8,1,0,0.0,0.0
52900039,accessories.bag,stanley,76.94,1,0,0.0,0.0
2402283,appliances.kitchen.hood,elikor,181.47,1,0,0.0,0.0
18800048,auto.accessories.parktronic,parkmaster,82.37,1,0,0.0,0.0
7006033,kids.carriage,cybex,352.62,1,0,0.0,0.0
21408731,electronics.clocks,casio,36.04,1,0,0.0,0.0
3900864,appliances.environment.water_heater,oasis,67.6,1,0,0.0,0.0
21408792,electronics.clocks,orient,210.3,1,0,0.0,0.0
27701155,construction.tools.pump,metabo,1224.38,1,0,0.0,0.0
3200479,appliances.kitchen.meat_grinder,scarlett,48.65,1,0,0.0,0.0
21402039,electronics.clocks,orient,194.34,1,0,0.0,0.0
28713040,apparel.shoes,legre,90.35,1,0,0.0,0.0
13902638,construction.components.faucet,omoikiri,229.94,1,0,0.0,0.0
27700050,construction.tools.pump,karcher,90.83,1,0,0.0,0.0
14500044,appliances.kitchen.coffee_grinder,redmond,48.86,1,0,0.0,0.0
4801024,electronics.audio.headphone,edifier,5.12,1,0,0.0,0.0
22900073,furniture.bedroom.pillow,belashoff,37.32,1,0,0.0,0.0
28715670,apparel.shoes,greyder,90.09,1,0,0.0,0.0
12100727,kids.skates,globber,56.37,1,0,0.0,0.0
6400342,computers.components.cpu,amd,44.51,1,0,0.0,0.0
12400470,construction.tools.drill,dwt,70.09,1,0,0.0,0.0
21407688,electronics.clocks,casio,67.18,1,0,0.0,0.0
45300075,kids.swing,nuna,256.63,1,0,0.0,0.0
9000200,computers.components.power_supply,aerocool,24.43,1,0,0.0,0.0
35200226,apparel.underwear,milavitsa,18.56,1,0,0.0,0.0
6600832,computers.components.memory,kingston,132.51,1,0,0.0,0.0
1500366,computers.peripherals.printer,epson,437.29,1,0,0.0,0.0
3801003,appliances.iron,philips,56.6,1,0,0.0,0.0
4802182,electronics.audio.headphone,marshall,46.08,1,0,0.0,0.0
3100750,appliances.kitchen.blender,polaris,66.13,1,0,0.0,0.0
4400346,appliances.kitchen.coffee_machine,galaxy,20.57,1,0,0.0,0.0
4501999,appliances.kitchen.hob,darina,102.94,1,0,0.0,0.0
3800510,appliances.iron,braun,270.25,1,0,0.0,0.0
9100918,computers.peripherals.mouse,delux,17.81,1,0,0.0,0.0
28704822,apparel.shoes.keds,greyder,82.37,1,0,0.0,0.0
2701743,appliances.kitchen.refrigerators,pozis,367.83,1,0,0.0,0.0
28719200,apparel.shoes,salamander,146.46,1,0,0.0,0.0
3200346,appliances.kitchen.meat_grinder,gorenje,86.68,1,0,0.0,0.0
25001615,furniture.universal.light,lidonet,59.18,1,0,0.0,0.0
21406415,electronics.clocks,diesel,293.44,1,0,0.0,0.0
21406513,electronics.clocks,armani,350.07,1,0,0.0,0.0
6501087,computers.components.motherboard,msi,55.45,1,0,0.0,0.0
6701127,computers.components.videocards,sapphire,398.72,1,0,0.0,0.0
52900067,accessories.bag,stanley,64.16,1,0,0.0,0.0
52900055,accessories.bag,stayer,31.4,1,0,0.0,0.0
52900065,accessories.bag,stanley,43.42,1,0,0.0,0.0
5801627,electronics.audio.subwoofer,edge,72.07,1,0,0.0,0.0
1306417,computers.notebook,asus,1106.59,1,0,0.0,0.0
6301723,appliances.kitchen.kettle,polaris,77.14,1,0,0.0,0.0
28714367,apparel.shoes.keds,adidas,102.94,1,0,0.0,0.0
4502240,appliances.kitchen.hob,dauscher,143.86,1,0,0.0,0.0
5700606,auto.accessories.player,mydean,231.67,1,0,0.0,0.0
25100298,construction.tools.light,eco,12.59,1,0,0.0,0.0
4600381,appliances.kitchen.dishwasher,gorenje,373.21,1,0,0.0,0.0
28716513,apparel.shoes,respect,89.84,1,0,0.0,0.0
5200143,computers.ebooks,pocketbook,102.71,1,0,0.0,0.0
13902423,construction.components.faucet,decoroom,22.56,1,0,0.0,0.0
11300019,electronics.telephone,panasonic,33.21,1,0,0.0,0.0
21410994,electronics.clocks,dkny,180.18,1,0,0.0,0.0
18900424,electronics.camera.photo,nikon,736.33,1,0,0.0,0.0
21401307,electronics.clocks,casio,54.31,1,0,0.0,0.0
48200033,apparel.dress,mltl,32.18,1,0,0.0,0.0
6300807,appliances.kitchen.kettle,bosch,53.05,1,0,0.0,0.0
28300482,accessories.wallet,karya,46.33,1,0,0.0,0.0
21410931,electronics.clocks,longines,1637.11,1,0,0.0,0.0
2402557,appliances.kitchen.hood,smeg,2183.48,1,0,0.0,0.0
28300657,accessories.wallet,petek,86.49,1,0,0.0,0.0
19100356,construction.tools.saw,bosch,1083.14,1,0,0.0,0.0
25001167,furniture.universal.light,lidonet,17.99,1,0,0.0,0.0
21400595,electronics.clocks,lorus,74.39,1,0,0.0,0.0
28715611,apparel.shoes.keds,fila,75.91,1,0,0.0,0.0
30000162,construction.tools.welding,magnetta,241.96,1,0,0.0,0.0
52900059,accessories.bag,stanley,16.15,1,0,0.0,0.0
28713637,apparel.shoes,ergo,91.38,1,0,0.0,0.0
52900063,accessories.bag,stanley,22.92,1,0,0.0,0.0
28711961,apparel.shoes,baratto,40.93,1,0,0.0,0.0
14700023,furniture.living_room.cabinet,brw,253.03,1,0,0.0,0.0
30901030,computers.components.cooler,aerocool,9.5,1,0,0.0,0.0
1005198,electronics.smartphone,inoi,54.03,1,0,0.0,0.0
4201467,appliances.environment.air_conditioner,gree,534.69,1,0,0.0,0.0
9200432,computers.peripherals.keyboard,logitech,90.06,1,0,0.0,0.0
3701327,appliances.environment.vacuum,vitek,51.46,1,0,0.0,0.0
1401651,computers.desktop,hp,967.76,1,0,0.0,0.0
52900053,accessories.bag,stanley,50.32,1,0,0.0,0.0
10900022,appliances.kitchen.mixer,moulinex,49.4,1,0,0.0,0.0
6000190,auto.accessories.alarm,starline,178.38,1,0,0.0,0.0
4700426,auto.accessories.videoregister,inspector,226.52,1,0,0.0,0.0
9101351,computers.peripherals.mouse,razer,54.03,1,0,0.0,0.0
9100524,computers.peripherals.mouse,razer,50.32,1,0,0.0,0.0
5801296,electronics.audio.subwoofer,focal,304.38,1,0,0.0,0.0
28400362,accessories.bag,petek,172.98,1,0,0.0,0.0
6000120,auto.accessories.alarm,starline,139.77,1,0,0.0,0.0
21409776,electronics.clocks,romanson,91.12,1,0,0.0,0.0
12900636,stationery.cartrige,hp,23.14,1,0,0.0,0.0
28704575,apparel.shoes,etor,100.39,1,0,0.0,0.0
28716593,apparel.shoes,baden,53.8,1,0,0.0,0.0
28718909,apparel.shoes.keds,nexpero,71.82,1,0,0.0,0.0
4700591,auto.accessories.videoregister,subini,162.17,1,0,0.0,0.0
5801248,electronics.audio.subwoofer,pride,90.09,1,0,0.0,0.0
21406479,electronics.clocks,armani,345.7,1,0,0.0,0.0
1304579,computers.notebook,acer,875.16,1,0,0.0,0.0
6700876,computers.components.videocards,palit,1384.72,1,0,0.0,0.0
9002435,kids.toys,ty,5.77,1,0,0.0,0.0
1201434,electronics.tablet,microsoft,1286.78,1,0,0.0,0.0
4803935,electronics.audio.headphone,akg,136.43,1,0,0.0,0.0
17800166,computers.desktop,aerocool,167.25,1,0,0.0,0.0
3900806,appliances.environment.water_heater,shivaki,108.15,1,0,0.0,0.0
5100630,electronics.clocks,polar,346.44,1,0,0.0,0.0
5700285,auto.accessories.player,alpine,102.96,1,0,0.0,0.0
28712615,apparel.shoes,respect,53.54,1,0,0.0,0.0
12201609,sport.bicycle,giant,643.26,1,0,0.0,0.0
6903001,furniture.living_room.chair,lorelli,55.59,1,0,0.0,0.0
4502037,appliances.kitchen.hob,electrolux,280.03,1,0,0.0,0.0
6300295,appliances.kitchen.kettle,kitchenaid,309.4,1,0,0.0,0.0
6701087,computers.components.videocards,evga,1465.93,1,0,0.0,0.0
21401655,electronics.clocks,casio,362.17,1,0,0.0,0.0
6801295,computers.components.hdd,seagate,429.9,1,0,0.0,0.0
1304962,computers.notebook,hp,1260.54,1,0,0.0,0.0
1201170,electronics.tablet,apple,658.7,1,0,0.0,0.0
3900757,appliances.environment.water_heater,oasis,199.46,1,0,0.0,0.0
21407153,electronics.clocks,tissot,288.3,1,0,0.0,0.0
21400598,electronics.clocks,orient,75.68,1,0,0.0,0.0
4802208,electronics.audio.headphone,koss,61.52,1,0,0.0,0.0
12300785,construction.tools.drill,metabo,468.3,1,0,0.0,0.0
5801182,electronics.audio.subwoofer,clarion,82.37,1,0,0.0,0.0
13600322,furniture.bathroom.bath,cersanit,241.87,1,0,0.0,0.0
13900782,construction.components.faucet,grohe,71.83,1,0,0.0,0.0
7005999,kids.carriage,bertoni,176.31,1,0,0.0,0.0
28400887,accessories.bag,moliabal,29.55,1,0,0.0,0.0
17800035,computers.desktop,dxracer,257.38,1,0,0.0,0.0
28401250,accessories.bag,karya,84.94,1,0,0.0,0.0
1801684,electronics.video.tv,sony,771.96,1,0,0.0,0.0
7006381,kids.carriage,bugaboo,646.04,1,0,0.0,0.0
17800398,computers.desktop,gamdias,185.31,1,0,0.0,0.0
45300023,kids.swing,joie,215.96,1,0,0.0,0.0
45601329,apparel.shoes,biomecanics,69.5,1,0,0.0,0.0
42800011,construction.tools.saw,metabo,208.3,1,0,0.0,0.0
3801194,appliances.iron,galaxy,25.48,1,0,0.0,0.0
28717936,apparel.shoes,cover,122.27,1,0,0.0,0.0
1801627,electronics.video.tv,samsung,797.94,1,0,0.0,0.0
2402763,appliances.kitchen.hood,akpo,98.44,1,0,0.0,0.0
28707605,apparel.shoes,respect,24.71,1,0,0.0,0.0
8901439,kids.toys,cubicfun,16.73,1,0,0.0,0.0
27700491,construction.tools.pump,pedrollo,299.88,1,0,0.0,0.0
2702003,appliances.kitchen.refrigerators,atlant,326.13,1,0,0.0,0.0
28719847,apparel.shoes,tesoro,47.34,1,0,0.0,0.0
27600213,country_yard.lawn_mower,huter,136.42,1,0,0.0,0.0
12300171,construction.tools.drill,hammer,30.5,1,0,0.0,0.0
28720415,apparel.shoes,salamander,96.78,1,0,0.0,0.0
19300097,appliances.ironing_board,jata,75.16,1,0,0.0,0.0
2500962,appliances.kitchen.oven,electrolux,462.89,1,0,0.0,0.0
21408831,electronics.clocks,boccia,211.07,1,0,0.0,0.0
21411276,electronics.clocks,versus,261.55,1,0,0.0,0.0
2701349,appliances.kitchen.refrigerators,atlant,427.27,1,0,0.0,0.0
6900212,furniture.living_room.chair,babygo,69.5,1,0,0.0,0.0
43300135,apparel.tshirt,nike,38.59,1,0,0.0,0.0
30000164,construction.tools.welding,magnetta,370.83,1,0,0.0,0.0
7101658,furniture.bedroom.bed,incanto,102.94,1,0,0.0,0.0
12202455,sport.bicycle,forward,223.94,1,0,0.0,0.0
42700003,auto.accessories.winch,denzel,573.14,1,0,0.0,0.0
4900000,appliances.kitchen.juicer,braun,128.68,1,0,0.0,0.0
6700553,computers.components.videocards,msi,144.92,1,0,0.0,0.0
21405289,electronics.clocks,armani,316.87,1,0,0.0,0.0
6201146,appliances.environment.air_heater,polaris,61.75,1,0,0.0,0.0
4803851,electronics.audio.headphone,havit,59.18,1,0,0.0,0.0
1304949,computers.notebook,apple,1745.32,1,0,0.0,0.0
4800725,electronics.audio.headphone,sony,8.21,1,0,0.0,0.0
9000178,computers.peripherals.keyboard,logitech,141.55,1,0,0.0,0.0
12202197,sport.bicycle,racer,215.96,1,0,0.0,0.0
21404073,electronics.clocks,orient,90.09,1,0,0.0,0.0
11200517,appliances.personal.scales,sakura,15.16,1,0,0.0,0.0
21400537,electronics.clocks,seiko,706.07,1,0,0.0,0.0
28713120,apparel.shoes,rieker,61.01,1,0,0.0,0.0
8700062,appliances.personal.hair_cutter,vitek,10.27,1,1,10.27,100.0
6500699,computers.components.motherboard,asrock,99.81,1,0,0.0,0.0
28717125,apparel.shoes.keds,respect,44.79,1,0,0.0,0.0
1701429,computers.peripherals.monitor,smart,69.5,1,0,0.0,0.0
28719471,apparel.shoes.keds,fassen,44.79,1,0,0.0,0.0
28713759,apparel.shoes.keds,nike,57.45,1,0,0.0,0.0
1802067,electronics.video.tv,samsung,1029.6,1,0,0.0,0.0
25100004,construction.tools.light,escada,33.93,1,0,0.0,0.0
3600760,appliances.kitchen.washer,indesit,187.88,1,0,0.0,0.0
2500662,appliances.kitchen.oven,smeg,460.75,1,0,0.0,0.0
3701341,appliances.environment.vacuum,philips,156.99,1,0,0.0,0.0
9200708,computers.peripherals.keyboard,hp,86.17,1,0,0.0,0.0
5800364,electronics.audio.subwoofer,kicx,79.8,1,0,0.0,0.0
30000142,construction.tools.welding,magnetta,96.82,1,0,0.0,0.0
12202659,sport.bicycle,micio,112.67,1,0,0.0,0.0
1480192,computers.desktop,lenovo,669.23,1,0,0.0,0.0
3701346,appliances.environment.vacuum,dyson,386.08,1,0,0.0,0.0
28718568,apparel.shoes.moccasins,etor,100.39,1,0,0.0,0.0
5000532,appliances.sewing_machine,bernina,209.79,1,0,0.0,0.0
13800368,furniture.bathroom.toilet,santek,90.43,1,0,0.0,0.0
12300162,construction.tools.drill,kolner,31.4,1,0,0.0,0.0
28708315,apparel.shoes.keds,strobbs,31.92,1,0,0.0,0.0
1801967,electronics.video.tv,lg,501.92,1,0,0.0,0.0
6600984,computers.components.memory,crucial,69.76,1,0,0.0,0.0
3100935,appliances.kitchen.blender,moulinex,142.85,1,0,0.0,0.0
39900032,apparel.trousers,jordan,77.2,1,0,0.0,0.0
5801215,electronics.audio.subwoofer,kicx,168.34,1,0,0.0,0.0
10201494,kids.dolls,gulliver,12.87,1,0,0.0,0.0
21403849,electronics.clocks,orient,93.44,1,0,0.0,0.0
21408376,electronics.clocks,tissot,669.26,1,0,0.0,0.0
4804252,electronics.audio.headphone,harper,2.81,1,0,0.0,0.0
1306423,computers.notebook,hp,849.19,1,0,0.0,0.0
18500015,electronics.tablet,wacom,277.74,1,0,0.0,0.0
28708124,apparel.shoes.keds,escan,30.63,1,0,0.0,0.0
21407403,electronics.clocks,tissot,648.67,1,0,0.0,0.0
12202808,sport.bicycle,stark,975.8,1,0,0.0,0.0
2702453,appliances.kitchen.refrigerators,dauscher,921.23,1,0,0.0,0.0
4600540,appliances.kitchen.dishwasher,beko,308.5,1,0,0.0,0.0
5800337,electronics.audio.subwoofer,jbl,211.07,1,0,0.0,0.0
12202133,sport.bicycle,scott,450.46,1,0,0.0,0.0
4803630,electronics.audio.headphone,logitech,154.42,1,0,0.0,0.0
6500229,computers.components.motherboard,biostar,48.01,1,0,0.0,0.0
28704730,apparel.shoes,greyder,72.07,1,0,0.0,0.0
25900017,computers.components.cooler,almacom,83.12,1,0,0.0,0.0
2501978,appliances.kitchen.oven,luxell,38.0,1,0,0.0,0.0
28704734,apparel.shoes,greyder,79.8,1,0,0.0,0.0
28713982,apparel.shoes,caprice,42.47,1,0,0.0,0.0
6600835,computers.components.memory,geil,43.24,1,0,0.0,0.0
28400786,accessories.bag,picard,270.28,1,0,0.0,0.0
1304859,computers.notebook,acer,764.5,1,0,0.0,0.0
13900961,construction.components.faucet,rubineta,28.99,1,0,0.0,0.0
21408444,electronics.clocks,tissot,319.18,1,0,0.0,0.0
4802961,electronics.audio.headphone,harper,20.57,1,0,0.0,0.0
21407858,electronics.clocks,mido,638.37,1,0,0.0,0.0
5800634,electronics.audio.subwoofer,morel,114.8,1,0,0.0,0.0
21402299,electronics.clocks,adriatica,242.22,1,0,0.0,0.0
21411263,electronics.clocks,edox,489.59,1,0,0.0,0.0
35108894,apparel.underwear,milavitsa,12.85,1,0,0.0,0.0
10400628,kids.toys,maisto,24.43,1,0,0.0,0.0
1701285,computers.peripherals.monitor,aoc,331.53,1,0,0.0,0.0
3701539,appliances.environment.vacuum,hoover,81.83,1,0,0.0,0.0
28714321,apparel.shoes.keds,puma,123.04,1,0,0.0,0.0
9700004,computers.components.power_supply,cougar,41.67,1,0,0.0,0.0
21404068,electronics.clocks,adriatica,189.71,1,0,0.0,0.0
35200400,apparel.underwear,milavitsa,9.2,1,0,0.0,0.0
28717174,apparel.shoes,baden,46.59,1,0,0.0,0.0
28401158,accessories.bag,karya,61.78,1,0,0.0,0.0
8800500,electronics.telephone,fly,31.13,1,0,0.0,0.0
4804251,electronics.audio.headphone,harper,2.81,1,0,0.0,0.0
35200101,apparel.underwear,milavitsa,14.83,1,0,0.0,0.0
28716036,apparel.shoes.keds,jordan,142.84,1,0,0.0,0.0
28705914,apparel.shoes.slipons,respect,35.78,1,1,35.78,100.0
28718452,apparel.shoes.keds,strobbs,84.69,1,0,0.0,0.0
3801186,appliances.iron,willmark,15.42,1,0,0.0,0.0
2701934,appliances.kitchen.refrigerators,atlant,339.75,1,0,0.0,0.0
45600803,apparel.shoes,pablosky,97.3,1,0,0.0,0.0
21408231,electronics.clocks,tissot,617.78,1,0,0.0,0.0
45601042,apparel.shoes,pablosky,37.32,1,0,0.0,0.0
2401450,appliances.kitchen.hood,oasis,43.24,1,0,0.0,0.0
17900041,construction.tools.generator,firman,779.79,1,0,0.0,0.0
28706973,apparel.shoes,rieker,42.21,1,0,0.0,0.0
28400545,accessories.bag,petek,170.27,1,0,0.0,0.0
14100343,electronics.audio.acoustic,fender,465.91,1,0,0.0,0.0
28400112,accessories.bag,roncato,141.32,1,0,0.0,0.0
9200416,computers.peripherals.keyboard,crown,15.19,1,0,0.0,0.0
9200271,computers.peripherals.keyboard,lenovo,72.38,1,0,0.0,0.0
28711421,apparel.shoes.slipons,spur,28.83,1,0,0.0,0.0
45601620,apparel.shoes,kapika,34.75,1,0,0.0,0.0
28708932,apparel.shoes.slipons,respect,51.22,1,0,0.0,0.0
2501834,appliances.kitchen.oven,gorenje,334.45,1,0,0.0,0.0
6500657,computers.components.motherboard,msi,298.26,1,0,0.0,0.0
28718988,apparel.shoes,baden,86.23,1,0,0.0,0.0
28300037,accessories.wallet,picard,68.21,1,0,0.0,0.0
1003052,electronics.smartphone,samsung,599.66,1,0,0.0,0.0
6301525,appliances.kitchen.kettle,galaxy,24.97,1,0,0.0,0.0
11300121,electronics.telephone,panasonic,71.79,1,0,0.0,0.0
4000005,construction.tools.generator,rowenta,164.71,1,0,0.0,0.0
3900659,appliances.environment.water_heater,ariston,140.13,1,0,0.0,0.0
9001276,kids.toys,ty,6.41,1,0,0.0,0.0
44400157,apparel.jeans,weekend,226.52,1,0,0.0,0.0
1201150,electronics.tablet,lenovo,154.32,1,0,0.0,0.0
8800842,electronics.telephone,texet,20.15,1,0,0.0,0.0
28720386,apparel.shoes,cover,153.67,1,0,0.0,0.0
1700182,computers.peripherals.monitor,philips,97.79,1,0,0.0,0.0
3200311,appliances.kitchen.meat_grinder,polaris,79.77,1,0,0.0,0.0
16200458,kids.fmcg.diapers,sweety,18.26,1,0,0.0,0.0
4803400,electronics.audio.headphone,jbl,84.76,1,0,0.0,0.0
3200470,appliances.kitchen.meat_grinder,maunfeld,79.77,1,0,0.0,0.0
28300527,accessories.wallet,petek,64.87,1,0,0.0,0.0
9200459,computers.peripherals.keyboard,asus,173.49,1,0,0.0,0.0
1307057,computers.notebook,apple,1583.05,1,0,0.0,0.0
4800671,electronics.audio.headphone,sony,15.19,1,0,0.0,0.0
4802560,electronics.audio.headphone,sony,90.69,1,0,0.0,0.0
3800571,appliances.iron,bork,200.75,1,0,0.0,0.0
21409286,electronics.clocks,casio,31.15,1,0,0.0,0.0
28711832,apparel.shoes,remonte,38.35,1,0,0.0,0.0
8800974,electronics.telephone,texet,12.9,1,0,0.0,0.0
23700029,furniture.bedroom.blanket,belashoff,45.05,1,0,0.0,0.0
8800491,electronics.telephone,nokia,25.71,1,0,0.0,0.0
28719442,apparel.shoes,baden,70.01,1,0,0.0,0.0
21407600,electronics.clocks,certina,375.81,1,0,0.0,0.0
21401709,electronics.clocks,casio,54.06,1,0,0.0,0.0
1002533,electronics.smartphone,apple,720.48,1,0,0.0,0.0
5801442,electronics.audio.subwoofer,blam,281.86,1,0,0.0,0.0
1307288,computers.notebook,hp,1479.83,1,0,0.0,0.0
3100388,appliances.kitchen.blender,vitek,17.99,1,0,0.0,0.0
3100533,appliances.kitchen.blender,vitek,14.9,1,0,0.0,0.0
28719371,apparel.shoes.slipons,tesoro,42.7,1,0,0.0,0.0
4501896,appliances.kitchen.hob,electrolux,282.81,1,0,0.0,0.0
3600929,appliances.kitchen.washer,atlantic,108.03,1,0,0.0,0.0
28712329,apparel.shoes,baden,75.42,1,0,0.0,0.0
3800994,appliances.iron,polaris,51.46,1,0,0.0,0.0
52900070,accessories.bag,stanley,41.21,1,0,0.0,0.0
5000099,appliances.sewing_machine,jaguar,98.33,1,0,0.0,0.0
28300580,accessories.wallet,petek,43.24,1,0,0.0,0.0
3701553,appliances.environment.vacuum,roborock,483.67,1,0,0.0,0.0
21411234,electronics.clocks,adriatica,237.84,1,0,0.0,0.0
8800810,electronics.telephone,bq,14.69,1,0,0.0,0.0
4801455,electronics.audio.headphone,sony,92.41,1,0,0.0,0.0
9101213,computers.peripherals.mouse,hp,12.84,1,0,0.0,0.0
25001513,furniture.universal.light,preciosa,2339.02,1,0,0.0,0.0
29600007,apparel.scarf,fabretti,25.48,1,0,0.0,0.0
4803604,electronics.audio.headphone,jbl,25.71,1,0,0.0,0.0
1480655,computers.desktop,dell,556.25,1,0,0.0,0.0
4501247,appliances.kitchen.hob,hotpoint-ariston,190.97,1,0,0.0,0.0
27700957,construction.tools.pump,leo,142.13,1,0,0.0,0.0
6000140,auto.accessories.alarm,starline,602.33,1,0,0.0,0.0
6301488,appliances.kitchen.kettle,polaris,22.49,1,0,0.0,0.0
9900439,electronics.video.projector,acer,461.79,1,0,0.0,0.0
43300130,apparel.tshirt,nike,45.02,1,0,0.0,0.0
4501574,appliances.kitchen.hob,midea,165.91,1,0,0.0,0.0
21407605,electronics.clocks,certina,417.0,1,0,0.0,0.0
13800085,furniture.bathroom.toilet,cersanit,91.12,1,0,0.0,0.0
17800160,computers.desktop,dxracer,411.83,1,0,0.0,0.0
2700913,appliances.kitchen.refrigerators,pozis,201.03,1,0,0.0,0.0
8801012,electronics.telephone,nobby,17.45,1,0,0.0,0.0
5100443,electronics.clocks,garmin,340.63,1,0,0.0,0.0
1700377,computers.peripherals.monitor,acer,84.92,1,0,0.0,0.0
16700634,furniture.kitchen.chair,domini,38.61,1,0,0.0,0.0
21409030,electronics.clocks,cover,201.29,1,0,0.0,0.0
4804008,electronics.audio.headphone,bluedio,87.52,1,0,0.0,0.0
1600590,computers.peripherals.printer,canon,208.84,1,0,0.0,0.0
3800239,appliances.iron,panasonic,35.84,1,0,0.0,0.0
2300163,electronics.camera.video,sjcam,86.23,1,0,0.0,0.0
11600226,computers.desktop,edifier,38.61,1,0,0.0,0.0
28719670,apparel.shoes,betsy,44.76,1,0,0.0,0.0
32900025,accessories.bag,prologic,33.75,1,0,0.0,0.0
9200590,computers.peripherals.keyboard,razer,262.3,1,0,0.0,0.0
3701223,appliances.environment.vacuum,dauscher,48.88,1,0,0.0,0.0
19200007,construction.tools.saw,bosch,97.52,1,0,0.0,0.0
52900022,accessories.bag,stanley,17.3,1,0,0.0,0.0
28711815,apparel.shoes,rieker,59.2,1,0,0.0,0.0
28704680,apparel.shoes.keds,greyder,90.09,1,0,0.0,0.0
8902101,kids.toys,chicco,57.4,1,0,0.0,0.0
22900062,furniture.bedroom.pillow,belashoff,64.35,1,0,0.0,0.0
21408808,electronics.clocks,roamer,335.14,1,0,0.0,0.0
17800161,computers.desktop,dxracer,411.83,1,0,0.0,0.0
6000208,auto.accessories.alarm,pandora,334.63,1,0,0.0,0.0
8700083,appliances.personal.hair_cutter,panasonic,41.06,1,0,0.0,0.0
1307319,computers.notebook,hp,905.81,1,0,0.0,0.0
2701540,appliances.kitchen.refrigerators,bosch,1287.01,1,0,0.0,0.0
4500785,appliances.kitchen.hob,simfer,236.79,1,0,0.0,0.0
21407082,electronics.clocks,jaguar,829.62,1,0,0.0,0.0
48200036,apparel.dress,mltl,32.18,1,0,0.0,0.0
3601578,appliances.kitchen.washer,midea,283.12,1,0,0.0,0.0
21409345,electronics.clocks,lg,168.86,1,0,0.0,0.0
4600337,appliances.kitchen.dishwasher,indesit,268.99,1,0,0.0,0.0
6701201,computers.components.videocards,gigabyte,643.26,1,0,0.0,0.0
1701456,computers.peripherals.monitor,lg,499.34,1,0,0.0,0.0
5800455,electronics.audio.subwoofer,nakamichi,27.03,1,0,0.0,0.0
4400572,appliances.kitchen.coffee_machine,kitfort,149.27,1,0,0.0,0.0
21405778,electronics.clocks,casio,347.76,1,0,0.0,0.0
28300574,accessories.wallet,petek,90.61,1,0,0.0,0.0
1307024,computers.notebook,dell,543.5,1,0,0.0,0.0
50600073,auto.accessories.compressor,fubag,480.32,1,0,0.0,0.0
49800016,accessories.bag,ritmix,6.73,1,0,0.0,0.0
1303237,computers.notebook,dell,1106.59,1,0,0.0,0.0
4802665,electronics.audio.headphone,sony,257.38,1,0,0.0,0.0
1801986,electronics.video.tv,lg,965.02,1,0,0.0,0.0
19200030,construction.tools.saw,makita,273.97,1,0,0.0,0.0
9002382,kids.toys,aurora,10.81,1,0,0.0,0.0
45600445,apparel.shoes,garvalin,64.35,1,0,0.0,0.0
6201151,appliances.environment.air_heater,hyundai,53.8,1,0,0.0,0.0
4201009,appliances.environment.air_conditioner,fantasia,276.24,1,0,0.0,0.0
40900016,construction.tools.painting,crown,36.14,1,0,0.0,0.0
14701356,furniture.living_room.cabinet,brw,107.08,1,0,0.0,0.0
6200892,appliances.environment.air_heater,midea,66.67,1,0,0.0,0.0
1307085,computers.notebook,lenovo,385.85,1,0,0.0,0.0
7101945,furniture.bedroom.bed,polini,136.4,1,0,0.0,0.0
2401661,appliances.kitchen.hood,beko,193.43,1,0,0.0,0.0
2700162,appliances.kitchen.refrigerators,atlant,298.56,1,0,0.0,0.0
2702278,appliances.kitchen.refrigerators,lg,737.1,1,0,0.0,0.0
21405271,electronics.clocks,fossil,180.18,1,0,0.0,0.0
3601465,appliances.kitchen.washer,electrolux,386.03,1,0,0.0,0.0
1401515,computers.desktop,apple,2316.64,1,0,0.0,0.0
6000008,auto.accessories.alarm,starline,257.41,1,0,0.0,0.0
5100252,electronics.clocks,misfit,257.38,1,0,0.0,0.0
12300847,construction.tools.drill,kolner,34.05,1,0,0.0,0.0
47500019,construction.tools.light,puckator,20.59,1,0,0.0,0.0
47500021,construction.tools.light,puckator,20.59,1,0,0.0,0.0
43300054,apparel.tshirt,harley-davidson,38.61,1,0,0.0,0.0
12400093,construction.tools.drill,makita,495.32,1,0,0.0,0.0
28719800,apparel.shoes.keds,etor,100.39,1,0,0.0,0.0
1201283,electronics.tablet,prestigio,64.09,1,0,0.0,0.0
9101154,computers.peripherals.mouse,defender,5.87,1,0,0.0,0.0
21411337,electronics.clocks,seiko,301.42,1,0,0.0,0.0
21400532,electronics.clocks,seiko,677.49,1,0,0.0,0.0
5801280,electronics.audio.subwoofer,morel,284.43,1,0,0.0,0.0
9200714,computers.peripherals.keyboard,rapoo,26.26,1,0,0.0,0.0
55000013,apparel.costume,jordan,190.46,1,0,0.0,0.0
21402790,electronics.clocks,casio,39.13,1,0,0.0,0.0
4502329,appliances.kitchen.hob,flama,83.9,1,0,0.0,0.0
9100606,computers.peripherals.mouse,crown,8.36,1,0,0.0,0.0
21410880,electronics.clocks,swatch,73.1,1,0,0.0,0.0
10201178,kids.dolls,llorens,37.97,1,0,0.0,0.0
4803831,electronics.audio.headphone,pioneer,115.83,1,0,0.0,0.0
21401621,electronics.clocks,casio,77.74,1,0,0.0,0.0
4900395,appliances.kitchen.juicer,scarlett,100.36,1,0,0.0,0.0
46800031,appliances.kitchen.refrigerators,coolfort,102.94,1,0,0.0,0.0
4700635,auto.accessories.videoregister,avel,208.5,1,0,0.0,0.0
18500049,electronics.tablet,wacom,648.41,1,0,0.0,0.0
12201297,sport.bicycle,racer,310.43,1,0,0.0,0.0
7004537,kids.carriage,rant,46.31,1,0,0.0,0.0
2702607,appliances.kitchen.refrigerators,candy,710.42,1,0,0.0,0.0
4700524,auto.accessories.videoregister,trendvision,146.58,1,0,0.0,0.0
2900733,appliances.kitchen.microwave,samsung,270.2,1,0,0.0,0.0
3701364,appliances.environment.vacuum,snowcap,34.04,1,0,0.0,0.0
28719527,apparel.shoes,respect,128.45,1,0,0.0,0.0
5000744,appliances.sewing_machine,leader,92.59,1,0,0.0,0.0
45600352,apparel.shoes,garvalin,64.35,1,0,0.0,0.0
6901744,furniture.living_room.chair,graco,148.52,1,0,0.0,0.0
2400347,appliances.kitchen.hood,gefest,57.66,1,0,0.0,0.0
18300606,accessories.bag,xiaomi,12.1,1,0,0.0,0.0
6902286,furniture.living_room.chair,joie,53.8,1,0,0.0,0.0
8902307,kids.toys,castorland,3.91,1,0,0.0,0.0
1701535,computers.peripherals.monitor,acer,197.95,1,0,0.0,0.0
14701414,furniture.living_room.cabinet,sv,409.28,1,0,0.0,0.0
28715435,apparel.shoes,rieker,76.19,1,0,0.0,0.0
28713632,apparel.shoes.moccasins,destra,37.58,1,0,0.0,0.0
2701935,appliances.kitchen.refrigerators,atlant,319.16,1,0,0.0,0.0
2300288,electronics.camera.video,panasonic,825.5,1,0,0.0,0.0
4802437,electronics.audio.headphone,steelseries,77.2,1,0,0.0,0.0
17900313,construction.tools.generator,fubag,1449.72,1,0,0.0,0.0
5801288,electronics.audio.subwoofer,audison,165.41,1,0,0.0,0.0
27700688,construction.tools.pump,pedrollo,106.9,1,0,0.0,0.0
4200714,appliances.environment.air_conditioner,almacom,325.23,1,0,0.0,0.0
28704061,apparel.shoes.keds,nike,102.71,1,0,0.0,0.0
12301115,construction.tools.drill,makita,168.88,1,0,0.0,0.0
2702057,appliances.kitchen.refrigerators,indesit,588.41,1,0,0.0,0.0
4502267,appliances.kitchen.hob,zanussi,219.28,1,0,0.0,0.0
28714591,apparel.shoes.keds,adidas,75.16,1,0,0.0,0.0
28706505,apparel.shoes,respect,37.07,1,0,0.0,0.0
3100877,appliances.kitchen.blender,redmond,131.25,1,0,0.0,0.0
9500042,computers.peripherals.camera,logitech,96.91,1,0,0.0,0.0
7900881,furniture.kitchen.chair,peg-perego,202.06,1,0,0.0,0.0
1480442,computers.desktop,pulser,106.37,1,0,0.0,0.0
5701085,auto.accessories.player,kenwood,386.11,1,0,0.0,0.0
2502071,appliances.kitchen.oven,dauscher,249.07,1,0,0.0,0.0
28719424,apparel.shoes,baden,89.84,1,0,0.0,0.0
6902907,furniture.living_room.chair,lorelli,19.31,1,0,0.0,0.0
9100120,computers.peripherals.mouse,logitech,36.01,1,0,0.0,0.0
6801320,computers.components.hdd,plextor,164.37,1,0,0.0,0.0
1480694,computers.desktop,hp,542.87,1,0,0.0,0.0
28300536,accessories.wallet,petek,51.48,1,0,0.0,0.0
28707464,apparel.shoes,respect,37.07,1,0,0.0,0.0
5000598,appliances.sewing_machine,singer,112.87,1,0,0.0,0.0
21409173,electronics.clocks,orient,85.46,1,0,0.0,0.0
28300425,accessories.wallet,petek,78.25,1,0,0.0,0.0
1801934,electronics.video.tv,samsung,1080.83,1,0,0.0,0.0
28714647,apparel.shoes.keds,adidas,102.94,1,0,0.0,0.0
2501953,appliances.kitchen.oven,artel,52.74,1,0,0.0,0.0
12400499,construction.tools.drill,p.i.t.,87.52,1,0,0.0,0.0
2240031,electronics.audio.microphone,beyerdynamic,427.23,1,0,0.0,0.0
11200001,appliances.personal.scales,vitek,15.37,1,0,0.0,0.0
5800410,electronics.audio.subwoofer,kicx,59.2,1,0,0.0,0.0
46800013,appliances.kitchen.refrigerators,dometic,183.63,1,0,0.0,0.0
13900092,construction.components.faucet,decoroom,36.43,1,0,0.0,0.0
28717275,apparel.shoes,baden,44.79,1,0,0.0,0.0
10900017,appliances.kitchen.mixer,polaris,7.4,1,0,0.0,0.0
1400847,computers.desktop,asus,252.11,1,0,0.0,0.0
18300184,accessories.bag,acer,30.86,1,0,0.0,0.0
28717815,apparel.shoes.keds,adidas,128.45,1,0,0.0,0.0
3200532,appliances.kitchen.meat_grinder,scarlett,55.06,1,0,0.0,0.0
16800346,furniture.kitchen.table,domini,347.5,1,0,0.0,0.0
28300614,accessories.wallet,petek,62.81,1,0,0.0,0.0
3701496,appliances.environment.vacuum,dyson,633.2,1,0,0.0,0.0
18300548,accessories.bag,sumdex,20.57,1,0,0.0,0.0
6600113,computers.components.memory,geil,18.71,1,0,0.0,0.0
5100831,electronics.clocks,mykronoz,232.62,1,0,0.0,0.0
32900124,accessories.bag,plano,77.63,1,0,0.0,0.0
12300815,construction.tools.drill,makita,362.02,1,0,0.0,0.0
9200585,computers.peripherals.keyboard,asus,141.14,1,0,0.0,0.0
11100212,appliances.personal.scales,redmond,36.01,1,0,0.0,0.0
28716213,apparel.shoes.keds,respect,66.67,1,0,0.0,0.0
12300265,construction.tools.drill,dwt,45.9,1,0,0.0,0.0
8600233,appliances.environment.fan,scarlett,25.71,1,0,0.0,0.0
2800083,appliances.kitchen.refrigerators,pozis,235.19,1,0,0.0,0.0
28717028,apparel.shoes.keds,strobbs,48.39,1,0,0.0,0.0
3100564,appliances.kitchen.blender,philips,61.75,1,0,0.0,0.0
28300562,accessories.wallet,petek,48.39,1,0,0.0,0.0
30000124,construction.tools.welding,fubag,646.09,1,0,0.0,0.0
3900748,appliances.environment.water_heater,haier,205.64,1,0,0.0,0.0
9002023,kids.toys,gulliver,12.87,1,0,0.0,0.0
5000601,appliances.sewing_machine,singer,113.26,1,0,0.0,0.0
28717948,apparel.shoes,burgerschuhe,105.54,1,0,0.0,0.0
3701440,appliances.environment.vacuum,polaris,103.71,1,0,0.0,0.0
7004788,kids.carriage,adamex,535.41,1,0,0.0,0.0
4600655,appliances.kitchen.dishwasher,hansa,514.71,1,0,0.0,0.0
28718008,apparel.shoes,respect,66.41,1,0,0.0,0.0
18300248,accessories.bag,continent,21.85,1,0,0.0,0.0
1801567,electronics.video.tv,sony,926.64,1,0,0.0,0.0
3900055,appliances.environment.water_heater,thermex,82.78,1,0,0.0,0.0
1004508,electronics.smartphone,bq,50.7,1,0,0.0,0.0
52900062,accessories.bag,stanley,7.57,1,0,0.0,0.0
5800612,electronics.audio.subwoofer,hertz,56.19,1,0,0.0,0.0
12201580,sport.bicycle,giant,239.13,1,0,0.0,0.0
2402209,appliances.kitchen.hood,elikor,106.08,1,0,0.0,0.0
4201362,appliances.environment.air_conditioner,lg,437.33,1,0,0.0,0.0
11100163,appliances.personal.scales,redmond,20.57,1,0,0.0,0.0
4501535,appliances.kitchen.hob,kuppersberg,480.73,1,0,0.0,0.0
2700282,appliances.kitchen.refrigerators,pozis,257.15,1,0,0.0,0.0
27700852,construction.tools.pump,hyundai,139.25,1,0,0.0,0.0
28719074,apparel.shoes.keds,baden,102.71,1,0,0.0,0.0
5100727,electronics.clocks,aimoto,53.49,1,0,0.0,0.0
2240020,electronics.audio.microphone,stagg,141.57,1,0,0.0,0.0
3100297,appliances.kitchen.blender,polaris,37.58,1,0,0.0,0.0
17800544,computers.desktop,thermaltake,449.69,1,0,0.0,0.0
6301964,appliances.kitchen.kettle,unit,24.17,1,0,0.0,0.0
7001171,kids.carriage,babyzen,435.02,1,0,0.0,0.0
21408598,electronics.clocks,fossil,191.51,1,0,0.0,0.0
2501453,appliances.kitchen.oven,asel,97.09,1,0,0.0,0.0
21406314,electronics.clocks,jaguar,1240.19,1,0,0.0,0.0
9100138,computers.peripherals.mouse,razer,88.81,1,0,0.0,0.0
7006248,kids.carriage,bumbleride,476.79,1,0,0.0,0.0
21410398,electronics.clocks,lorus,37.07,1,0,0.0,0.0
1701281,computers.peripherals.monitor,acer,257.15,1,0,0.0,0.0
5801233,electronics.audio.subwoofer,pride,159.59,1,0,0.0,0.0
9101526,computers.peripherals.mouse,logitech,8.21,1,0,0.0,0.0
2800643,appliances.kitchen.refrigerators,franke,1414.15,1,0,0.0,0.0
6902950,furniture.living_room.chair,joie,111.46,1,0,0.0,0.0
21400118,electronics.clocks,casio,107.08,1,0,0.0,0.0
28717847,apparel.shoes,cover,132.56,1,0,0.0,0.0
3900712,appliances.environment.water_heater,midea,74.62,1,0,0.0,0.0
1480366,computers.desktop,avalon,760.28,1,0,0.0,0.0
3801217,appliances.iron,laurastar,1750.34,1,0,0.0,0.0
19100065,construction.tools.saw,crown,113.26,1,0,0.0,0.0
28718937,apparel.shoes.keds,nexpero,82.63,1,0,0.0,0.0
28718784,apparel.shoes,rieker,118.15,1,0,0.0,0.0
5700213,auto.accessories.player,alpine,263.84,1,0,0.0,0.0
3801021,appliances.iron,tefal,82.34,1,0,0.0,0.0
6700985,computers.components.videocards,palit,350.12,1,0,0.0,0.0
28717060,apparel.shoes.keds,strobbs,51.22,1,0,0.0,0.0
28717058,apparel.shoes.keds,strobbs,51.22,1,0,0.0,0.0
1304306,computers.notebook,apple,1544.42,1,0,0.0,0.0
2500841,appliances.kitchen.oven,saturn,50.19,1,0,0.0,0.0
28714829,apparel.shoes.keds,escan,44.79,1,0,0.0,0.0
27701133,construction.tools.pump,metabo,277.65,1,0,0.0,0.0
6902373,furniture.living_room.chair,lorelli,73.36,1,0,0.0,0.0
28300404,accessories.wallet,petek,59.72,1,0,0.0,0.0
1480677,computers.desktop,hp,645.83,1,0,0.0,0.0
13900117,construction.components.faucet,iddis,71.49,1,0,0.0,0.0
30600087,appliances.environment.vacuum,makita,100.9,1,0,0.0,0.0
35200111,apparel.underwear,milavitsa,14.35,1,0,0.0,0.0
19200042,construction.tools.saw,stihl,272.85,1,0,0.0,0.0
28400991,accessories.bag,baden,32.18,1,0,0.0,0.0
3200499,appliances.kitchen.meat_grinder,bork,463.31,1,0,0.0,0.0
18300589,accessories.bag,xiaomi,9.01,1,0,0.0,0.0
3601264,appliances.kitchen.washer,indesit,324.08,1,0,0.0,0.0
4802871,electronics.audio.headphone,beats,257.38,1,0,0.0,0.0
4804335,electronics.audio.headphone,hp,16.73,1,0,0.0,0.0
28713860,apparel.shoes.keds,nike,61.57,1,0,0.0,0.0
4800761,electronics.audio.headphone,sennheiser,20.53,1,0,0.0,0.0
12400023,construction.tools.drill,bosch,120.25,1,0,0.0,0.0
1004266,electronics.smartphone,inoi,61.82,1,0,0.0,0.0
7004815,kids.carriage,adamex,164.74,1,0,0.0,0.0
1201441,electronics.tablet,apple,808.24,1,0,0.0,0.0
28401003,accessories.bag,picard,27.03,1,0,0.0,0.0
5600043,appliances.environment.air_heater,electrolux,71.82,1,0,0.0,0.0
35200218,apparel.underwear,milavitsa,18.56,1,0,0.0,0.0
21401777,electronics.clocks,seiko,350.33,1,0,0.0,0.0
5800640,electronics.audio.subwoofer,pioneer,151.61,1,0,0.0,0.0
21409637,electronics.clocks,casio,28.57,1,0,0.0,0.0
28705242,apparel.shoes,respect,51.22,1,0,0.0,0.0
29600027,apparel.scarf,fabretti,17.76,1,0,0.0,0.0
3800194,appliances.iron,braun,40.93,1,0,0.0,0.0
28719697,apparel.shoes,betsy,44.76,1,0,0.0,0.0
1004350,electronics.smartphone,bq,66.13,1,0,0.0,0.0
28714253,apparel.shoes.keds,nike,190.48,1,0,0.0,0.0
28710801,apparel.shoes,respect,25.48,1,0,0.0,0.0
5700919,auto.accessories.player,intro,257.41,1,0,0.0,0.0
3701342,appliances.environment.vacuum,philips,177.53,1,0,0.0,0.0
1307114,computers.notebook,hp,834.51,1,0,0.0,0.0
21407718,electronics.clocks,roamer,335.14,1,0,0.0,0.0
3701081,appliances.environment.vacuum,karcher,166.89,1,0,0.0,0.0
9200193,computers.peripherals.keyboard,cougar,65.64,1,0,0.0,0.0
2701606,appliances.kitchen.refrigerators,haier,772.19,1,0,0.0,0.0
21402581,electronics.clocks,orient,312.75,1,0,0.0,0.0
1306445,computers.notebook,hp,949.81,1,0,0.0,0.0
4500985,appliances.kitchen.hob,kaiser,465.39,1,0,0.0,0.0
6400281,computers.components.cpu,intel,302.1,1,0,0.0,0.0
27700954,construction.tools.pump,greenpro,305.45,1,0,0.0,0.0
21800265,computers.peripherals.mouse,acme,2.29,1,0,0.0,0.0
6400377,computers.components.cpu,intel,374.99,1,0,0.0,0.0
20200326,sport.snowboard,ride,308.63,1,0,0.0,0.0
28717041,apparel.shoes.keds,strobbs,51.22,1,0,0.0,0.0
21410218,electronics.clocks,orient,161.65,1,0,0.0,0.0
6800309,computers.components.hdd,toshiba,45.69,1,0,0.0,0.0
21408246,electronics.clocks,tissot,586.89,1,0,0.0,0.0
28715980,apparel.shoes.sandals,nike,42.45,1,0,0.0,0.0
6301839,appliances.kitchen.kettle,gorenje,37.32,1,0,0.0,0.0
12300747,construction.tools.drill,kolner,62.7,1,0,0.0,0.0
1307083,computers.notebook,lenovo,434.76,1,0,0.0,0.0
2702443,appliances.kitchen.refrigerators,dauscher,385.6,1,0,0.0,0.0
9200344,computers.peripherals.keyboard,asus,52.78,1,0,0.0,0.0
8800747,electronics.telephone,maxvi,12.84,1,0,0.0,0.0
1201426,electronics.tablet,bq,68.19,1,0,0.0,0.0
21407252,electronics.clocks,longines,1245.85,1,0,0.0,0.0
4801911,electronics.audio.headphone,beats,147.98,1,0,0.0,0.0
17800236,computers.desktop,cobra,264.1,1,0,0.0,0.0
4700701,auto.accessories.videoregister,playme,295.99,1,0,0.0,0.0
4400559,appliances.kitchen.coffee_machine,philips,772.19,1,0,0.0,0.0
1480455,computers.desktop,smart,562.05,1,0,0.0,0.0
1480153,computers.desktop,neo,293.42,1,0,0.0,0.0
28720417,apparel.shoes,salamander,87.26,1,0,0.0,0.0
9002040,kids.toys,fancy,14.34,1,0,0.0,0.0
21406078,electronics.clocks,versace,1776.11,1,0,0.0,0.0
28719784,apparel.shoes,tesoro,47.34,1,0,0.0,0.0
4700710,auto.accessories.videoregister,axper,35.75,1,0,0.0,0.0
2900865,appliances.kitchen.microwave,oursson,74.62,1,0,0.0,0.0
8901553,kids.toys,chicco,47.62,1,0,0.0,0.0
5100636,electronics.clocks,garmin,182.59,1,0,0.0,0.0
3601509,appliances.kitchen.washer,hansa,283.07,1,0,0.0,0.0
7004513,kids.carriage,belecoo,109.04,1,0,0.0,0.0
19100352,construction.tools.saw,alteco,146.46,1,0,0.0,0.0
12400291,construction.tools.drill,total,51.46,1,0,0.0,0.0
8700124,appliances.personal.hair_cutter,braun,55.32,1,0,0.0,0.0
1003989,electronics.smartphone,nokia,128.42,1,0,0.0,0.0
8700031,appliances.personal.hair_cutter,panasonic,28.54,1,0,0.0,0.0
3200125,appliances.kitchen.meat_grinder,moulinex,146.46,1,0,0.0,0.0
12100333,kids.skates,globber,128.45,1,0,0.0,0.0
16700398,furniture.kitchen.chair,signal,162.63,1,0,0.0,0.0
28716594,apparel.shoes,baden,53.8,1,0,0.0,0.0
12202887,sport.bicycle,haro,372.98,1,0,0.0,0.0
28718713,apparel.shoes,respect,100.65,1,0,0.0,0.0
1306432,computers.notebook,hp,1261.04,1,0,0.0,0.0
21407656,electronics.clocks,casio,135.14,1,0,0.0,0.0
35103099,apparel.underwear,milavitsa,32.02,1,0,0.0,0.0
6701053,computers.components.videocards,gigabyte,359.84,1,0,0.0,0.0
1801919,electronics.video.tv,samsung,579.14,1,0,0.0,0.0
28713767,apparel.shoes.keds,nike,57.45,1,0,0.0,0.0
6701028,computers.components.videocards,msi,1354.73,1,0,0.0,0.0
12300653,construction.tools.drill,makita,142.86,1,0,0.0,0.0
5801102,electronics.audio.subwoofer,dls,154.42,1,0,0.0,0.0
2501420,appliances.kitchen.oven,smeg,1526.57,1,0,0.0,0.0
53900019,construction.tools.saw,bosch,168.06,1,0,0.0,0.0
28707861,apparel.shoes,respect,47.36,1,0,0.0,0.0
19100060,construction.tools.saw,dewalt,867.24,1,0,0.0,0.0
12202401,sport.bicycle,gaint,411.59,1,0,0.0,0.0
1700598,computers.peripherals.monitor,samsung,128.68,1,0,0.0,0.0
5800689,electronics.audio.subwoofer,hertz,86.44,1,0,0.0,0.0
14100591,electronics.audio.acoustic,madina,45.05,1,0,0.0,0.0
4500624,appliances.kitchen.hob,gefest,211.87,1,0,0.0,0.0
4800463,electronics.audio.headphone,plantronics,46.08,1,0,0.0,0.0
21406142,electronics.clocks,momentum,163.2,1,0,0.0,0.0
1307199,computers.notebook,dell,568.35,1,0,0.0,0.0
28400842,accessories.bag,coccinelle,180.18,1,0,0.0,0.0
18300763,accessories.bag,sumdex,17.74,1,0,0.0,0.0
28400721,accessories.bag,karya,61.26,1,0,0.0,0.0
6200037,appliances.environment.air_heater,simfer,74.11,1,0,0.0,0.0
1307326,computers.notebook,hp,1196.68,1,0,0.0,0.0
21411265,electronics.clocks,edox,698.09,1,0,0.0,0.0
18300156,accessories.bag,acer,118.38,1,0,0.0,0.0
18300000,accessories.bag,acer,92.64,1,0,0.0,0.0
9700144,computers.components.power_supply,huntkey,54.31,1,0,0.0,0.0
9700313,computers.components.power_supply,thermaltake,63.37,1,0,0.0,0.0
21400469,electronics.clocks,boccia,154.44,1,0,0.0,0.0
21401356,electronics.clocks,casio,62.04,1,0,0.0,0.0
6301117,appliances.kitchen.kettle,polaris,30.81,1,0,0.0,0.0
6301655,appliances.kitchen.kettle,scarlett,15.41,1,0,0.0,0.0
12201448,sport.bicycle,axis,175.04,1,0,0.0,0.0
14100002,electronics.audio.acoustic,fender,253.55,1,0,0.0,0.0
21408791,electronics.clocks,orient,146.46,1,0,0.0,0.0
9200369,computers.peripherals.keyboard,delux,10.06,1,0,0.0,0.0
21409177,electronics.clocks,casio,46.33,1,0,0.0,0.0
2701735,appliances.kitchen.refrigerators,lg,1266.96,1,0,0.0,0.0
28708977,apparel.shoes,respect,27.8,1,0,0.0,0.0
21409410,electronics.clocks,casio,45.3,1,0,0.0,0.0
4803437,electronics.audio.headphone,jbl,38.97,1,0,0.0,0.0
9700285,computers.components.power_supply,gamdias,50.97,1,0,0.0,0.0
14100524,electronics.audio.acoustic,ovation,585.86,1,0,0.0,0.0
35108576,apparel.underwear,milavitsa,12.85,1,0,0.0,0.0
9101365,computers.peripherals.mouse,steelseries,35.78,1,0,0.0,0.0
17900171,construction.tools.generator,fubag,894.75,1,0,0.0,0.0
28718349,apparel.shoes,respect,84.43,1,0,0.0,0.0
7900846,furniture.kitchen.chair,pituso,188.21,1,0,0.0,0.0
1307320,computers.notebook,hp,550.59,1,0,0.0,0.0
21405346,electronics.clocks,versace,1125.7,1,0,0.0,0.0
1801933,electronics.video.tv,samsung,900.9,1,0,0.0,0.0
21408694,electronics.clocks,casio,81.86,1,0,0.0,0.0
6900386,furniture.living_room.chair,bambola,58.17,1,0,0.0,0.0
21403494,electronics.clocks,orient,411.08,1,0,0.0,0.0
1306614,computers.notebook,asus,725.63,1,0,0.0,0.0
2501704,appliances.kitchen.oven,artel,62.06,1,0,0.0,0.0
28712567,apparel.shoes,respect,89.84,1,0,0.0,0.0
28712440,apparel.shoes,respect,89.84,1,0,0.0,0.0
43200037,apparel.tshirt,persona,82.37,1,0,0.0,0.0
6902899,furniture.living_room.chair,lorelli,55.58,1,0,0.0,0.0
9101346,computers.peripherals.mouse,hp,48.65,1,0,0.0,0.0
2402781,appliances.kitchen.hood,maunfeld,123.53,1,0,0.0,0.0
1307296,computers.notebook,dell,810.32,1,0,0.0,0.0
18900172,electronics.camera.photo,sony,1001.05,1,0,0.0,0.0
6500611,computers.components.motherboard,msi,166.75,1,0,0.0,0.0
12300650,construction.tools.drill,makita,473.73,1,0,0.0,0.0
2701560,appliances.kitchen.refrigerators,almacom,182.24,1,0,0.0,0.0
7901070,furniture.kitchen.chair,pituso,149.71,1,0,0.0,0.0
21411577,electronics.clocks,diesel,463.33,1,0,0.0,0.0
11700319,electronics.audio.acoustic,yamaha,612.63,1,0,0.0,0.0
3700480,appliances.environment.vacuum,karcher,138.95,1,0,0.0,0.0
35200230,apparel.underwear,milavitsa,18.56,1,0,0.0,0.0
9100173,computers.peripherals.mouse,asus,38.35,1,0,0.0,0.0
12600000,appliances.kitchen.grill,redmond,95.34,1,0,0.0,0.0
1480757,computers.desktop,pulser,888.03,1,0,0.0,0.0
7900741,furniture.kitchen.chair,pituso,190.48,1,0,0.0,0.0
12400248,construction.tools.drill,crown,123.56,1,0,0.0,0.0
18800011,auto.accessories.parktronic,erisson,36.04,1,0,0.0,0.0
12202502,sport.bicycle,forward,78.51,1,0,0.0,0.0
1701215,computers.peripherals.monitor,hp,231.41,1,0,0.0,0.0
21406719,electronics.clocks,certina,720.74,1,0,0.0,0.0
13901860,construction.components.faucet,lemark,80.58,1,0,0.0,0.0
3701087,appliances.environment.vacuum,philips,293.42,1,0,0.0,0.0
25001302,furniture.universal.light,herman,617.27,1,0,0.0,0.0
35108506,apparel.underwear,milavitsa,33.32,1,0,0.0,0.0
5000649,appliances.sewing_machine,janome,334.76,1,0,0.0,0.0
4502513,appliances.kitchen.hob,gefest,292.34,1,0,0.0,0.0
13900921,construction.components.faucet,calorie,28.97,1,0,0.0,0.0
1005194,electronics.smartphone,bq,87.33,1,0,0.0,0.0
28719149,apparel.shoes,ag,93.95,1,0,0.0,0.0
18500033,electronics.tablet,wacom,1287.01,1,0,0.0,0.0
28719430,apparel.shoes,baden,62.81,1,0,0.0,0.0
21407593,electronics.clocks,certina,401.55,1,0,0.0,0.0
17800179,computers.desktop,aerocool,179.13,1,0,0.0,0.0
4502658,appliances.kitchen.hob,dauscher,132.02,1,0,0.0,0.0
1306921,computers.notebook,asus,815.95,1,0,0.0,0.0
28401076,accessories.bag,respect,66.67,1,0,0.0,0.0
4801804,electronics.audio.headphone,sony,17.76,1,0,0.0,0.0
28715861,apparel.shoes,respect,52.0,1,0,0.0,0.0
1801557,electronics.video.tv,lg,643.26,1,0,0.0,0.0
12301499,construction.tools.drill,tundra,53.52,1,0,0.0,0.0
12202099,sport.bicycle,gt,308.63,1,0,0.0,0.0
2402063,appliances.kitchen.hood,samsung,141.29,1,0,0.0,0.0
35100850,apparel.underwear,milavitsa,28.08,1,0,0.0,0.0
28719387,apparel.shoes,betsy,41.93,1,0,0.0,0.0
4802579,electronics.audio.headphone,sony,360.11,1,0,0.0,0.0
6902598,furniture.living_room.chair,nania,136.43,1,0,0.0,0.0
13902085,construction.components.faucet,grohe,656.54,1,0,0.0,0.0
5701113,auto.accessories.player,mydean,90.09,1,0,0.0,0.0
6000125,auto.accessories.alarm,starline,122.01,1,0,0.0,0.0
21404574,electronics.clocks,casio,34.75,1,0,0.0,0.0
30600097,appliances.environment.vacuum,stanley,62.43,1,0,0.0,0.0
6301476,appliances.kitchen.kettle,greentek,24.65,1,0,0.0,0.0
21407835,electronics.clocks,certina,411.85,1,0,0.0,0.0
6901766,furniture.living_room.chair,bertoni,48.16,1,0,0.0,0.0
21404770,electronics.clocks,orient,110.43,1,0,0.0,0.0
2402790,appliances.kitchen.hood,kronasteel,167.94,1,0,0.0,0.0
21405962,electronics.clocks,armani,403.36,1,0,0.0,0.0
28704585,apparel.shoes,etor,100.39,1,0,0.0,0.0
4802435,electronics.audio.headphone,hp,64.86,1,0,0.0,0.0
4400539,appliances.kitchen.coffee_machine,melitta,1269.02,1,0,0.0,0.0
32900036,accessories.bag,prologic,43.19,1,0,0.0,0.0
28716498,apparel.shoes,respect,107.85,1,0,0.0,0.0
3601090,appliances.kitchen.washer,lg,2162.19,1,0,0.0,0.0
8801084,electronics.telephone,texet,12.9,1,0,0.0,0.0
6700567,computers.components.videocards,palit,218.54,1,0,0.0,0.0
6100220,auto.accessories.radar,sho-me,36.04,1,0,0.0,0.0
3800938,appliances.iron,scarlett,21.06,1,0,0.0,0.0
4400516,appliances.kitchen.coffee_machine,melitta,1269.02,1,0,0.0,0.0
21400156,electronics.clocks,casio,194.34,1,0,0.0,0.0
10201533,kids.dolls,llorens,55.06,1,0,0.0,0.0
28717730,apparel.shoes,greyder,113.26,1,0,0.0,0.0
18900030,electronics.camera.photo,sony,1472.11,1,0,0.0,0.0
2700604,appliances.kitchen.refrigerators,atlant,255.86,1,0,0.0,0.0
14700618,furniture.living_room.cabinet,sv,128.68,1,0,0.0,0.0
28705186,apparel.shoes.keds,spur,38.35,1,0,0.0,0.0
13901773,construction.components.faucet,bravat,342.79,1,0,0.0,0.0
28720578,apparel.shoes,caprice,137.71,1,0,0.0,0.0
4803557,electronics.audio.headphone,hoco,5.66,1,0,0.0,0.0
18900366,electronics.camera.photo,sony,1739.81,1,0,0.0,0.0
5800791,electronics.audio.subwoofer,kenwood,61.78,1,0,0.0,0.0
2402688,appliances.kitchen.hood,elikor,58.19,1,0,0.0,0.0
32900024,accessories.bag,prologic,43.97,1,0,0.0,0.0
2402257,appliances.kitchen.hood,akpo,378.58,1,0,0.0,0.0
5700503,auto.accessories.player,sony,113.26,1,0,0.0,0.0
2800190,appliances.kitchen.refrigerators,kuppersbusch,1505.83,1,0,0.0,0.0
6500897,computers.components.motherboard,msi,118.16,1,0,0.0,0.0
30901066,computers.components.cooler,enermax,105.78,1,0,0.0,0.0
5700910,auto.accessories.player,pioneer,87.52,1,0,0.0,0.0
21409810,electronics.clocks,certina,442.74,1,0,0.0,0.0
28714261,apparel.shoes.keds,nike,177.59,1,0,0.0,0.0
40900000,construction.tools.painting,bosch,74.03,1,0,0.0,0.0
28401074,accessories.bag,respect,66.67,1,0,0.0,0.0
35108931,apparel.underwear,jasmine,46.33,1,0,0.0,0.0
39800013,apparel.shirt,dion,29.6,1,0,0.0,0.0
28715966,apparel.shoes.keds,adidas,95.24,1,0,0.0,0.0
28400779,accessories.bag,baden,42.99,1,0,0.0,0.0
21400814,electronics.clocks,casio,155.22,1,0,0.0,0.0
2900577,appliances.kitchen.microwave,lg,145.38,1,0,0.0,0.0
7006434,kids.carriage,adamex,370.67,1,0,0.0,0.0
7001217,kids.carriage,maxi-cosi,411.85,1,0,0.0,0.0
12201740,sport.bicycle,wethepeople,514.56,1,0,0.0,0.0
12202136,sport.bicycle,scott,615.2,1,0,0.0,0.0
5800903,electronics.audio.subwoofer,kicx,29.34,1,0,0.0,0.0
3701468,appliances.environment.vacuum,dauscher,64.33,1,0,0.0,0.0
2402966,appliances.kitchen.hood,turbo,90.07,1,0,0.0,0.0
12300101,construction.tools.drill,bosch,121.99,1,0,0.0,0.0
12301412,construction.tools.drill,metabo,167.13,1,0,0.0,0.0
32900018,accessories.bag,prologic,90.52,1,0,0.0,0.0
19300076,appliances.ironing_board,ikea,9.5,1,0,0.0,0.0
7006278,kids.carriage,riko,334.6,1,0,0.0,0.0
21406348,electronics.clocks,dkny,180.18,1,0,0.0,0.0
6301345,appliances.kitchen.kettle,galaxy,33.44,1,0,0.0,0.0
22600075,auto.accessories.compressor,tpmaster,20.59,1,0,0.0,0.0
2501364,appliances.kitchen.oven,luxell,46.23,1,1,37.84,100.0
3800914,appliances.iron,rowenta,169.86,1,0,0.0,0.0
2900844,appliances.kitchen.microwave,panasonic,107.85,1,0,0.0,0.0
3800336,appliances.iron,braun,46.31,1,0,0.0,0.0
28717454,apparel.shoes.keds,respect,61.01,1,0,0.0,0.0
5000654,appliances.sewing_machine,brother,109.44,1,0,0.0,0.0
6400124,computers.components.cpu,intel,359.06,1,0,0.0,0.0
27700112,construction.tools.pump,leo,50.19,1,0,0.0,0.0
6701060,computers.components.videocards,asus,568.35,1,0,0.0,0.0
4700078,auto.accessories.videoregister,prestigio,89.84,1,0,0.0,0.0
18300033,accessories.bag,sumdex,12.84,1,0,0.0,0.0
52800003,sport.bicycle,thule,298.59,1,0,0.0,0.0
2702522,appliances.kitchen.refrigerators,dauscher,177.59,1,0,0.0,0.0
28708782,apparel.shoes.sandals,rieker,35.78,1,0,0.0,0.0
21400620,electronics.clocks,casio,189.19,1,0,0.0,0.0
7005533,kids.carriage,adamex,370.67,1,0,0.0,0.0
21404636,electronics.clocks,orient,63.06,1,0,0.0,0.0
6701227,computers.components.videocards,sapphire,241.71,1,0,0.0,0.0
21401604,electronics.clocks,casio,89.32,1,0,0.0,0.0
28704038,apparel.shoes.keds,nike,84.69,1,0,0.0,0.0
1306253,computers.notebook,hp,354.96,1,0,0.0,0.0
5801487,electronics.audio.subwoofer,avatar,42.47,1,0,0.0,0.0
28717167,apparel.shoes,respect,84.43,1,0,0.0,0.0
21404559,electronics.clocks,casio,38.35,1,0,0.0,0.0
1600601,computers.peripherals.printer,canon,202.95,1,0,0.0,0.0
21410844,electronics.clocks,casio,24.45,1,0,0.0,0.0
5800638,electronics.audio.subwoofer,morel,136.43,1,0,0.0,0.0
21405952,electronics.clocks,armani,345.7,1,0,0.0,0.0
28401115,accessories.bag,coccinelle,122.78,1,0,0.0,0.0
50600058,auto.accessories.compressor,schneider,326.25,1,0,0.0,0.0
2501516,appliances.kitchen.oven,bosch,604.65,1,0,0.0,0.0
11600306,computers.desktop,trust,84.11,1,0,0.0,0.0
16800253,furniture.kitchen.table,domini,248.4,1,0,0.0,0.0
28716444,apparel.shoes,respect,89.84,1,0,0.0,0.0
6501048,computers.components.motherboard,asus,496.11,1,0,0.0,0.0
12200895,sport.bicycle,giant,1132.33,1,0,0.0,0.0
4802190,electronics.audio.headphone,jbl,64.33,1,0,0.0,0.0
21401609,electronics.clocks,casio,24.45,1,0,0.0,0.0
3100690,appliances.kitchen.blender,panasonic,90.97,1,0,0.0,0.0
35200231,apparel.underwear,milavitsa,18.56,1,0,0.0,0.0
3900427,appliances.environment.water_heater,ariston,347.28,1,0,0.0,0.0
28717789,apparel.shoes.keds,puma,84.69,1,0,0.0,0.0
4502379,appliances.kitchen.hob,zanussi,226.49,1,0,0.0,0.0
14701412,furniture.living_room.cabinet,bts,328.94,1,0,0.0,0.0
3900172,appliances.environment.water_heater,ariston,92.92,1,0,0.0,0.0
21405427,electronics.clocks,casio,150.58,1,0,0.0,0.0
5701138,auto.accessories.player,swat,105.54,1,0,0.0,0.0
28717001,apparel.shoes.keds,respect,102.71,1,1,102.71,100.0
21403779,electronics.clocks,casio,24.71,1,0,0.0,0.0
19100014,construction.tools.saw,p.i.t.,57.92,1,0,0.0,0.0
21409285,electronics.clocks,casio,31.15,1,0,0.0,0.0
6000281,auto.accessories.alarm,starline,101.93,1,0,0.0,0.0
21401385,electronics.clocks,casio,141.83,1,0,0.0,0.0
16200137,kids.fmcg.diapers,pampers,5.51,1,0,0.0,0.0
21401388,electronics.clocks,casio,74.65,1,0,0.0,0.0
19100198,construction.tools.saw,festool,412.35,1,0,0.0,0.0
1201366,electronics.tablet,acer,180.16,1,0,0.0,0.0
45600682,apparel.shoes.sandals,biomecanics,46.33,1,0,0.0,0.0
14100445,electronics.audio.acoustic,stagg,120.98,1,0,0.0,0.0
12400500,construction.tools.drill,dewalt,484.17,1,0,0.0,0.0
8901116,kids.toys,chicco,9.0,1,0,0.0,0.0
8800978,electronics.telephone,texet,27.83,1,0,0.0,0.0
7100062,furniture.bedroom.bed,glamvers,134.88,1,0,0.0,0.0
1004589,electronics.smartphone,inoi,58.96,1,0,0.0,0.0
4803685,electronics.audio.headphone,jbl,102.94,1,0,0.0,0.0
40900020,construction.tools.painting,wagner,77.22,1,0,0.0,0.0
39800036,apparel.shirt,dion,29.6,1,0,0.0,0.0
21402288,electronics.clocks,orient,261.53,1,0,0.0,0.0
8902234,kids.toys,chicco,72.05,1,0,0.0,0.0
5800767,electronics.audio.subwoofer,pioneer,29.86,1,0,0.0,0.0
2402997,appliances.kitchen.hood,turbo,56.6,1,0,0.0,0.0
48200027,apparel.dress,mltl,32.18,1,0,0.0,0.0
2401509,appliances.kitchen.hood,falmec,267.95,1,0,0.0,0.0
28716448,apparel.shoes,respect,89.84,1,0,0.0,0.0
28704465,apparel.shoes,etor,126.13,1,0,0.0,0.0
28717246,apparel.shoes,rieker,37.07,1,0,0.0,0.0
7005602,kids.carriage,chicco,162.27,1,0,0.0,0.0
13900173,construction.components.faucet,lemark,64.04,1,0,0.0,0.0
45601477,apparel.shoes,babybotte,33.46,1,0,0.0,0.0
30000109,construction.tools.welding,laston,374.24,1,0,0.0,0.0
1480615,computers.desktop,acer,514.56,1,0,0.0,0.0
46800002,appliances.kitchen.refrigerators,ezetil,746.45,1,0,0.0,0.0
21405240,electronics.clocks,armani,316.87,1,0,0.0,0.0
3900688,appliances.environment.water_heater,ariston,91.56,1,0,0.0,0.0
6902925,furniture.living_room.chair,nania,60.49,1,0,0.0,0.0
8700482,appliances.personal.hair_cutter,moser,47.88,1,0,0.0,0.0
11000098,appliances.kitchen.toster,bosch,54.03,1,0,0.0,0.0
52900084,accessories.bag,stanley,96.73,1,0,0.0,0.0
11100162,appliances.personal.scales,saturn,7.95,1,0,0.0,0.0
5100657,electronics.clocks,suunto,218.58,1,0,0.0,0.0
28401001,accessories.bag,picard,124.84,1,0,0.0,0.0
1005091,electronics.smartphone,tecno,66.67,1,0,0.0,0.0
19100329,construction.tools.saw,alteco,194.5,1,0,0.0,0.0
13903116,construction.components.faucet,bravat,80.61,1,0,0.0,0.0
3701344,appliances.environment.vacuum,philips,216.2,1,0,0.0,0.0
3700952,appliances.environment.vacuum,bosch,244.51,1,0,0.0,0.0
1500116,computers.peripherals.printer,hp,586.07,1,0,0.0,0.0
28718230,apparel.shoes.keds,tamaris,76.96,1,0,0.0,0.0
21410773,electronics.clocks,orient,252.52,1,0,0.0,0.0
39800120,apparel.shirt,dion,29.6,1,0,0.0,0.0
12201699,sport.bicycle,wethepeople,478.52,1,0,0.0,0.0
4502027,appliances.kitchen.hob,maunfeld,254.58,1,0,0.0,0.0
7005410,kids.carriage,tutis,434.67,1,0,0.0,0.0
7002189,kids.carriage,peg-perego,277.65,1,0,0.0,0.0
28711762,apparel.shoes,rieker,45.05,1,0,0.0,0.0
5100342,electronics.clocks,apple,329.22,1,0,0.0,0.0
3701465,appliances.environment.vacuum,dauscher,80.36,1,0,0.0,0.0
2502014,appliances.kitchen.oven,artel,54.98,1,0,0.0,0.0
2700184,appliances.kitchen.refrigerators,atlant,290.61,1,0,0.0,0.0
28716208,apparel.shoes.keds,respect,53.8,1,0,0.0,0.0
11700218,electronics.audio.acoustic,alesis,101.64,1,0,0.0,0.0
20500087,sport.ski,atomic,411.59,1,0,0.0,0.0
2501399,appliances.kitchen.oven,luxell,133.93,1,0,0.0,0.0
3600906,appliances.kitchen.washer,atlantic,123.53,1,0,0.0,0.0
11000078,appliances.kitchen.toster,braun,45.28,1,0,0.0,0.0
4600416,appliances.kitchen.dishwasher,bosch,617.26,1,0,0.0,0.0
28708374,apparel.shoes.sandals,spur,25.74,1,0,0.0,0.0
21404922,electronics.clocks,casio,37.84,1,0,0.0,0.0
8800977,electronics.telephone,bq,27.59,1,0,0.0,0.0
28718736,apparel.shoes,respect,128.45,1,0,0.0,0.0
6100123,auto.accessories.radar,stinger,77.22,1,0,0.0,0.0
3601471,appliances.kitchen.washer,lg,335.82,1,0,0.0,0.0
28401102,accessories.bag,petek,200.01,1,0,0.0,0.0
4800574,electronics.audio.headphone,sony,148.39,1,0,0.0,0.0
2800025,appliances.kitchen.refrigerators,midea,411.59,1,0,0.0,0.0
3701549,appliances.environment.vacuum,scarlett,138.97,1,0,0.0,0.0
3900099,appliances.environment.water_heater,ariston,135.99,1,0,0.0,0.0
21400521,electronics.clocks,casio,66.15,1,0,0.0,0.0
6300775,appliances.kitchen.kettle,first,43.76,1,0,0.0,0.0
3100131,appliances.kitchen.blender,scarlett,66.9,1,0,0.0,0.0
6400347,computers.components.cpu,amd,426.39,1,0,0.0,0.0
12300106,construction.tools.drill,bosch,210.04,1,0,0.0,0.0
3901090,appliances.environment.water_heater,oasis,25.2,1,0,0.0,0.0
28718140,apparel.shoes,fassen,51.22,1,0,0.0,0.0
21407299,electronics.clocks,rado,2265.18,1,0,0.0,0.0
6301519,appliances.kitchen.kettle,electrolux,43.5,1,0,0.0,0.0
3700731,appliances.environment.vacuum,bosch,151.84,1,0,0.0,0.0
4803804,electronics.audio.headphone,sony,194.87,1,0,0.0,0.0
6500713,computers.components.motherboard,gigabyte,119.91,1,0,0.0,0.0
2800247,appliances.kitchen.refrigerators,elenberg,180.16,1,0,0.0,0.0
7004734,kids.carriage,bambola,66.93,1,0,0.0,0.0
6300230,appliances.kitchen.kettle,philips,33.98,1,0,0.0,0.0
4500039,appliances.kitchen.hob,hansa,288.49,1,0,0.0,0.0
1307141,computers.notebook,hp,995.74,1,0,0.0,0.0
28720419,apparel.shoes,baden,66.41,1,0,0.0,0.0
2400345,appliances.kitchen.hood,gefest,56.93,1,0,0.0,0.0
35108572,apparel.underwear,milavitsa,12.85,1,0,0.0,0.0
21405808,electronics.clocks,casio,135.14,1,0,0.0,0.0
8700252,appliances.personal.hair_cutter,elenberg,14.13,1,0,0.0,0.0
8700398,appliances.personal.hair_cutter,maxwell,8.96,1,0,0.0,0.0
12202307,sport.bicycle,cube,849.19,1,0,0.0,0.0
21407242,electronics.clocks,rado,1904.81,1,0,0.0,0.0
5701069,auto.accessories.player,farcar,386.11,1,0,0.0,0.0
6500857,computers.components.motherboard,asrock,81.11,1,0,0.0,0.0
44800140,sport.tennis,head,29.34,1,0,0.0,0.0
5801220,electronics.audio.subwoofer,kicx,115.83,1,0,0.0,0.0
18300777,accessories.bag,roncato,117.63,1,0,0.0,0.0
19200041,construction.tools.saw,stihl,128.7,1,0,0.0,0.0
1003209,electronics.smartphone,samsung,218.77,1,1,218.77,100.0
13200343,furniture.bedroom.bed,romack,334.63,1,0,0.0,0.0
2702531,appliances.kitchen.refrigerators,lg,651.55,1,0,0.0,0.0
6902374,furniture.living_room.chair,lorelli,73.36,1,0,0.0,0.0
28400690,accessories.bag,karya,133.85,1,0,0.0,0.0
1003184,electronics.smartphone,huawei,128.19,1,0,0.0,0.0
28300299,accessories.wallet,karya,43.76,1,0,0.0,0.0
17800012,computers.desktop,aerocool,167.06,1,0,0.0,0.0
6100210,auto.accessories.radar,sho-me,113.23,1,0,0.0,0.0
1802028,electronics.video.tv,harper,282.37,1,0,0.0,0.0
3601142,appliances.kitchen.washer,electrolux,526.78,1,0,0.0,0.0
48200105,apparel.dress,mltl,33.21,1,0,0.0,0.0
2800549,appliances.kitchen.refrigerators,smeg,2120.23,1,0,0.0,0.0
11700003,electronics.audio.acoustic,sony,159.33,1,0,0.0,0.0
28400290,accessories.bag,karya,69.5,1,0,0.0,0.0
8700370,appliances.personal.hair_cutter,philips,43.73,1,0,0.0,0.0
2702567,appliances.kitchen.refrigerators,midea,360.34,1,0,0.0,0.0
53900020,construction.tools.saw,hitachi,282.62,1,0,0.0,0.0
21408746,electronics.clocks,casio,70.27,1,0,0.0,0.0
7005650,kids.carriage,adamex,574.02,1,0,0.0,0.0
28714611,apparel.shoes.keds,adidas,74.65,1,0,0.0,0.0
9200174,computers.peripherals.keyboard,crown,6.23,1,0,0.0,0.0
4802448,electronics.audio.headphone,sony,190.97,1,0,0.0,0.0
20300068,sport.snowboard,ride,154.19,1,0,0.0,0.0
11200395,appliances.personal.scales,omron,71.2,1,0,0.0,0.0
2500725,appliances.kitchen.oven,smeg,1206.02,1,0,0.0,0.0
28714139,apparel.shoes.keds,greyder,84.94,1,0,0.0,0.0
17900299,construction.tools.generator,firman,338.3,1,0,0.0,0.0
2502182,appliances.kitchen.oven,milano,113.35,1,0,0.0,0.0
4803212,electronics.audio.headphone,panasonic,7.28,1,0,0.0,0.0
2400769,appliances.kitchen.hood,smeg,183.74,1,0,0.0,0.0
28715586,apparel.shoes.keds,fila,102.94,1,0,0.0,0.0
16700595,furniture.kitchen.chair,domini,36.04,1,0,0.0,0.0
2500590,appliances.kitchen.oven,gefest,194.73,1,0,0.0,0.0
5700477,auto.accessories.player,winca,283.15,1,0,0.0,0.0
3600675,appliances.kitchen.washer,bosch,720.48,1,0,0.0,0.0
5100645,electronics.clocks,garmin,159.61,1,0,0.0,0.0
3800317,appliances.iron,panasonic,33.44,1,0,0.0,0.0
28300541,accessories.wallet,petek,56.63,1,0,0.0,0.0
6701074,computers.components.videocards,asus,379.22,1,0,0.0,0.0
28715681,apparel.shoes,greyder,100.39,1,0,0.0,0.0
21409065,electronics.clocks,orient,129.99,1,0,0.0,0.0
12300938,construction.tools.drill,dewalt,303.22,1,0,0.0,0.0
23700169,furniture.bedroom.blanket,ol-tex,40.96,1,0,0.0,0.0
8700583,appliances.personal.hair_cutter,braun,97.79,1,0,0.0,0.0
3900030,appliances.environment.water_heater,ariston,146.7,1,0,0.0,0.0
28714708,apparel.shoes.keds,asics,82.34,1,0,0.0,0.0
7006262,kids.carriage,babyzz,194.6,1,0,0.0,0.0
9900194,electronics.video.projector,optoma,1148.03,1,0,0.0,0.0
28713532,apparel.shoes.moccasins,greyder,43.76,1,0,0.0,0.0
21800143,computers.peripherals.mouse,defender,6.34,1,0,0.0,0.0
2702285,appliances.kitchen.refrigerators,whirlpool,586.63,1,0,0.0,0.0
3701150,appliances.environment.vacuum,tefal,267.68,1,0,0.0,0.0
21409634,electronics.clocks,seiko,229.61,1,0,0.0,0.0
14701355,furniture.living_room.cabinet,brw,138.48,1,0,0.0,0.0
21408890,electronics.clocks,boccia,66.93,1,0,0.0,0.0
4802301,electronics.audio.headphone,sennheiser,463.07,1,0,0.0,0.0
4802295,electronics.audio.headphone,sennheiser,137.46,1,0,0.0,0.0
1480518,computers.desktop,pulser,1045.05,1,0,0.0,0.0
8800502,electronics.telephone,fly,19.94,1,0,0.0,0.0
3101013,appliances.kitchen.blender,galaxy,17.76,1,0,0.0,0.0
8800948,electronics.telephone,bq,20.67,1,0,0.0,0.0
4700485,auto.accessories.videoregister,intego,74.13,1,0,0.0,0.0
12100444,kids.skates,e-twow,939.54,1,0,0.0,0.0
39800119,apparel.shirt,dion,29.6,1,0,0.0,0.0
2800098,appliances.kitchen.refrigerators,pozis,395.38,1,0,0.0,0.0
6901460,furniture.living_room.chair,chicco,154.42,1,0,0.0,0.0
6902344,furniture.living_room.chair,lorelli,55.6,1,0,0.0,0.0
3601366,appliances.kitchen.washer,artel,97.87,1,0,0.0,0.0
4700650,auto.accessories.videoregister,subini,167.31,1,0,0.0,0.0
1700944,computers.peripherals.monitor,philips,189.94,1,0,0.0,0.0
6600857,computers.components.memory,zeppelin,43.24,1,0,0.0,0.0
28717533,apparel.shoes,salamander,96.53,1,0,0.0,0.0
4201502,appliances.environment.air_conditioner,oasis,180.18,1,0,0.0,0.0
21409326,electronics.clocks,casio,32.95,1,0,0.0,0.0
39800056,apparel.shirt,dion,32.18,1,0,0.0,0.0
5800842,electronics.audio.subwoofer,alpine,131.15,1,0,0.0,0.0
8901577,kids.toys,chicco,33.44,1,0,0.0,0.0
11100084,appliances.personal.scales,maxwell,15.19,1,1,15.19,100.0
4803895,electronics.audio.headphone,jbl,48.14,1,0,0.0,0.0
45300019,kids.swing,joie,79.02,1,1,79.02,100.0
21407260,electronics.clocks,rado,2162.22,1,0,0.0,0.0
3100944,appliances.kitchen.blender,smeg,727.26,1,0,0.0,0.0
8700592,appliances.personal.hair_cutter,panasonic,42.53,1,0,0.0,0.0
4000157,construction.tools.generator,galaxy,50.19,1,0,0.0,0.0
28300579,accessories.wallet,petek,43.24,1,0,0.0,0.0
10201531,kids.dolls,llorens,58.41,1,0,0.0,0.0
21409300,electronics.clocks,casio,32.95,1,0,0.0,0.0
3800839,appliances.iron,braun,93.93,1,0,0.0,0.0
19100151,construction.tools.saw,dwt,57.66,1,0,0.0,0.0
21000034,accessories.bag,roncato,266.93,1,0,0.0,0.0
5701319,auto.accessories.player,ams,221.37,1,0,0.0,0.0
5100600,electronics.clocks,suunto,257.15,1,0,0.0,0.0
28718456,apparel.shoes.keds,strobbs,64.61,1,0,0.0,0.0
28711675,apparel.shoes,rieker,38.35,1,0,0.0,0.0
21400695,electronics.clocks,casio,363.46,1,0,0.0,0.0
1600629,computers.peripherals.printer,hp,170.66,1,0,0.0,0.0
20400058,apparel.shoes,ride,179.93,1,0,0.0,0.0
6300890,appliances.kitchen.kettle,polaris,15.42,1,0,0.0,0.0
3100118,appliances.kitchen.blender,panasonic,70.76,1,0,0.0,0.0
21407772,electronics.clocks,seiko,450.98,1,0,0.0,0.0
21402075,electronics.clocks,casio,70.53,1,0,0.0,0.0
1305667,computers.notebook,hp,308.63,1,0,0.0,0.0
4900412,appliances.kitchen.juicer,kitfort,104.5,1,0,0.0,0.0
28300545,accessories.wallet,petek,53.54,1,0,0.0,0.0
21405259,electronics.clocks,armani,293.44,1,0,0.0,0.0
13200206,furniture.bedroom.bed,brw,115.06,1,0,0.0,0.0
3200286,appliances.kitchen.meat_grinder,polaris,74.11,1,0,0.0,0.0
21800076,computers.peripherals.mouse,steelseries,7.21,1,0,0.0,0.0
2402571,appliances.kitchen.hood,bosch,136.4,1,0,0.0,0.0
49800014,accessories.bag,ritmix,12.86,1,0,0.0,0.0
5800847,electronics.audio.subwoofer,alphard,51.48,1,0,0.0,0.0
21800172,computers.peripherals.mouse,kingston,15.42,1,0,0.0,0.0
28715884,apparel.shoes,rieker,94.98,1,0,0.0,0.0
13901770,construction.components.faucet,bravat,150.98,1,0,0.0,0.0
6302113,appliances.kitchen.kettle,kitfort,83.43,1,0,0.0,0.0
1480657,computers.desktop,hp,971.9,1,0,0.0,0.0
1801981,electronics.video.tv,lg,591.08,1,0,0.0,0.0
45300035,kids.swing,lorelli,73.14,1,0,0.0,0.0
28709131,apparel.shoes.keds,spur,35.78,1,0,0.0,0.0
10201195,kids.dolls,gulliver,12.87,1,0,0.0,0.0
4801685,electronics.audio.headphone,veho,5.12,1,0,0.0,0.0
12600048,appliances.kitchen.grill,arnica,76.45,1,0,0.0,0.0
21406028,electronics.clocks,versace,1254.47,1,0,0.0,0.0
21409717,electronics.clocks,zeppelin,352.65,1,0,0.0,0.0
5000759,appliances.sewing_machine,singer,217.52,1,0,0.0,0.0
19300098,appliances.ironing_board,dogrular,40.16,1,0,0.0,0.0
21407302,electronics.clocks,rado,2007.77,1,0,0.0,0.0
13901049,construction.components.faucet,calorie,41.2,1,0,0.0,0.0
19300109,appliances.ironing_board,perilla,54.03,1,0,0.0,0.0
3101023,appliances.kitchen.blender,redmond,40.22,1,0,0.0,0.0
5800343,electronics.audio.subwoofer,crunch,90.09,1,0,0.0,0.0
8901901,kids.toys,pituso,52.98,1,0,0.0,0.0
4803773,electronics.audio.headphone,sven,19.54,1,0,0.0,0.0
28720629,apparel.shoes,native,144.12,1,0,0.0,0.0
30000092,construction.tools.welding,fubag,480.06,1,0,0.0,0.0
30901003,computers.components.cooler,gamemax,25.48,1,0,0.0,0.0
30000095,construction.tools.welding,solaris,123.53,1,0,0.0,0.0
12201902,sport.bicycle,giant,2470.85,1,0,0.0,0.0
42900014,construction.tools.light,philips,16.13,1,0,0.0,0.0
6700893,computers.components.videocards,asus,696.54,1,0,0.0,0.0
21406375,electronics.clocks,diesel,180.18,1,0,0.0,0.0
4500779,appliances.kitchen.hob,gefest,192.25,1,0,0.0,0.0
28717953,apparel.shoes,burgerschuhe,105.54,1,0,0.0,0.0
28714263,apparel.shoes.keds,nike,113.23,1,0,0.0,0.0
2800297,appliances.kitchen.refrigerators,leadbros,265.9,1,0,0.0,0.0
21407755,electronics.clocks,mido,978.15,1,0,0.0,0.0
12301512,construction.tools.drill,tundra,20.59,1,0,0.0,0.0
3701144,appliances.environment.vacuum,karcher,476.2,1,0,0.0,0.0
13600070,furniture.bathroom.bath,cersanit,117.89,1,0,0.0,0.0
12301057,construction.tools.drill,bosch,180.44,1,0,0.0,0.0
13200405,furniture.bedroom.bed,brw,429.87,1,0,0.0,0.0
1004442,electronics.smartphone,xiaomi,167.06,1,0,0.0,0.0
4900415,appliances.kitchen.juicer,kitfort,122.65,1,0,0.0,0.0
4900413,appliances.kitchen.juicer,kitfort,220.89,1,0,0.0,0.0
5800932,electronics.audio.subwoofer,hertz,47.62,1,0,0.0,0.0
28300256,accessories.wallet,karya,32.18,1,0,0.0,0.0
3601458,appliances.kitchen.washer,dauscher,329.22,1,0,0.0,0.0
6400340,computers.components.cpu,amd,314.29,1,0,0.0,0.0
21406777,electronics.clocks,tissot,1843.03,1,0,0.0,0.0
45601622,apparel.shoes,kapika,34.75,1,0,0.0,0.0
19100069,construction.tools.saw,dewalt,233.05,1,0,0.0,0.0
16800532,furniture.kitchen.table,listvig,184.05,1,0,0.0,0.0
21405757,electronics.clocks,casio,157.02,1,0,0.0,0.0
9700007,computers.components.power_supply,huntkey,52.29,1,0,0.0,0.0
6900442,furniture.living_room.chair,zlatek,54.03,1,0,0.0,0.0
2401262,appliances.kitchen.hood,bosch,215.37,1,0,0.0,0.0
3801369,appliances.iron,polaris,44.76,1,0,0.0,0.0
6501025,computers.components.motherboard,msi,59.52,1,0,0.0,0.0
21407183,electronics.clocks,longines,1554.74,1,0,0.0,0.0
6700844,computers.components.videocards,palit,65.95,1,0,0.0,0.0
7100471,furniture.bedroom.bed,glamvers,166.28,1,0,0.0,0.0
3701133,appliances.environment.vacuum,lg,252.23,1,0,0.0,0.0
1801564,electronics.video.tv,sony,1801.59,1,0,0.0,0.0
14701215,furniture.living_room.cabinet,brw,137.46,1,0,0.0,0.0
3200366,appliances.kitchen.meat_grinder,saturn,60.39,1,0,0.0,0.0
6000222,auto.accessories.alarm,pandora,132.56,1,0,0.0,0.0
47500027,construction.tools.light,deluxe,24.69,1,0,0.0,0.0
10900045,appliances.kitchen.mixer,zelmer,30.35,1,0,0.0,0.0
4803083,electronics.audio.headphone,sony,31.62,1,0,0.0,0.0
1306931,computers.notebook,hp,628.59,1,0,0.0,0.0
4201316,appliances.environment.air_conditioner,midea,888.24,1,0,0.0,0.0
20700222,apparel.shoes,alpina,82.16,1,0,0.0,0.0
2401514,appliances.kitchen.hood,bosch,257.15,1,0,0.0,0.0
12300086,construction.tools.drill,bosch,61.88,1,0,0.0,0.0
12300193,construction.tools.drill,stanley,61.75,1,0,0.0,0.0
21401452,electronics.clocks,casio,157.02,1,0,0.0,0.0
2401061,appliances.kitchen.hood,bosch,246.85,1,0,0.0,0.0
10900382,appliances.kitchen.mixer,kitfort,236.54,1,0,0.0,0.0
4502560,appliances.kitchen.hob,electrolux,265.1,1,0,0.0,0.0
1701084,computers.peripherals.monitor,acer,115.58,1,0,0.0,0.0
39800106,apparel.shirt,dion,29.6,1,0,0.0,0.0
4501499,appliances.kitchen.hob,bosch,633.19,1,0,0.0,0.0
21410199,electronics.clocks,casio,34.75,1,0,0.0,0.0
21403682,electronics.clocks,orient,254.32,1,0,0.0,0.0
6801006,computers.components.hdd,transcend,148.22,1,0,0.0,0.0
14500025,appliances.kitchen.coffee_grinder,delonghi,43.73,1,0,0.0,0.0
22600007,auto.accessories.compressor,berkut,118.92,1,0,0.0,0.0
1003948,electronics.smartphone,inoi,48.88,1,0,0.0,0.0
43300003,apparel.tshirt,jordan,42.45,1,0,0.0,0.0
1401609,computers.desktop,apple,2187.7,1,0,0.0,0.0
16700533,furniture.kitchen.chair,ikea,11.04,1,0,0.0,0.0
21407229,electronics.clocks,longines,2028.37,1,0,0.0,0.0
21401407,electronics.clocks,casio,67.18,1,0,0.0,0.0
48200271,apparel.dress,mltl,30.86,1,0,0.0,0.0
11300009,electronics.telephone,panasonic,31.5,1,0,0.0,0.0
21407791,electronics.clocks,certina,494.22,1,0,0.0,0.0
3800010,appliances.iron,braun,128.45,1,0,0.0,0.0
12300658,construction.tools.drill,wortex,33.44,1,0,0.0,0.0
21410343,electronics.clocks,lorus,62.29,1,0,0.0,0.0
28401193,accessories.bag,karya,61.26,1,0,0.0,0.0
6801009,computers.components.hdd,plextor,130.22,1,0,0.0,0.0
4400272,appliances.kitchen.coffee_machine,jura,1189.04,1,0,0.0,0.0
2402391,appliances.kitchen.hood,oasis,61.01,1,0,0.0,0.0
3800922,appliances.iron,gorenje,71.51,1,0,0.0,0.0
21408583,electronics.clocks,diesel,225.49,1,0,0.0,0.0
21403343,electronics.clocks,casio,48.14,1,0,0.0,0.0
11100145,appliances.personal.scales,lumme,5.12,1,0,0.0,0.0
6301773,appliances.kitchen.kettle,delta,20.57,1,0,0.0,0.0
3601356,appliances.kitchen.washer,bosch,380.19,1,0,0.0,0.0
1307381,computers.notebook,asus,1136.97,1,0,0.0,0.0
3701339,appliances.environment.vacuum,tefal,90.07,1,0,0.0,0.0
3900747,appliances.environment.water_heater,ariston,196.66,1,0,0.0,0.0
28300420,accessories.wallet,petek,132.82,1,0,0.0,0.0
3601316,appliances.kitchen.washer,bosch,411.62,1,0,0.0,0.0
2402203,appliances.kitchen.hood,maunfeld,56.6,1,0,0.0,0.0
2401831,appliances.kitchen.hood,oasis,58.66,1,0,0.0,0.0
6500557,computers.components.motherboard,asus,197.82,1,0,0.0,0.0
21406493,electronics.clocks,armani,157.53,1,0,0.0,0.0
28714158,apparel.shoes.slipons,caprice,41.19,1,0,0.0,0.0
6501064,computers.components.motherboard,asus,459.41,1,0,0.0,0.0
19200097,construction.tools.saw,p.i.t.,141.21,1,0,0.0,0.0
7101301,furniture.bedroom.bed,incanto,244.49,1,0,0.0,0.0
1005085,electronics.smartphone,inoi,65.96,1,0,0.0,0.0
21405623,electronics.clocks,fossil,293.44,1,0,0.0,0.0
4804408,electronics.audio.headphone,hp,15.7,1,0,0.0,0.0
46800024,appliances.kitchen.refrigerators,dometic,1407.37,1,0,0.0,0.0
28300264,accessories.wallet,karya,29.6,1,0,0.0,0.0
21404129,electronics.clocks,casio,51.48,1,0,0.0,0.0
28706377,apparel.shoes.sandals,spur,25.74,1,0,0.0,0.0
1307013,computers.notebook,apple,2123.35,1,0,0.0,0.0
5000743,appliances.sewing_machine,leader,94.66,1,0,0.0,0.0
1306869,computers.notebook,dell,751.36,1,0,0.0,0.0
28300714,accessories.wallet,muqajankz,30.89,1,0,0.0,0.0
2401827,appliances.kitchen.hood,oasis,46.59,1,0,0.0,0.0
6400369,computers.components.cpu,intel,1007.69,1,0,0.0,0.0
14100272,electronics.audio.acoustic,fender,389.2,1,0,0.0,0.0
8800539,electronics.telephone,bq,13.25,1,0,0.0,0.0
28300429,accessories.wallet,karya,28.31,1,0,0.0,0.0
3801310,appliances.iron,galaxy,13.9,1,0,0.0,0.0
28714355,apparel.shoes.keds,nike,102.94,1,0,0.0,0.0
28715178,apparel.shoes,respect,75.68,1,0,0.0,0.0
13200145,furniture.bedroom.bed,brw,213.39,1,0,0.0,0.0
28400920,accessories.bag,nexpero,58.95,1,0,0.0,0.0
16700479,furniture.kitchen.chair,barneo,57.89,1,0,0.0,0.0
28718058,apparel.shoes,baden,97.04,1,1,97.04,100.0
30000023,construction.tools.welding,redbo,195.63,1,0,0.0,0.0
17800696,computers.desktop,zeta,72.31,1,0,0.0,0.0
12200541,sport.bicycle,phoenix,179.9,1,0,0.0,0.0
3800517,appliances.iron,vitek,26.05,1,0,0.0,0.0
22400052,electronics.audio.microphone,shure,213.65,1,0,0.0,0.0
2400745,appliances.kitchen.hood,gefest,65.21,1,0,0.0,0.0
12100746,kids.skates,slider,141.55,1,0,0.0,0.0
55000010,apparel.costume,jordan,149.27,1,0,0.0,0.0
10400012,kids.toys,rastar,33.44,1,0,0.0,0.0
42900023,construction.tools.light,stanley,31.26,1,0,0.0,0.0
6302235,appliances.kitchen.kettle,kenwood,102.94,1,0,0.0,0.0
8902111,kids.toys,chicco,14.13,1,0,0.0,0.0
4804423,electronics.audio.headphone,harper,16.45,1,0,0.0,0.0
39800014,apparel.shirt,dion,29.6,1,0,0.0,0.0
4501190,appliances.kitchen.hob,beko,126.01,1,0,0.0,0.0
10900062,appliances.kitchen.mixer,vitek,16.71,1,0,0.0,0.0
18300060,accessories.bag,continent,12.61,1,0,0.0,0.0
6902191,furniture.living_room.chair,chicco,344.54,1,0,0.0,0.0
18300902,accessories.bag,defender,14.13,1,0,0.0,0.0
28703605,apparel.shoes.keds,reebok,118.15,1,0,0.0,0.0
4803421,electronics.audio.headphone,trust,6.41,1,0,0.0,0.0
12400434,construction.tools.drill,makita,337.67,1,0,0.0,0.0
5000238,appliances.sewing_machine,jaguar,117.12,1,0,0.0,0.0
21400274,electronics.clocks,casio,266.67,1,0,0.0,0.0
4700580,auto.accessories.videoregister,subini,117.12,1,0,0.0,0.0
6400280,computers.components.cpu,intel,251.88,1,0,0.0,0.0
2501274,appliances.kitchen.oven,hansa,279.52,1,0,0.0,0.0
4802446,electronics.audio.headphone,philips,7.02,1,0,0.0,0.0
50600029,auto.accessories.compressor,denzel,603.69,1,0,0.0,0.0
21000041,accessories.bag,roncato,115.58,1,0,0.0,0.0
3101022,appliances.kitchen.blender,braun,79.54,1,0,0.0,0.0
1600469,computers.peripherals.printer,hp,222.16,1,0,0.0,0.0
8800672,electronics.telephone,irbis,10.41,1,0,0.0,0.0
9000235,computers.peripherals.keyboard,logitech,19.8,1,0,0.0,0.0
6301554,appliances.kitchen.kettle,maxwell,12.84,1,0,0.0,0.0
14100061,electronics.audio.acoustic,fender,253.55,1,0,0.0,0.0
35101686,apparel.underwear,milavitsa,26.53,1,0,0.0,0.0
1003997,electronics.smartphone,xiaomi,251.8,1,0,0.0,0.0
5801045,electronics.audio.subwoofer,hertz,340.55,1,0,0.0,0.0
14300071,electronics.audio.music_tools.piano,casio,79.28,1,0,0.0,0.0
6500801,computers.components.motherboard,asrock,118.0,1,0,0.0,0.0
4400072,appliances.kitchen.coffee_machine,bosch,144.12,1,0,0.0,0.0
5701377,auto.accessories.player,autoline,270.28,1,0,0.0,0.0
14100508,electronics.audio.acoustic,rockdale,108.11,1,0,0.0,0.0
2401436,appliances.kitchen.hood,gorenje,108.06,1,0,0.0,0.0
4502527,appliances.kitchen.hob,electrolux,558.55,1,0,0.0,0.0
28714377,apparel.shoes.keds,nike,61.52,1,0,0.0,0.0
51600010,electronics.clocks,troyka,12.84,1,0,0.0,0.0
1306583,computers.notebook,acer,926.64,1,0,0.0,0.0
6200933,appliances.environment.air_heater,hyundai,21.88,1,0,0.0,0.0
21405820,electronics.clocks,traser,475.17,1,0,0.0,0.0
35200198,apparel.underwear,milavitsa,15.77,1,0,0.0,0.0
35200221,apparel.underwear,milavitsa,17.56,1,0,0.0,0.0
7004107,kids.carriage,adamex,404.13,1,0,0.0,0.0
28718910,apparel.shoes.keds,nexpero,71.82,1,0,0.0,0.0
2400248,appliances.kitchen.hood,gefest,69.19,1,0,0.0,0.0
5000079,appliances.sewing_machine,janome,190.98,1,0,0.0,0.0
8700099,appliances.personal.hair_cutter,moser,40.77,1,0,0.0,0.0
8801028,electronics.telephone,philips,20.58,1,0,0.0,0.0
4803004,electronics.audio.headphone,jbl,30.86,1,0,0.0,0.0
21400435,electronics.clocks,casio,141.83,1,0,0.0,0.0
2501253,appliances.kitchen.oven,bosch,457.93,1,0,0.0,0.0
35108687,apparel.underwear,milavitsa,18.57,1,0,0.0,0.0
28717877,apparel.shoes,cover,135.65,1,0,0.0,0.0
1306736,computers.notebook,asus,846.61,1,0,0.0,0.0
45500005,computers.notebook,crown,32.8,1,0,0.0,0.0
3100467,appliances.kitchen.blender,polaris,40.08,1,0,0.0,0.0
1480544,computers.desktop,smart,868.62,1,0,0.0,0.0
45601273,apparel.shoes.moccasins,pablosky,59.2,1,0,0.0,0.0
28715553,apparel.shoes,cavaletto,106.82,1,0,0.0,0.0
2501493,appliances.kitchen.oven,smeg,514.69,1,1,514.69,100.0
12202116,sport.bicycle,gt,514.56,1,0,0.0,0.0
6901356,furniture.living_room.chair,kiddy,151.87,1,0,0.0,0.0
18900004,electronics.camera.photo,sony,797.7,1,0,0.0,0.0
22900111,furniture.bedroom.pillow,tamish,12.61,1,0,0.0,0.0
3900924,appliances.environment.water_heater,thermex,126.1,1,0,0.0,0.0
6500732,computers.components.motherboard,msi,151.84,1,0,0.0,0.0
8800677,electronics.telephone,irbis,14.64,1,0,0.0,0.0
28720437,apparel.shoes.keds,baden,53.8,1,0,0.0,0.0
4500755,appliances.kitchen.hob,gorenje,360.34,1,0,0.0,0.0
4502073,appliances.kitchen.hob,gorenje,360.34,1,0,0.0,0.0
18300924,accessories.bag,xiaomi,38.35,1,0,0.0,0.0
28720348,apparel.shoes.step_ins,nike,29.6,1,0,0.0,0.0
10900402,appliances.kitchen.mixer,kitchenaid,1260.75,1,0,0.0,0.0
4804082,electronics.audio.headphone,jbl,120.72,1,0,0.0,0.0
35200191,apparel.underwear,milavitsa,18.56,1,0,0.0,0.0
6800481,computers.components.hdd,samsung,154.19,1,0,0.0,0.0
12400047,construction.tools.drill,dewalt,197.5,1,0,0.0,0.0
12300959,construction.tools.drill,milwaukee,180.44,1,0,0.0,0.0
21401222,electronics.clocks,casio,40.88,1,0,0.0,0.0
4802635,electronics.audio.headphone,philips,51.46,1,0,0.0,0.0
2502112,appliances.kitchen.oven,kaiser,618.1,1,0,0.0,0.0
4800601,electronics.audio.headphone,beyerdynamic,45.05,1,0,0.0,0.0
55000002,apparel.costume,jordan,169.86,1,0,0.0,0.0
9002770,kids.toys,fancy,19.43,1,0,0.0,0.0
14300020,electronics.audio.music_tools.piano,casio,269.49,1,0,0.0,0.0
1306778,computers.notebook,hp,821.1,1,0,0.0,0.0
3800807,appliances.iron,braun,82.34,1,0,0.0,0.0
28300750,accessories.wallet,picard,81.08,1,0,0.0,0.0
6900715,furniture.living_room.chair,joie,228.83,1,0,0.0,0.0
21401487,electronics.clocks,casio,59.2,1,0,0.0,0.0
12400099,construction.tools.drill,dwt,67.5,1,0,0.0,0.0
21400251,electronics.clocks,boccia,133.85,1,0,0.0,0.0
6300905,appliances.kitchen.kettle,vitek,38.59,1,0,0.0,0.0
21400045,electronics.clocks,casio,172.72,1,0,0.0,0.0
4802121,electronics.audio.headphone,microlab,11.56,1,0,0.0,0.0
21406101,electronics.clocks,versace,1143.66,1,0,0.0,0.0
1306248,computers.notebook,hp,1052.54,1,0,0.0,0.0
4501113,appliances.kitchen.hob,electrolux,280.29,1,0,0.0,0.0
6600382,computers.components.memory,crucial,175.29,1,0,0.0,0.0
28714807,apparel.shoes.keds,rheinberger,40.93,1,0,0.0,0.0
6500660,computers.components.motherboard,gigabyte,504.49,1,0,0.0,0.0
28300603,accessories.wallet,karya,43.76,1,0,0.0,0.0
6600478,computers.components.memory,kingston,46.59,1,0,0.0,0.0
1701074,computers.peripherals.monitor,iiyama,336.16,1,0,0.0,0.0
28719308,apparel.shoes.keds,fila,102.71,1,0,0.0,0.0
17800365,computers.desktop,zeta,151.99,1,0,0.0,0.0
4400319,appliances.kitchen.coffee_machine,delonghi,253.52,1,0,0.0,0.0
9101653,computers.peripherals.mouse,asus,93.9,1,0,0.0,0.0
4700723,auto.accessories.videoregister,mio,294.71,1,0,0.0,0.0
21407257,electronics.clocks,rado,1595.92,1,0,0.0,0.0
30901172,computers.components.cooler,supermicro,66.87,1,0,0.0,0.0
3601096,appliances.kitchen.washer,bosch,573.73,1,0,0.0,0.0
1401649,computers.desktop,hp,1523.81,1,0,0.0,0.0
21800045,computers.peripherals.mouse,hyperx,19.27,1,0,0.0,0.0
21406099,electronics.clocks,versace,792.04,1,0,0.0,0.0
1004675,electronics.smartphone,asus,281.67,1,0,0.0,0.0
5000319,appliances.sewing_machine,elna,128.1,1,0,0.0,0.0
12400302,construction.tools.drill,dewalt,197.5,1,0,0.0,0.0
3100106,appliances.kitchen.blender,bosch,53.8,1,0,0.0,0.0
9100770,computers.peripherals.mouse,trust,15.42,1,0,0.0,0.0
1801966,electronics.video.tv,lg,489.0,1,0,0.0,0.0
17900037,construction.tools.generator,huter,492.65,1,0,0.0,0.0
5700921,auto.accessories.player,swat,234.24,1,0,0.0,0.0
6801286,computers.components.hdd,transcend,48.46,1,0,0.0,0.0
19200207,construction.tools.saw,edon,51.22,1,0,0.0,0.0
28715787,apparel.shoes,nexpero,107.85,1,0,0.0,0.0
4803001,electronics.audio.headphone,sony,38.59,1,0,0.0,0.0
21408706,electronics.clocks,casio,105.28,1,0,0.0,0.0
27600214,country_yard.lawn_mower,huter,175.53,1,0,0.0,0.0
21411316,electronics.clocks,seiko,209.53,1,0,0.0,0.0
3900964,appliances.environment.water_heater,oasis,61.75,1,0,0.0,0.0
28716061,apparel.shoes.moccasins,weekend,324.33,1,0,0.0,0.0
1500368,computers.peripherals.printer,hp,553.46,1,0,0.0,0.0
6701037,computers.components.videocards,gigabyte,205.18,1,0,0.0,0.0
28714398,apparel.shoes.keds,nike,94.98,1,0,0.0,0.0
21411483,electronics.clocks,armani,293.44,1,0,0.0,0.0
29700003,accessories.umbrella,fabretti,25.48,1,0,0.0,0.0
28719252,apparel.shoes,rieker,96.53,1,0,0.0,0.0
4900023,appliances.kitchen.juicer,redmond,156.99,1,0,0.0,0.0
5800218,electronics.audio.subwoofer,pioneer,34.75,1,0,0.0,0.0
5800287,electronics.audio.subwoofer,morel,72.07,1,0,0.0,0.0
1801902,electronics.video.tv,lg,1801.59,1,0,0.0,0.0
3600987,appliances.kitchen.washer,atlantic,93.7,1,0,0.0,0.0
19200020,construction.tools.saw,huter,104.74,1,0,0.0,0.0
1305008,computers.notebook,xiaomi,1127.18,1,0,0.0,0.0
6301968,appliances.kitchen.kettle,polaris,26.77,1,0,0.0,0.0
27700146,construction.tools.pump,leo,100.39,1,0,0.0,0.0
12300957,construction.tools.drill,milwaukee,142.27,1,0,0.0,0.0
12301472,construction.tools.drill,milwaukee,209.19,1,0,0.0,0.0
4400073,appliances.kitchen.coffee_machine,krups,151.84,1,0,0.0,0.0
10200949,kids.dolls,simba,23.14,1,0,0.0,0.0
28401163,accessories.bag,karya,105.54,1,0,0.0,0.0
1004908,electronics.smartphone,doogee,67.35,1,0,0.0,0.0
28720316,apparel.shoes.keds,reebok,118.15,1,0,0.0,0.0
7006360,kids.carriage,joie,255.61,1,0,0.0,0.0
1701384,computers.peripherals.monitor,asus,144.91,1,0,0.0,0.0
5800113,electronics.audio.subwoofer,hertz,47.52,1,0,0.0,0.0
8700333,appliances.personal.hair_cutter,rowenta,23.14,1,0,0.0,0.0
9200657,computers.peripherals.keyboard,sven,7.57,1,0,0.0,0.0
13600221,furniture.bathroom.bath,cersanit,108.09,1,0,0.0,0.0
4802196,electronics.audio.headphone,sony,193.03,1,0,0.0,0.0
28401247,accessories.bag,karya,56.63,1,0,0.0,0.0
42900021,construction.tools.light,ultraflash,10.68,1,0,0.0,0.0
4800271,electronics.audio.headphone,sony,64.33,1,0,0.0,0.0
3701294,appliances.environment.vacuum,philips,514.53,1,0,0.0,0.0
14300015,electronics.audio.music_tools.piano,casio,146.45,1,0,0.0,0.0
4201541,appliances.environment.air_conditioner,artel,898.35,1,0,0.0,0.0
1802003,electronics.video.tv,ergo,463.07,1,0,0.0,0.0
25100025,construction.tools.light,mantra,76.17,1,0,0.0,0.0
3601326,appliances.kitchen.washer,electrolux,475.4,1,0,0.0,0.0
2800216,appliances.kitchen.refrigerators,pozis,330.61,1,0,0.0,0.0
2401253,appliances.kitchen.hood,hansa,76.94,1,0,0.0,0.0
16200188,kids.fmcg.diapers,pampers,3.71,1,0,0.0,0.0
1201393,electronics.tablet,apple,2316.64,1,0,0.0,0.0
1701412,computers.peripherals.monitor,acer,135.63,1,0,0.0,0.0
17800693,computers.desktop,zeta,126.62,1,0,0.0,0.0
2900579,appliances.kitchen.microwave,lg,162.14,1,0,0.0,0.0
4200865,appliances.environment.air_conditioner,midea,283.4,1,0,0.0,0.0
4802146,electronics.audio.headphone,plantronics,204.51,1,0,0.0,0.0
21409912,electronics.clocks,fossil,134.88,1,0,0.0,0.0
6701142,computers.components.videocards,his,401.3,1,0,0.0,0.0
13500200,furniture.bedroom.bed,brw,45.3,1,0,0.0,0.0
3701444,appliances.environment.vacuum,bosch,540.53,1,0,0.0,0.0
17900150,construction.tools.generator,senci,1021.33,1,0,0.0,0.0
4200224,appliances.environment.air_conditioner,lg,1248.42,1,0,0.0,0.0
6902460,furniture.living_room.chair,zlatek,15.39,1,0,0.0,0.0
1701439,computers.peripherals.monitor,lg,463.31,1,0,0.0,0.0
21405811,electronics.clocks,casio,157.02,1,0,0.0,0.0
1004219,electronics.smartphone,xiaomi,385.85,1,0,0.0,0.0
14700090,furniture.living_room.cabinet,sv,154.19,1,0,0.0,0.0
6800076,computers.components.hdd,toshiba,77.98,1,0,0.0,0.0
5100521,electronics.clocks,garmin,681.78,1,0,0.0,0.0
1201405,electronics.tablet,apple,1164.77,1,0,0.0,0.0
4500310,appliances.kitchen.hob,hotpoint-ariston,184.79,1,0,0.0,0.0
7000495,kids.carriage,joie,181.47,1,0,0.0,0.0
22400027,electronics.audio.microphone,ritmix,2.96,1,0,0.0,0.0
9200101,computers.peripherals.keyboard,logitech,39.87,1,0,0.0,0.0
7000483,kids.carriage,joie,140.29,1,0,0.0,0.0
36000083,appliances.kitchen.kettle,polaris,37.58,1,0,0.0,0.0
28300347,accessories.wallet,petek,72.07,1,0,0.0,0.0
2402843,appliances.kitchen.hood,akpo,108.14,1,0,0.0,0.0
6302023,appliances.kitchen.kettle,redmond,77.2,1,0,0.0,0.0
2501246,appliances.kitchen.oven,mbs,272.83,1,0,0.0,0.0
9200196,computers.peripherals.keyboard,crown,6.23,1,0,0.0,0.0
1700404,computers.peripherals.monitor,acer,89.06,1,0,0.0,0.0
4400276,appliances.kitchen.coffee_machine,delonghi,617.75,1,0,0.0,0.0
3800527,appliances.iron,saturn,10.01,1,0,0.0,0.0
4400005,appliances.kitchen.coffee_machine,philips,64.33,1,0,0.0,0.0
1306527,computers.notebook,dell,951.4,1,0,0.0,0.0
4501777,appliances.kitchen.hob,midea,321.73,1,0,0.0,0.0
3801273,appliances.iron,tefal,184.02,1,0,0.0,0.0
1201394,electronics.tablet,apple,1235.3,1,0,0.0,0.0
5100650,electronics.clocks,garmin,138.97,1,0,0.0,0.0
28704123,apparel.shoes.keds,nike,179.93,1,0,0.0,0.0
1002845,electronics.smartphone,gionee,51.46,1,0,0.0,0.0
1306761,computers.notebook,hp,452.95,1,0,0.0,0.0
46800022,appliances.kitchen.refrigerators,dometic,1148.7,1,0,0.0,0.0
3801263,appliances.iron,scarlett,17.98,1,0,0.0,0.0
3100306,appliances.kitchen.blender,kitchenaid,244.02,1,0,0.0,0.0
6902985,furniture.living_room.chair,bugaboo,301.14,1,0,0.0,0.0
45601420,apparel.shoes,pablosky,79.02,1,0,0.0,0.0
4804386,electronics.audio.headphone,crown,20.57,1,0,0.0,0.0
21410271,electronics.clocks,adriatica,193.83,1,0,0.0,0.0
25001113,furniture.universal.light,lidonet,17.99,1,0,0.0,0.0
3901158,appliances.environment.water_heater,electrolux,231.64,1,0,0.0,0.0
12100617,kids.skates,longway,82.37,1,0,0.0,0.0
12600028,appliances.kitchen.grill,polaris,124.53,1,0,0.0,0.0
1307282,computers.notebook,hp,1057.68,1,0,0.0,0.0
21404489,electronics.clocks,orient,121.5,1,0,0.0,0.0
28300765,accessories.wallet,picard,63.06,1,0,0.0,0.0
3601555,appliances.kitchen.washer,rebus,168.96,1,0,0.0,0.0
28711802,apparel.shoes,caprice,47.62,1,0,0.0,0.0
33300008,furniture.kitchen.table,kettler,875.18,1,0,0.0,0.0
12301021,construction.tools.drill,oasis,30.86,1,0,0.0,0.0
4801886,electronics.audio.headphone,awei,15.57,1,0,0.0,0.0
45601039,apparel.shoes,pablosky,34.75,1,0,0.0,0.0
1306083,computers.notebook,hp,1512.71,1,0,0.0,0.0
7006402,kids.carriage,teknum,56.63,1,0,0.0,0.0
6800714,computers.components.hdd,kingston,138.92,1,0,0.0,0.0
4900325,appliances.kitchen.juicer,hurom,322.76,1,0,0.0,0.0
10400619,kids.toys,hb,36.01,1,0,0.0,0.0
2800352,appliances.kitchen.refrigerators,electrolux,700.12,1,0,0.0,0.0
19200162,construction.tools.saw,makita,791.14,1,0,0.0,0.0
4501834,appliances.kitchen.hob,hotpoint-ariston,267.64,1,0,0.0,0.0
4500517,appliances.kitchen.hob,gefest,141.32,1,0,0.0,0.0
28718457,apparel.shoes.keds,strobbs,64.61,1,0,0.0,0.0
45601604,apparel.shoes,kapika,34.75,1,0,0.0,0.0
28715660,apparel.shoes,greyder,115.83,1,0,0.0,0.0
27700770,construction.tools.pump,leo,120.98,1,0,0.0,0.0
10200922,kids.dolls,gulliver,30.63,1,0,0.0,0.0
1701233,computers.peripherals.monitor,philips,208.92,1,0,0.0,0.0
28704588,apparel.shoes,etor,100.39,1,0,0.0,0.0
4500567,appliances.kitchen.hob,bosch,130.97,1,0,0.0,0.0
1480373,computers.desktop,lenovo,513.48,1,0,0.0,0.0
1307176,computers.notebook,lenovo,694.97,1,0,0.0,0.0
25100325,construction.tools.light,maysun,67.93,1,0,0.0,0.0
14300293,electronics.audio.music_tools.piano,korg,1453.06,1,0,0.0,0.0
1480240,computers.desktop,lenovo,977.65,1,0,0.0,0.0
35700018,appliances.kitchen.kettle,taller,19.28,1,0,0.0,0.0
12400375,construction.tools.drill,milwaukee,240.58,1,0,0.0,0.0
10400510,kids.toys,disney,16.19,1,0,0.0,0.0
9500039,computers.peripherals.camera,hp,37.07,1,0,0.0,0.0
7005561,kids.carriage,hauck,205.67,1,0,0.0,0.0
10400376,kids.toys,silverlit,76.71,1,0,0.0,0.0
10400714,kids.toys,silverlit,59.98,1,0,0.0,0.0
6600175,computers.components.memory,geil,20.31,1,0,0.0,0.0
6201127,appliances.environment.air_heater,scoole,30.63,1,0,0.0,0.0
13200486,furniture.bedroom.bed,brw,119.18,1,0,0.0,0.0
13201248,furniture.bedroom.bed,brw,429.87,1,0,0.0,0.0
4400523,appliances.kitchen.coffee_machine,polaris,101.93,1,0,0.0,0.0
16200187,kids.fmcg.diapers,pampers,13.44,1,0,0.0,0.0
28400769,accessories.bag,baden,76.96,1,0,0.0,0.0
12901413,stationery.cartrige,europrint,6.21,1,0,0.0,0.0
1307048,computers.notebook,hp,1031.8,1,0,0.0,0.0
19100119,construction.tools.saw,makita,560.3,1,0,0.0,0.0
12202466,sport.bicycle,altair,123.56,1,0,0.0,0.0
6801157,computers.components.hdd,kingmax,22.63,1,0,0.0,0.0
8800738,electronics.telephone,inoi,37.24,1,0,0.0,0.0
5800921,electronics.audio.subwoofer,hertz,42.21,1,0,0.0,0.0
6600882,computers.components.memory,patriot,20.46,1,0,0.0,0.0
44800035,sport.tennis,babolat,25.48,1,0,0.0,0.0
4000226,construction.tools.generator,philips,154.42,1,0,0.0,0.0
3700455,appliances.environment.vacuum,philips,270.25,1,0,0.0,0.0
13800007,furniture.bathroom.toilet,rosa,101.87,1,0,0.0,0.0
45600363,apparel.shoes,garvalin,64.35,1,0,0.0,0.0
11600143,computers.desktop,sven,36.01,1,0,0.0,0.0
28719179,apparel.shoes,caprice,111.97,1,0,0.0,0.0
1307175,computers.notebook,hp,1109.4,1,0,0.0,0.0
55000003,apparel.costume,jordan,169.86,1,0,0.0,0.0
28718567,apparel.shoes.moccasins,etor,100.39,1,0,0.0,0.0
5801202,electronics.audio.subwoofer,hertz,608.12,1,0,0.0,0.0
18300881,accessories.bag,thule,78.55,1,0,0.0,0.0
28704336,apparel.shoes.keds,nike,200.78,1,0,0.0,0.0
1306476,computers.notebook,lenovo,2308.24,1,0,0.0,0.0
27600098,country_yard.lawn_mower,makita,138.16,1,0,0.0,0.0
21400121,electronics.clocks,casio,126.39,1,0,0.0,0.0
28711628,apparel.shoes,rieker,40.16,1,0,0.0,0.0
28720330,apparel.shoes.keds,reebok,118.15,1,0,0.0,0.0
2400499,appliances.kitchen.hood,gefest,84.94,1,0,0.0,0.0
21407291,electronics.clocks,rado,2419.62,1,0,0.0,0.0
2501907,appliances.kitchen.oven,dauscher,89.58,1,0,0.0,0.0
4502494,appliances.kitchen.hob,dauscher,120.96,1,0,0.0,0.0
28714593,apparel.shoes.keds,adidas,74.65,1,0,0.0,0.0
1306696,computers.notebook,dell,645.83,1,0,0.0,0.0
2501078,appliances.kitchen.oven,electrolux,1195.47,1,0,0.0,0.0
45601505,apparel.shoes,babybotte,30.63,1,0,0.0,0.0
28716418,apparel.shoes,respect,86.23,1,0,0.0,0.0
8801073,electronics.telephone,nokia,25.71,1,0,0.0,0.0
8600189,appliances.environment.fan,willmark,15.42,1,0,0.0,0.0
2900792,appliances.kitchen.microwave,electrolux,132.54,1,0,0.0,0.0
3200540,appliances.kitchen.meat_grinder,redmond,102.94,1,0,0.0,0.0
12300097,construction.tools.drill,dewalt,242.09,1,0,0.0,0.0
6400329,computers.components.cpu,intel,273.88,1,0,0.0,0.0
16900052,furniture.kitchen.table,brw,109.66,1,0,0.0,0.0
7002594,kids.carriage,tutis,344.41,1,0,0.0,0.0
2501007,appliances.kitchen.oven,electrolux,629.28,1,0,0.0,0.0
21407401,electronics.clocks,tissot,689.85,1,0,0.0,0.0
4700314,auto.accessories.videoregister,playme,127.1,1,0,0.0,0.0
7004470,kids.carriage,wingoffly,113.26,1,0,0.0,0.0
13800532,furniture.bathroom.toilet,mio,167.46,1,0,0.0,0.0
5000667,appliances.sewing_machine,brother,116.58,1,0,0.0,0.0
12300536,construction.tools.drill,ryobi,72.68,1,0,0.0,0.0
28716974,apparel.shoes,respect,75.42,1,0,0.0,0.0
10400344,kids.toys,silverlit,29.71,1,0,0.0,0.0
4500025,appliances.kitchen.hob,hotpoint-ariston,212.6,1,0,0.0,0.0
3601432,appliances.kitchen.washer,lg,628.21,1,0,0.0,0.0
28716833,apparel.shoes,rieker,101.68,1,0,0.0,0.0
13201197,furniture.bedroom.bed,brw,288.3,1,0,0.0,0.0
6000283,auto.accessories.alarm,starline,119.69,1,0,0.0,0.0
12400024,construction.tools.drill,dewalt,180.17,1,0,0.0,0.0
28717009,apparel.shoes,respect,102.71,1,0,0.0,0.0
3100962,appliances.kitchen.blender,unit,23.14,1,0,0.0,0.0
21409882,electronics.clocks,diesel,225.49,1,0,0.0,0.0
9000228,computers.peripherals.keyboard,delux,14.21,1,0,0.0,0.0
35200534,apparel.underwear,milavitsa,16.11,1,0,0.0,0.0
25100276,construction.tools.light,garant,6.64,1,0,0.0,0.0
17800024,computers.desktop,dxracer,231.41,1,0,0.0,0.0
28715951,apparel.shoes,etor,108.11,1,0,0.0,0.0
7002452,kids.carriage,dsland,566.3,1,0,0.0,0.0
3701427,appliances.environment.vacuum,samsung,900.9,1,0,0.0,0.0
3600644,appliances.kitchen.washer,whirlpool,364.46,1,0,0.0,0.0
8800110,electronics.telephone,fly,15.26,1,0,0.0,0.0
21407637,electronics.clocks,casio,43.76,1,0,0.0,0.0
4000202,construction.tools.generator,karcher,148.78,1,0,0.0,0.0
21404500,electronics.clocks,citizen,317.64,1,0,0.0,0.0
8801087,electronics.telephone,texet,25.71,1,0,0.0,0.0
27700106,construction.tools.pump,leo,64.35,1,0,0.0,0.0
6301235,appliances.kitchen.kettle,kenwood,118.38,1,0,0.0,0.0
17800522,computers.desktop,zeta,56.02,1,0,0.0,0.0
8901112,kids.toys,fisher-price,14.9,1,0,0.0,0.0
13900007,construction.components.faucet,rossinka,46.32,1,0,0.0,0.0
6400215,computers.components.cpu,intel,1274.45,1,0,0.0,0.0
6301811,appliances.kitchen.kettle,galaxy,22.63,1,0,0.0,0.0
28720628,apparel.shoes,native,144.12,1,0,0.0,0.0
28300602,accessories.wallet,karya,46.33,1,0,0.0,0.0
45300050,kids.swing,lorelli,45.8,1,0,0.0,0.0
12600098,appliances.kitchen.grill,polaris,61.75,1,0,0.0,0.0
4502460,appliances.kitchen.hob,maunfeld,395.89,1,0,0.0,0.0
7004568,kids.carriage,joie,131.02,1,0,0.0,0.0
7102035,furniture.bedroom.bed,joie,119.69,1,0,0.0,0.0
28712101,apparel.shoes,rieker,64.61,1,0,0.0,0.0
6500802,computers.components.motherboard,asrock,131.73,1,0,0.0,0.0
29600028,apparel.scarf,fabretti,17.76,1,0,0.0,0.0
28718896,apparel.shoes,rieker,73.36,1,0,0.0,0.0
7005945,kids.carriage,cybex,373.21,1,0,0.0,0.0
1201249,electronics.tablet,apple,1279.95,1,0,0.0,0.0
28300789,accessories.wallet,petek,60.75,1,0,0.0,0.0
45601084,apparel.shoes,minimen,41.19,1,0,0.0,0.0
10201544,kids.dolls,barbie,60.46,1,0,0.0,0.0
2900402,appliances.kitchen.microwave,horizont,70.63,1,0,0.0,0.0
5000495,appliances.sewing_machine,janome,107.75,1,0,0.0,0.0
28716610,apparel.shoes,baden,79.02,1,0,0.0,0.0
4802460,electronics.audio.headphone,sony,10.81,1,0,0.0,0.0
18300649,accessories.bag,soyntec,7.18,1,0,0.0,0.0
18300139,accessories.bag,rivacase,30.86,1,0,0.0,0.0
43000002,construction.tools.pump,bestway,10.79,1,0,0.0,0.0
1003015,electronics.smartphone,lg,137.86,1,0,0.0,0.0
32900048,accessories.bag,okuma,8.1,1,0,0.0,0.0
1701036,computers.peripherals.monitor,hp,257.38,1,0,0.0,0.0
21800118,computers.peripherals.mouse,logitech,48.22,1,0,0.0,0.0
28300421,accessories.wallet,petek,89.58,1,0,0.0,0.0
4700570,auto.accessories.videoregister,blackvue,530.72,1,0,0.0,0.0
7101417,furniture.bedroom.bed,lorelli,53.54,1,0,0.0,0.0
50600021,auto.accessories.compressor,denzel,458.32,1,0,0.0,0.0
6701029,computers.components.videocards,palit,1317.25,1,0,0.0,0.0
45300074,kids.swing,nuna,256.63,1,0,0.0,0.0
28400251,accessories.bag,picard,144.15,1,0,0.0,0.0
2400099,appliances.kitchen.hood,bosch,248.4,1,0,0.0,0.0
20400127,apparel.shoes,ride,257.15,1,0,0.0,0.0
3701259,appliances.environment.vacuum,makita,1008.53,1,0,0.0,0.0
6600987,computers.components.memory,crucial,137.46,1,0,0.0,0.0
1500276,computers.peripherals.printer,epson,2189.09,1,0,0.0,0.0
3701082,appliances.environment.vacuum,samsung,123.53,1,0,0.0,0.0
21400917,electronics.clocks,casio,357.28,1,0,0.0,0.0
28300451,accessories.wallet,karya,38.61,1,0,0.0,0.0
3700804,appliances.environment.vacuum,midea,37.84,1,0,0.0,0.0
3200443,appliances.kitchen.meat_grinder,saturn,55.86,1,0,0.0,0.0
4000207,construction.tools.generator,polaris,102.94,1,0,0.0,0.0
8900538,kids.toys,chicco,15.42,1,0,0.0,0.0
6500762,computers.components.motherboard,asus,140.52,1,0,0.0,0.0
4201179,appliances.environment.air_conditioner,almacom,373.01,1,0,0.0,0.0
4200866,appliances.environment.air_conditioner,almacom,331.74,1,0,0.0,0.0
2501870,appliances.kitchen.oven,fornelli,355.53,1,0,0.0,0.0
25100033,construction.tools.light,mantra,296.18,1,0,0.0,0.0
28300443,accessories.wallet,karya,43.76,1,0,0.0,0.0
4802474,electronics.audio.headphone,plantronics,304.41,1,0,0.0,0.0
7006395,kids.carriage,wingoffly,119.69,1,0,0.0,0.0
3601474,appliances.kitchen.washer,lg,643.49,1,0,0.0,0.0
28720351,apparel.shoes.keds,nike,145.41,1,0,0.0,0.0
5800065,electronics.audio.subwoofer,alpine,51.22,1,0,0.0,0.0
1801747,electronics.video.tv,olto,153.41,1,0,0.0,0.0
9200741,computers.peripherals.keyboard,logitech,163.53,1,0,0.0,0.0
21404692,electronics.clocks,versace,2416.28,1,0,0.0,0.0
1306716,computers.notebook,dell,1464.39,1,0,0.0,0.0
13201180,furniture.bedroom.bed,brw,273.62,1,0,0.0,0.0
1306763,computers.notebook,msi,1106.82,1,0,0.0,0.0
12201093,sport.bicycle,scott,386.11,1,0,0.0,0.0
22400006,electronics.audio.microphone,shure,200.52,1,0,0.0,0.0
6100257,auto.accessories.radar,fujida,38.35,1,0,0.0,0.0
21402996,electronics.clocks,adriatica,200.52,1,0,0.0,0.0
1201382,electronics.tablet,apple,1327.96,1,0,0.0,0.0
45601569,apparel.shoes,babybotte,28.83,1,0,0.0,0.0
12400132,construction.tools.drill,bosch,138.1,1,0,0.0,0.0
45601532,apparel.shoes,garvalin,72.07,1,0,0.0,0.0
11200117,appliances.personal.scales,tefal,63.06,1,0,0.0,0.0
9200712,computers.peripherals.keyboard,hp,70.36,1,0,0.0,0.0
28716344,apparel.shoes,respect,79.02,1,0,0.0,0.0
25800020,medicine.tools.tonometer,omron,97.27,1,0,0.0,0.0
12300980,construction.tools.drill,ryobi,75.56,1,0,0.0,0.0
7900935,furniture.kitchen.chair,peg-perego,276.71,1,0,0.0,0.0
12201700,sport.bicycle,wethepeople,478.52,1,0,0.0,0.0
39800220,apparel.shirt,harley-davidson,189.19,1,0,0.0,0.0
8902350,kids.toys,chicco,38.59,1,0,0.0,0.0
27701053,construction.tools.pump,pedrollo,732.09,1,0,0.0,0.0
21400319,electronics.clocks,casio,157.53,1,0,0.0,0.0
3601523,appliances.kitchen.washer,midea,303.71,1,0,0.0,0.0
10400426,kids.toys,hb,23.14,1,0,0.0,0.0
12300267,construction.tools.drill,dwt,58.72,1,0,0.0,0.0
1201444,electronics.tablet,apple,797.7,1,0,0.0,0.0
10201580,kids.dolls,disney,35.91,1,0,0.0,0.0
3701197,appliances.environment.vacuum,xiaomi,94.98,1,0,0.0,0.0
21401440,electronics.clocks,casio,59.2,1,0,0.0,0.0
7004981,kids.carriage,adamex,190.48,1,0,0.0,0.0
21407231,electronics.clocks,longines,1616.52,1,0,0.0,0.0
8700161,appliances.personal.hair_cutter,vitek,7.7,1,0,0.0,0.0
2501671,appliances.kitchen.oven,bbk,55.58,1,0,0.0,0.0
28300590,accessories.wallet,karya,43.76,1,0,0.0,0.0
6500705,computers.components.motherboard,gigabyte,116.35,1,0,0.0,0.0
3601338,appliances.kitchen.washer,electrolux,900.85,1,0,0.0,0.0
21406259,electronics.clocks,citizen,72.59,1,0,0.0,0.0
21410893,electronics.clocks,swatch,102.19,1,0,0.0,0.0
7900812,furniture.kitchen.chair,lorelli,45.56,1,0,0.0,0.0
28715542,apparel.shoes,cavaletto,101.68,1,0,0.0,0.0
6601029,computers.components.memory,kingston,103.73,1,0,0.0,0.0
3601160,appliances.kitchen.washer,electrolux,476.13,1,0,0.0,0.0
25800014,medicine.tools.tonometer,omron,33.12,1,0,0.0,0.0
7000764,kids.carriage,babyzen,630.65,1,0,0.0,0.0
2800327,appliances.kitchen.refrigerators,beko,382.26,1,0,0.0,0.0
5701094,auto.accessories.player,kenwood,51.48,1,0,0.0,0.0
6800383,computers.components.hdd,transcend,63.99,1,0,0.0,0.0
4804169,electronics.audio.headphone,redragon,30.63,1,0,0.0,0.0
2300280,electronics.camera.video,panasonic,2470.03,1,0,0.0,0.0
12301380,construction.tools.drill,metabo,387.73,1,0,0.0,0.0
6800421,computers.components.hdd,transcend,29.26,1,0,0.0,0.0
1802042,electronics.video.tv,lg,1286.49,1,0,0.0,0.0
12201478,sport.bicycle,axis,175.04,1,0,0.0,0.0
10900325,appliances.kitchen.mixer,bosch,38.33,1,0,0.0,0.0
12201276,sport.bicycle,smartrike,149.3,1,0,0.0,0.0
5801452,electronics.audio.subwoofer,sony,59.2,1,0,0.0,0.0
10400625,kids.toys,hb,23.14,1,0,0.0,0.0
5801562,electronics.audio.subwoofer,kicx,100.39,1,0,0.0,0.0
2702645,appliances.kitchen.refrigerators,haier,1029.6,1,0,0.0,0.0
19100009,construction.tools.saw,kolner,51.48,1,0,0.0,0.0
4000220,construction.tools.generator,tefal,90.07,1,0,0.0,0.0
13800113,furniture.bathroom.toilet,santeri,60.05,1,0,0.0,0.0
28720288,apparel.shoes,betsy,49.91,1,0,0.0,0.0
2500729,appliances.kitchen.oven,smeg,974.59,1,0,0.0,0.0
28719667,apparel.shoes,betsy,44.76,1,0,0.0,0.0
21404681,electronics.clocks,orient,168.86,1,0,0.0,0.0
21409556,electronics.clocks,hanowa,139.0,1,0,0.0,0.0
28400289,accessories.bag,karya,69.5,1,0,0.0,0.0
9100614,computers.peripherals.mouse,razer,72.05,1,0,0.0,0.0
7006172,kids.carriage,bumbleride,383.54,1,0,0.0,0.0
28400715,accessories.bag,muqajankz,72.07,1,0,0.0,0.0
1480584,computers.desktop,hp,986.72,1,0,0.0,0.0
21401651,electronics.clocks,casio,67.7,1,0,0.0,0.0
6000259,auto.accessories.alarm,starline,567.58,1,0,0.0,0.0
9200291,computers.peripherals.keyboard,delux,9.15,1,0,0.0,0.0
6301681,appliances.kitchen.kettle,galaxy,11.04,1,0,0.0,0.0
28400718,accessories.bag,muqajankz,64.35,1,0,0.0,0.0
16200375,kids.fmcg.diapers,pampers,3.71,1,0,0.0,0.0
4800841,electronics.audio.headphone,jbl,8.98,1,0,0.0,0.0
21403651,electronics.clocks,casio,59.46,1,0,0.0,0.0
16700484,furniture.kitchen.chair,barneo,16.22,1,0,0.0,0.0
30901083,computers.components.cooler,gembird,2.06,1,0,0.0,0.0
2501631,appliances.kitchen.oven,maunfeld,323.05,1,0,0.0,0.0
28717183,apparel.shoes,baden,51.22,1,0,0.0,0.0
3600672,appliances.kitchen.washer,beko,475.92,1,0,0.0,0.0
7003520,kids.carriage,bertoni,87.02,1,0,0.0,0.0
28718468,apparel.shoes.keds,strobbs,92.41,1,0,0.0,0.0
28401080,accessories.bag,respect,46.59,1,0,0.0,0.0
19100260,construction.tools.saw,oasis,76.06,1,0,0.0,0.0
22400092,electronics.audio.microphone,stagg,22.91,1,0,0.0,0.0
4801456,electronics.audio.headphone,sony,94.96,1,0,0.0,0.0
6902870,furniture.living_room.chair,bertoni,7.84,1,0,0.0,0.0
4501371,appliances.kitchen.hob,beko,255.97,1,0,0.0,0.0
12300282,construction.tools.drill,stanley,30.07,1,0,0.0,0.0
2502101,appliances.kitchen.oven,artel,64.07,1,0,0.0,0.0
4400341,appliances.kitchen.coffee_machine,bosch,77.2,1,0,0.0,0.0
1480399,computers.desktop,lenovo,1656.15,1,0,0.0,0.0
21410881,electronics.clocks,swatch,73.1,1,0,0.0,0.0
12300820,construction.tools.drill,makita,422.1,1,0,0.0,0.0
3600943,appliances.kitchen.washer,indesit,272.83,1,0,0.0,0.0
4804476,electronics.audio.headphone,shure,270.53,1,0,0.0,0.0
1801996,electronics.video.tv,philips,617.75,1,0,0.0,0.0
11600039,computers.desktop,microlab,14.03,1,0,0.0,0.0
21406202,electronics.clocks,versace,1223.0,1,0,0.0,0.0
6500847,computers.components.motherboard,gigabyte,87.49,1,0,0.0,0.0
6500994,computers.components.motherboard,asrock,247.03,1,0,0.0,0.0
12202258,sport.bicycle,phoenix,128.68,1,0,0.0,0.0
3701042,appliances.environment.vacuum,delonghi,153.13,1,0,0.0,0.0
4802899,electronics.audio.headphone,jbl,14.9,1,0,0.0,0.0
28300555,accessories.wallet,karya,27.03,1,0,0.0,0.0
18300753,accessories.bag,hp,26.3,1,0,0.0,0.0
8700016,appliances.personal.hair_cutter,vitek,23.91,1,0,0.0,0.0
28711787,apparel.shoes,destra,26.26,1,0,0.0,0.0
1801594,electronics.video.tv,sony,1003.63,1,0,0.0,0.0
3701182,appliances.environment.vacuum,irobot,487.7,1,0,0.0,0.0
21400850,electronics.clocks,casio,376.33,1,0,0.0,0.0
5800142,electronics.audio.subwoofer,swat,42.47,1,0,0.0,0.0
11100148,appliances.personal.scales,galaxy,13.9,1,0,0.0,0.0
21409918,electronics.clocks,fossil,123.56,1,0,0.0,0.0
2701037,appliances.kitchen.refrigerators,bosch,1127.42,1,0,0.0,0.0
6200539,appliances.environment.air_heater,midea,78.15,1,0,0.0,0.0
21800145,computers.peripherals.mouse,hyperx,19.54,1,0,0.0,0.0
28713039,apparel.shoes,legre,79.02,1,0,0.0,0.0
9101306,computers.peripherals.mouse,asus,87.53,1,0,0.0,0.0
2900791,appliances.kitchen.microwave,redmond,167.29,1,0,0.0,0.0
5801436,electronics.audio.subwoofer,blam,180.18,1,0,0.0,0.0
28400985,accessories.bag,baden,46.08,1,0,0.0,0.0
21400648,electronics.clocks,orient,179.93,1,0,0.0,0.0
1480164,computers.desktop,acer,1155.5,1,0,0.0,0.0
21400635,electronics.clocks,orient,78.25,1,0,0.0,0.0
28716843,apparel.shoes,rieker,78.51,1,0,0.0,0.0
25000690,furniture.universal.light,lidonet,24.45,1,0,0.0,0.0
28719608,apparel.shoes,baden,62.81,1,0,0.0,0.0
5000261,appliances.sewing_machine,brother,97.56,1,0,0.0,0.0
7005706,kids.carriage,lorelli-bertoni,67.04,1,0,0.0,0.0
12900082,stationery.cartrige,hp,12.46,1,0,0.0,0.0
35100792,apparel.underwear,milavitsa,32.05,1,0,0.0,0.0
14700602,furniture.living_room.cabinet,sv,128.45,1,0,0.0,0.0
28716433,apparel.shoes,respect,128.45,1,0,0.0,0.0
6200565,appliances.environment.air_heater,almacom,61.78,1,0,0.0,0.0
17900114,construction.tools.generator,senci,2182.33,1,0,0.0,0.0
1801788,electronics.video.tv,lg,1028.86,1,0,0.0,0.0
21410874,electronics.clocks,swatch,58.43,1,0,0.0,0.0
28715732,apparel.shoes,rieker,99.36,1,0,0.0,0.0
9200402,computers.peripherals.keyboard,kingston,92.64,1,0,0.0,0.0
12300077,construction.tools.drill,bosch,127.42,1,0,0.0,0.0
6301453,appliances.kitchen.kettle,aston,12.02,1,0,0.0,0.0
28717724,apparel.shoes,greyder,102.96,1,0,0.0,0.0
10201362,kids.dolls,llorens,54.03,1,0,0.0,0.0
3800434,appliances.iron,maxwell,12.84,1,0,0.0,0.0
28720319,apparel.shoes.keds,reebok,118.15,1,0,0.0,0.0
1306796,computers.notebook,acer,314.53,1,0,0.0,0.0
21408977,electronics.clocks,edox,618.03,1,0,0.0,0.0
11000016,appliances.kitchen.toster,bosch,76.42,1,0,0.0,0.0
19300011,appliances.ironing_board,perilla,33.44,1,0,0.0,0.0
3801266,appliances.iron,scarlett,14.29,1,0,0.0,0.0
13900501,construction.components.faucet,lemark,101.78,1,0,0.0,0.0
9101085,computers.peripherals.mouse,razer,110.94,1,0,0.0,0.0
1306896,computers.notebook,lenovo,986.72,1,0,0.0,0.0
27700049,construction.tools.pump,karcher,71.99,1,0,0.0,0.0
6000007,auto.accessories.alarm,starline,141.57,1,0,0.0,0.0
45600138,apparel.shoes.keds,peak,59.18,1,0,0.0,0.0
12202125,sport.bicycle,giant,720.48,1,0,0.0,0.0
3800184,appliances.iron,tefal,51.46,1,0,0.0,0.0
10200892,kids.dolls,hunter,16.22,1,0,0.0,0.0
3701170,appliances.environment.vacuum,polaris,140.34,1,0,0.0,0.0
21401034,electronics.clocks,seiko,584.31,1,0,0.0,0.0
28401226,accessories.bag,nike,29.58,1,0,0.0,0.0
28715673,apparel.shoes,greyder,100.39,1,0,0.0,0.0
2501599,appliances.kitchen.oven,hansa,360.09,1,0,0.0,0.0
1201392,electronics.tablet,apple,2316.64,1,0,0.0,0.0
52800015,sport.bicycle,lux,80.95,1,0,0.0,0.0
3801159,appliances.iron,tefal,66.9,1,0,0.0,0.0
32900112,accessories.bag,plano,61.84,1,0,0.0,0.0
28717081,apparel.shoes.keds,puma,100.13,1,0,0.0,0.0
6601038,computers.components.memory,kingston,101.16,1,0,0.0,0.0
39800063,apparel.shirt,dion,32.18,1,0,0.0,0.0
11600275,computers.desktop,edifier,46.05,1,0,0.0,0.0
14100582,electronics.audio.acoustic,stagg,139.0,1,0,0.0,0.0
10400449,kids.toys,sphero,175.55,1,0,0.0,0.0
1306084,computers.notebook,hp,1971.66,1,0,0.0,0.0
25100243,construction.tools.light,egp,5.07,1,0,0.0,0.0
6200196,appliances.environment.air_heater,ballu,128.19,1,1,128.19,100.0
3700908,appliances.environment.vacuum,philips,334.6,1,0,0.0,0.0
35108512,apparel.underwear,milavitsa,33.32,1,0,0.0,0.0
4500354,appliances.kitchen.hob,electrolux,360.04,1,0,0.0,0.0
21409511,electronics.clocks,casio,125.61,1,0,0.0,0.0
28716507,apparel.shoes.keds,respect,113.0,1,0,0.0,0.0
16800299,furniture.kitchen.table,aero,695.0,1,0,0.0,0.0
5100386,electronics.clocks,suunto,306.1,1,0,0.0,0.0
12300242,construction.tools.drill,makita,69.5,1,0,0.0,0.0
28719495,apparel.shoes.keds,baden,84.69,1,0,0.0,0.0
8800850,electronics.telephone,bq,29.58,1,0,0.0,0.0
18800031,auto.accessories.parktronic,erisson,36.04,1,0,0.0,0.0
2403001,appliances.kitchen.hood,haier,156.99,1,0,0.0,0.0
18300064,accessories.bag,crown,17.99,1,0,0.0,0.0
3900755,appliances.environment.water_heater,haier,107.81,1,0,0.0,0.0
6801324,computers.components.hdd,seagate,667.82,1,0,0.0,0.0
12201733,sport.bicycle,axis,164.74,1,0,0.0,0.0
16200064,kids.fmcg.diapers,merries,5.92,1,0,0.0,0.0
6300326,appliances.kitchen.kettle,moulinex,61.21,1,0,0.0,0.0
6801259,computers.components.hdd,gigabyte,129.23,1,0,0.0,0.0
30900013,computers.components.cooler,zalman,54.28,1,0,0.0,0.0
27700711,construction.tools.pump,magnetta,65.82,1,0,0.0,0.0
7005995,kids.carriage,babyzen,669.26,1,0,0.0,0.0
13800120,furniture.bathroom.toilet,sanita,66.97,1,0,0.0,0.0
10201046,kids.dolls,hasbro,51.71,1,0,0.0,0.0
1307075,computers.notebook,asus,720.48,1,0,0.0,0.0
9101272,computers.peripherals.mouse,sven,19.54,1,0,0.0,0.0
5800647,electronics.audio.subwoofer,pioneer,25.74,1,0,0.0,0.0
21000067,accessories.bag,thule,200.75,1,0,0.0,0.0
11700115,electronics.audio.acoustic,panasonic,218.1,1,0,0.0,0.0
2900050,appliances.kitchen.microwave,kaiser,196.34,1,0,0.0,0.0
28719802,apparel.shoes.keds,etor,100.39,1,0,0.0,0.0
2701926,appliances.kitchen.refrigerators,teka,662.57,1,0,0.0,0.0
6000110,auto.accessories.alarm,starline,183.79,1,0,0.0,0.0
1002724,electronics.smartphone,sony,546.13,1,0,0.0,0.0
1305570,computers.notebook,apple,2393.86,1,0,0.0,0.0
3100356,appliances.kitchen.blender,saturn,10.08,1,0,0.0,0.0
11600412,computers.desktop,sven,9.76,1,0,0.0,0.0
2501801,appliances.kitchen.oven,dauscher,64.33,1,0,0.0,0.0
21800057,computers.peripherals.mouse,canyon,3.06,1,0,0.0,0.0
21000032,accessories.bag,roncato,71.3,1,0,0.0,0.0
3800941,appliances.iron,tefal,334.55,1,0,0.0,0.0
13200350,furniture.bedroom.bed,romack,334.63,1,0,0.0,0.0
28720524,apparel.shoes,baratto,80.05,1,0,0.0,0.0
21401790,electronics.clocks,seiko,457.15,1,0,0.0,0.0
12301296,construction.tools.drill,milwaukee,404.01,1,0,0.0,0.0
6801122,computers.components.hdd,hyperx,205.9,1,0,0.0,0.0
2700185,appliances.kitchen.refrigerators,midea,97.79,1,0,0.0,0.0
14100276,electronics.audio.acoustic,fender,180.96,1,0,0.0,0.0
29100054,appliances.personal.massager,smile,34.39,1,0,0.0,0.0
45601324,apparel.shoes,sterntaler,25.74,1,0,0.0,0.0
3701492,appliances.environment.vacuum,vitek,56.58,1,0,0.0,0.0
17900130,construction.tools.generator,makita,562.67,1,0,0.0,0.0
4501361,appliances.kitchen.hob,darina,100.36,1,0,0.0,0.0
5100704,electronics.clocks,garmin,988.08,1,0,0.0,0.0
21410301,electronics.clocks,adriatica,203.87,1,0,0.0,0.0
4502661,appliances.kitchen.hob,samsung,344.9,1,0,0.0,0.0
6800884,computers.components.hdd,adata,62.69,1,0,0.0,0.0
28717979,apparel.shoes,rieker,71.82,1,0,0.0,0.0
35200174,apparel.underwear,milavitsa,15.71,1,0,0.0,0.0
4500212,appliances.kitchen.hob,samsung,334.35,1,0,0.0,0.0
25900006,computers.components.cooler,bona,88.28,1,0,0.0,0.0
2800657,appliances.kitchen.refrigerators,electrolux,406.68,1,0,0.0,0.0
5100743,electronics.clocks,honor,145.43,1,0,0.0,0.0
2700576,appliances.kitchen.refrigerators,konov,180.18,1,0,0.0,0.0
25001616,furniture.universal.light,lidonet,30.86,1,0,0.0,0.0
9002739,kids.toys,nici,3.86,1,0,0.0,0.0
5801583,electronics.audio.subwoofer,pioneer,126.13,1,0,0.0,0.0
4801014,electronics.audio.headphone,jabra,15.42,1,0,0.0,0.0
1306775,computers.notebook,lenovo,1335.92,1,0,0.0,0.0
28705894,apparel.shoes.sandals,rieker,27.8,1,0,0.0,0.0
28300302,accessories.wallet,karya,43.76,1,0,0.0,0.0
48200092,apparel.dress,mltl,32.18,1,0,0.0,0.0
3701375,appliances.environment.vacuum,hoover,147.21,1,0,0.0,0.0
30500003,country_yard.cultivator,huter,351.33,1,0,0.0,0.0
1480195,computers.desktop,lenovo,648.64,1,0,0.0,0.0
8800976,electronics.telephone,texet,27.03,1,0,0.0,0.0
21408923,electronics.clocks,swatch,82.89,1,0,0.0,0.0
21400872,electronics.clocks,casio,349.56,1,0,0.0,0.0
2800535,appliances.kitchen.refrigerators,hansa,386.08,1,0,0.0,0.0
1480610,computers.desktop,lenovo,745.48,1,0,0.0,0.0
20400507,apparel.shoes,burton,107.85,1,0,0.0,0.0
1306604,computers.notebook,asus,913.89,1,0,0.0,0.0
28720307,apparel.shoes.keds,reebok,118.15,1,1,118.15,100.0
9900420,electronics.video.projector,xgimi,746.22,1,0,0.0,0.0
3100087,appliances.kitchen.blender,panasonic,58.82,1,1,64.27,100.0
27700846,construction.tools.pump,hyundai,74.39,1,0,0.0,0.0
1480504,computers.desktop,pulser,1176.32,1,0,0.0,0.0
19100391,construction.tools.saw,p.i.t.,54.75,1,0,0.0,0.0
7101986,furniture.bedroom.bed,stokke,530.23,1,0,0.0,0.0
18300259,accessories.bag,rivacase,16.71,1,0,0.0,0.0
2702102,appliances.kitchen.refrigerators,skyworth,419.32,1,0,0.0,0.0
12300153,construction.tools.drill,bosch,100.85,1,0,0.0,0.0
13200703,furniture.bedroom.bed,bts,102.71,1,0,0.0,0.0
10900213,appliances.kitchen.mixer,smeg,558.03,1,0,0.0,0.0
16800313,furniture.kitchen.table,domini,229.09,1,0,0.0,0.0
12100779,kids.skates,kugoo,459.49,1,0,0.0,0.0
28717149,apparel.shoes,escan,69.24,1,0,0.0,0.0
9000116,computers.peripherals.mouse,logitech,6.67,1,0,0.0,0.0
21406322,electronics.clocks,casio,81.08,1,0,0.0,0.0
21800241,computers.peripherals.mouse,e-blue,11.33,1,0,0.0,0.0
30900569,computers.components.cooler,aerocool,14.39,1,0,0.0,0.0
3601460,appliances.kitchen.washer,midea,274.5,1,0,0.0,0.0
1480214,computers.desktop,alser,455.35,1,0,0.0,0.0
3701508,appliances.environment.vacuum,philips,437.57,1,0,0.0,0.0
3701257,appliances.environment.vacuum,irobot,319.01,1,0,0.0,0.0
28720337,apparel.shoes.keds,reebok,118.15,1,0,0.0,0.0
12300008,construction.tools.drill,dewalt,76.42,1,0,0.0,0.0
6700856,computers.components.videocards,gigabyte,789.07,1,0,0.0,0.0
28711849,apparel.shoes,alpina,109.4,1,0,0.0,0.0
2400864,appliances.kitchen.hood,gorenje,329.02,1,0,0.0,0.0
28715112,apparel.shoes.keds,escan,64.09,1,0,0.0,0.0
9700035,computers.components.power_supply,huntkey,39.0,1,0,0.0,0.0
13201099,furniture.bedroom.bed,dardav,334.63,1,0,0.0,0.0
12400029,construction.tools.drill,bosch,144.66,1,0,0.0,0.0
8800983,electronics.telephone,bq,17.59,1,0,0.0,0.0
4501173,appliances.kitchen.hob,gefest,118.16,1,0,0.0,0.0
3200472,appliances.kitchen.meat_grinder,zelmer,59.46,1,0,0.0,0.0
2700349,appliances.kitchen.refrigerators,indesit,221.34,1,0,0.0,0.0
11200501,appliances.personal.scales,dauscher,7.7,1,0,0.0,0.0
52800008,sport.bicycle,peruzzo,166.03,1,0,0.0,0.0
6200808,appliances.environment.air_heater,oasis,29.93,1,0,0.0,0.0
4201404,appliances.environment.air_conditioner,klima,229.09,1,0,0.0,0.0
28701686,apparel.shoes,baden,35.78,1,0,0.0,0.0
3601074,appliances.kitchen.washer,artel,93.75,1,0,0.0,0.0
28719685,apparel.shoes,betsy,40.64,1,0,0.0,0.0
6800072,appliances.kitchen.kettle,braun,41.16,1,0,0.0,0.0
6700552,computers.components.videocards,msi,174.78,1,0,0.0,0.0
4400282,appliances.kitchen.coffee_machine,braun,72.05,1,0,0.0,0.0
4501356,appliances.kitchen.hob,gefest,226.8,1,0,0.0,0.0
16700483,furniture.kitchen.chair,domini,33.46,1,0,0.0,0.0
10201264,kids.dolls,hasbro,23.14,1,0,0.0,0.0
7101421,furniture.bedroom.bed,lorelli,91.57,1,0,0.0,0.0
3800011,appliances.iron,braun,90.07,1,0,0.0,0.0
21407653,electronics.clocks,casio,262.3,1,0,0.0,0.0
6800119,computers.components.hdd,toshiba,39.02,1,0,0.0,0.0
1700744,computers.peripherals.monitor,aoc,138.94,1,0,0.0,0.0
3600670,appliances.kitchen.washer,hotpoint-ariston,340.27,1,0,0.0,0.0
12301310,construction.tools.drill,alteco,165.77,1,0,0.0,0.0
6301688,appliances.kitchen.kettle,delta,20.57,1,0,0.0,0.0
9700360,computers.components.power_supply,deepcool,31.15,1,0,0.0,0.0
19300020,appliances.ironing_board,tefal,123.53,1,0,0.0,0.0
2501653,appliances.kitchen.oven,rebus,75.48,1,0,0.0,0.0
19100124,construction.tools.saw,stanley,223.94,1,0,0.0,0.0
21406131,electronics.clocks,momentum,150.84,1,0,0.0,0.0
7900524,furniture.kitchen.chair,selby,41.16,1,0,0.0,0.0
9200197,computers.peripherals.keyboard,genius,20.37,1,0,0.0,0.0
3100622,appliances.kitchen.blender,redmond,59.18,1,0,0.0,0.0
3701303,appliances.environment.vacuum,snowcap,45.82,1,0,0.0,0.0
28715592,apparel.shoes.keds,fila,114.52,1,0,0.0,0.0
1700201,computers.peripherals.monitor,philips,66.66,1,0,0.0,0.0
4804429,electronics.audio.headphone,jbl,54.03,1,0,0.0,0.0
4900288,appliances.kitchen.juicer,galaxy,13.1,1,0,0.0,0.0
12202146,sport.bicycle,racer,179.16,1,0,0.0,0.0
7005969,kids.carriage,adamex,404.13,1,0,0.0,0.0
4000138,construction.tools.generator,polaris,98.3,1,0,0.0,0.0
1401652,computers.desktop,hp,751.6,1,0,0.0,0.0
21406357,electronics.clocks,diesel,270.79,1,0,0.0,0.0
1307384,computers.notebook,dell,352.62,1,0,0.0,0.0
6902571,furniture.living_room.chair,chicco,257.38,1,0,0.0,0.0
28717078,apparel.shoes.keds,puma,100.13,1,0,0.0,0.0
17800729,computers.desktop,thermaltake,445.29,1,0,0.0,0.0
28715564,apparel.shoes.keds,adidas,80.31,1,0,0.0,0.0
9101430,computers.peripherals.mouse,microsoft,20.57,1,0,0.0,0.0
21406115,electronics.clocks,versace,866.95,1,0,0.0,0.0
3800215,appliances.iron,braun,295.99,1,0,0.0,0.0
28714706,apparel.shoes.keds,jordan,93.93,1,0,0.0,0.0
12201615,sport.bicycle,giant,823.44,1,0,0.0,0.0
36000004,appliances.kitchen.kettle,vinzer,36.81,1,0,0.0,0.0
21406910,electronics.clocks,tissot,885.48,1,0,0.0,0.0
2702593,appliances.kitchen.refrigerators,lg,1102.4,1,0,0.0,0.0
36000029,appliances.kitchen.kettle,polaris,44.81,1,0,0.0,0.0
39800238,apparel.shirt,harley-davidson,114.55,1,0,0.0,0.0
28704478,apparel.shoes,etor,110.68,1,0,0.0,0.0
1004019,electronics.smartphone,xiaomi,118.02,1,0,0.0,0.0
21409712,electronics.clocks,zeppelin,429.87,1,0,0.0,0.0
6700821,computers.components.videocards,asus,469.86,1,0,0.0,0.0
3601459,appliances.kitchen.washer,dauscher,332.03,1,0,0.0,0.0
2702222,appliances.kitchen.refrigerators,whirlpool,483.67,1,0,0.0,0.0
6301258,appliances.kitchen.kettle,vitek,25.48,1,0,0.0,0.0
28716241,apparel.shoes,respect,76.96,1,0,0.0,0.0
17800009,computers.desktop,aerocool,197.15,1,0,0.0,0.0
32900098,accessories.bag,fisherman,12.61,1,0,0.0,0.0
1002460,electronics.smartphone,micromax,66.42,1,0,0.0,0.0
23700124,furniture.bedroom.blanket,alvitek,56.63,1,0,0.0,0.0
37600051,apparel.shorts,crockid,4.12,1,0,0.0,0.0
6200018,appliances.environment.air_heater,almacom,30.89,1,0,0.0,0.0
4600554,appliances.kitchen.dishwasher,electrolux,566.22,1,0,0.0,0.0
5100435,electronics.clocks,garmin,135.34,1,0,0.0,0.0
11100137,appliances.personal.scales,polaris,20.82,1,0,0.0,0.0
11200273,appliances.personal.scales,garmin,188.2,1,0,0.0,0.0
27700145,construction.tools.pump,leo,116.61,1,0,0.0,0.0
4800670,electronics.audio.headphone,sony,20.57,1,0,0.0,0.0
1305861,computers.notebook,acer,257.38,1,0,0.0,0.0
1306992,computers.notebook,lenovo,1287.01,1,0,0.0,0.0
6800901,computers.components.hdd,samsung,102.94,1,0,0.0,0.0
4900090,appliances.kitchen.juicer,kenwood,270.25,1,0,0.0,0.0
5100357,electronics.clocks,samsung,223.94,1,0,0.0,0.0
2501029,appliances.kitchen.oven,gefest,220.61,1,0,0.0,0.0
3900217,appliances.environment.water_heater,garanterm,90.32,1,0,0.0,0.0
3900264,appliances.environment.water_heater,thermex,55.68,1,0,0.0,0.0
18900212,electronics.camera.photo,canon,741.48,1,0,0.0,0.0
21408948,electronics.clocks,casio,28.06,1,0,0.0,0.0
19300001,appliances.ironing_board,delonghi,347.47,1,0,0.0,0.0
5000071,appliances.sewing_machine,janome,234.71,1,0,0.0,0.0
28714290,apparel.shoes.keds,nike,144.12,1,0,0.0,0.0
6301566,appliances.kitchen.kettle,smeg,159.18,1,0,0.0,0.0
21406169,electronics.clocks,versace,1297.33,1,0,0.0,0.0
6500228,computers.components.motherboard,biostar,49.04,1,0,0.0,0.0
5701097,auto.accessories.player,pioneer,64.35,1,0,0.0,0.0
28708733,apparel.shoes,rieker,38.35,1,0,0.0,0.0
9101151,computers.peripherals.mouse,defender,3.35,1,0,0.0,0.0
2400732,appliances.kitchen.hood,turboair,64.33,1,0,0.0,0.0
4802594,electronics.audio.headphone,jbl,25.71,1,0,0.0,0.0
4502141,appliances.kitchen.hob,akpo,285.61,1,0,0.0,0.0
22400178,electronics.audio.microphone,sven,4.35,1,0,0.0,0.0
9001201,kids.toys,orange,11.56,1,0,0.0,0.0
19100377,construction.tools.saw,metabo,462.94,1,0,0.0,0.0
21405045,electronics.clocks,dkny,180.18,1,0,0.0,0.0
18800012,auto.accessories.parktronic,erisson,36.04,1,0,0.0,0.0
7005812,kids.carriage,chicco,499.34,1,0,0.0,0.0
7005817,kids.carriage,joie,230.38,1,0,0.0,0.0
6201178,appliances.environment.air_heater,polaris,74.62,1,0,0.0,0.0
14300003,electronics.audio.music_tools.piano,casio,213.39,1,0,0.0,0.0
19100059,construction.tools.saw,dewalt,328.81,1,0,0.0,0.0
8700563,appliances.personal.hair_cutter,polaris,25.07,1,0,0.0,0.0
3100563,appliances.kitchen.blender,polaris,45.56,1,0,0.0,0.0
11600077,computers.desktop,edifier,51.2,1,0,0.0,0.0
6200854,appliances.environment.air_heater,ballu,51.23,1,0,0.0,0.0
6500882,computers.components.motherboard,asus,200.87,1,0,0.0,0.0
35200012,apparel.underwear,milavitsa,9.51,1,0,0.0,0.0
7005996,kids.carriage,babyzen,630.65,1,0,0.0,0.0
19100316,construction.tools.saw,hyundai,76.58,1,0,0.0,0.0
7900912,furniture.kitchen.chair,chicco,244.67,1,0,0.0,0.0
1004034,electronics.smartphone,xiaomi,122.64,1,0,0.0,0.0
35200204,apparel.underwear,milavitsa,15.71,1,0,0.0,0.0
1801801,electronics.video.tv,panasonic,720.48,1,0,0.0,0.0
28715734,apparel.shoes,rieker,110.43,1,0,0.0,0.0
5100821,electronics.clocks,mykronoz,229.92,1,0,0.0,0.0
28715666,apparel.shoes,greyder,115.83,1,0,0.0,0.0
1600584,computers.peripherals.printer,epson,179.93,1,0,0.0,0.0
4803800,electronics.audio.headphone,jbl,50.97,1,0,0.0,0.0
3100044,appliances.kitchen.blender,philips,72.05,1,0,0.0,0.0
2300268,electronics.camera.video,gopro,849.19,1,0,0.0,0.0
28300763,accessories.wallet,picard,54.06,1,0,0.0,0.0
1306079,computers.notebook,lenovo,2331.57,1,0,0.0,0.0
28400771,accessories.bag,baden,76.96,1,0,0.0,0.0
4803521,electronics.audio.headphone,sony,51.46,1,0,0.0,0.0
46800007,appliances.kitchen.refrigerators,ezetil,87.49,1,0,0.0,0.0
18900194,electronics.camera.photo,sony,2316.4,1,0,0.0,0.0
4201060,appliances.environment.air_conditioner,otex,415.71,1,0,0.0,0.0
4201385,appliances.environment.air_conditioner,chigo,1804.4,1,0,0.0,0.0
1307465,computers.notebook,msi,1546.32,1,0,0.0,0.0
35200212,apparel.underwear,milavitsa,18.56,1,0,0.0,0.0
8902556,kids.toys,gulliver,12.87,1,0,0.0,0.0
1201401,electronics.tablet,apple,1286.78,1,0,0.0,0.0
21400368,electronics.clocks,boccia,117.12,1,0,0.0,0.0
6800993,computers.components.hdd,transcend,79.71,1,0,0.0,0.0
5100323,electronics.clocks,garmin,561.15,1,0,0.0,0.0
4500859,appliances.kitchen.hob,samsung,360.08,1,0,0.0,0.0
6400034,computers.components.cpu,intel,213.62,1,0,0.0,0.0
44400181,apparel.jeans,persona,162.17,1,0,0.0,0.0
4201010,appliances.environment.air_conditioner,fantasia,386.08,1,0,0.0,0.0
6902623,furniture.living_room.chair,chicco,167.29,1,0,0.0,0.0
4500032,appliances.kitchen.hob,bosch,233.88,1,0,0.0,0.0
22400095,electronics.audio.microphone,akg,268.73,1,0,0.0,0.0
1480595,computers.desktop,pulser,648.64,1,0,0.0,0.0
12100839,kids.skates,segway,793.56,1,0,0.0,0.0
4800594,electronics.audio.headphone,steelseries,48.88,1,0,0.0,0.0
1701457,computers.peripherals.monitor,asus,314.51,1,0,0.0,0.0
6900073,furniture.living_room.chair,babygo,63.06,1,0,0.0,0.0
17900113,construction.tools.generator,stalker,387.91,1,0,0.0,0.0
2702634,appliances.kitchen.refrigerators,midea,360.34,1,0,0.0,0.0
1304643,computers.notebook,apple,2285.77,1,0,0.0,0.0
12301328,construction.tools.drill,bosch,67.44,1,0,0.0,0.0
28714202,apparel.shoes.moccasins,greyder,66.93,1,0,0.0,0.0
1306323,computers.notebook,hp,635.77,1,0,0.0,0.0
13600235,furniture.bathroom.bath,jika,252.48,1,0,0.0,0.0
1401637,computers.desktop,hp,1330.54,1,0,0.0,0.0
21400640,electronics.clocks,orient,96.78,1,0,0.0,0.0
1306630,computers.notebook,hp,538.44,1,0,0.0,0.0
9100648,computers.peripherals.mouse,delux,9.62,1,0,0.0,0.0
18300759,accessories.bag,dell,39.87,1,0,0.0,0.0
9101524,computers.peripherals.mouse,xiaomi,15.18,1,0,0.0,0.0
30901145,computers.components.cooler,id-cooling,10.3,1,0,0.0,0.0
5800307,electronics.audio.subwoofer,alpine,42.47,1,0,0.0,0.0
6600472,computers.components.memory,kingston,151.67,1,0,0.0,0.0
3701449,appliances.environment.vacuum,samsung,386.08,1,0,0.0,0.0
4600264,appliances.kitchen.dishwasher,midea,282.97,1,0,0.0,0.0
45600547,apparel.shoes,pablosky,56.63,1,0,0.0,0.0
7004676,kids.carriage,lorelli-bertoni,128.21,1,0,0.0,0.0
42700005,auto.accessories.winch,t-max,581.22,1,0,0.0,0.0
9101269,computers.peripherals.mouse,defender,7.7,1,0,0.0,0.0
10400723,kids.toys,mz,20.57,1,0,0.0,0.0
1401610,computers.desktop,apple,1930.53,1,0,0.0,0.0
28714221,apparel.shoes.moccasins,etor,92.67,1,0,0.0,0.0
3700934,appliances.environment.vacuum,samsung,72.05,1,0,0.0,0.0
6300965,appliances.kitchen.kettle,bosch,66.62,1,0,0.0,0.0
6300882,appliances.kitchen.kettle,kenwood,82.34,1,0,0.0,0.0
20500556,sport.ski,elan,161.91,1,0,0.0,0.0
1401750,computers.desktop,hp,1475.06,1,0,0.0,0.0
25100031,construction.tools.light,mantra,184.98,1,0,0.0,0.0
29100033,appliances.personal.massager,gezatone,61.78,1,0,0.0,0.0
4200492,appliances.environment.air_conditioner,gree,1071.89,1,0,0.0,0.0
8902467,kids.toys,vulli,32.88,1,0,0.0,0.0
28717175,apparel.shoes,baden,51.22,1,0,0.0,0.0
52800000,sport.bicycle,thule,164.74,1,0,0.0,0.0
6301698,appliances.kitchen.kettle,saturn,12.36,1,0,0.0,0.0
4600442,appliances.kitchen.dishwasher,bosch,606.4,1,0,0.0,0.0
2501976,appliances.kitchen.oven,dauscher,257.15,1,0,0.0,0.0
1700678,computers.peripherals.monitor,samsung,321.73,1,0,0.0,0.0
1701247,computers.peripherals.monitor,samsung,439.4,1,0,0.0,0.0
6600622,computers.components.memory,hyperx,89.06,1,0,0.0,0.0
9000852,kids.toys,aurora,44.02,1,0,0.0,0.0
11700272,electronics.audio.acoustic,yamaha,648.67,1,0,0.0,0.0
6700819,computers.components.videocards,asus,164.24,1,0,0.0,0.0
28719630,apparel.shoes,baden,102.71,1,0,0.0,0.0
9101258,computers.peripherals.mouse,kingston,59.24,1,0,0.0,0.0
28714282,apparel.shoes.keds,adidas,154.42,1,0,0.0,0.0
4800629,electronics.audio.headphone,sony,131.28,1,0,0.0,0.0
28718678,apparel.shoes,respect,154.19,1,0,0.0,0.0
7005771,kids.carriage,moon,514.69,1,0,0.0,0.0
28718603,apparel.shoes,respect,128.45,1,0,0.0,0.0
19100248,construction.tools.saw,ryobi,122.83,1,0,0.0,0.0
19100376,construction.tools.saw,tundra,95.88,1,0,0.0,0.0
28714586,apparel.shoes.keds,adidas,58.38,1,0,0.0,0.0
2701447,appliances.kitchen.refrigerators,liebherr,1003.89,1,0,0.0,0.0
8800746,electronics.telephone,maxvi,35.78,1,0,0.0,0.0
7001844,kids.carriage,maclaren,251.62,1,0,0.0,0.0
9200437,computers.peripherals.keyboard,ritmix,8.48,1,0,0.0,0.0
9000177,computers.peripherals.keyboard,logitech,67.75,1,0,0.0,0.0
52900089,accessories.bag,stanley,87.97,1,0,0.0,0.0
5700567,auto.accessories.player,winca,316.61,1,0,0.0,0.0
21411480,electronics.clocks,armani,123.56,1,0,0.0,0.0
2403012,appliances.kitchen.hood,elikor,254.72,1,0,0.0,0.0
28713519,apparel.shoes.moccasins,greyder,66.93,1,0,0.0,0.0
1305843,computers.notebook,dell,1183.81,1,0,0.0,0.0
19100103,construction.tools.saw,hitachi,76.06,1,0,0.0,0.0
18300281,accessories.bag,xiaomi,57.66,1,0,0.0,0.0
4800791,electronics.audio.headphone,sony,15.06,1,0,0.0,0.0
6902563,furniture.living_room.chair,lorelli,55.36,1,0,0.0,0.0
6600619,computers.components.memory,kingston,80.83,1,0,0.0,0.0
21401324,electronics.clocks,casio,29.6,1,0,0.0,0.0
21401420,electronics.clocks,casio,377.62,1,0,0.0,0.0
21406420,electronics.clocks,diesel,316.1,1,0,0.0,0.0
21407264,electronics.clocks,longines,1822.44,1,0,0.0,0.0
28717840,apparel.shoes.keds,adidas,128.45,1,0,0.0,0.0
28701859,apparel.shoes.espadrilles,spur,16.99,1,0,0.0,0.0
1802085,electronics.video.tv,dauscher,167.29,1,0,0.0,0.0
8800525,electronics.telephone,maxvi,25.48,1,0,0.0,0.0
12301199,construction.tools.drill,dewalt,555.48,1,0,0.0,0.0
21405086,electronics.clocks,armani,180.18,1,0,0.0,0.0
28300775,accessories.wallet,karya,38.61,1,0,0.0,0.0
21408693,electronics.clocks,casio,35.26,1,0,0.0,0.0
6000264,auto.accessories.alarm,starline,310.43,1,0,0.0,0.0
2700750,appliances.kitchen.refrigerators,electrolux,1287.01,1,0,0.0,0.0
18900023,electronics.camera.photo,nikon,301.17,1,0,0.0,0.0
7004292,kids.carriage,adamex,522.54,1,0,0.0,0.0
45600315,apparel.shoes,biomecanics,64.35,1,0,0.0,0.0
5801468,electronics.audio.subwoofer,morel,463.33,1,0,0.0,0.0
9700263,computers.components.power_supply,thermaltake,146.46,1,0,0.0,0.0
18500022,electronics.tablet,wacom,293.81,1,0,0.0,0.0
1201282,electronics.tablet,navitel,77.4,1,0,0.0,0.0
2402678,appliances.kitchen.hood,teka,108.58,1,0,0.0,0.0
21407273,electronics.clocks,longines,1822.44,1,0,0.0,0.0
1500301,computers.peripherals.printer,hp,211.85,1,0,0.0,0.0
12301360,construction.tools.drill,crown,44.02,1,0,0.0,0.0
1201432,electronics.tablet,microsoft,1029.37,1,0,0.0,0.0
6801130,computers.components.hdd,seagate,68.88,1,0,0.0,0.0
6801129,computers.components.hdd,apacer,120.72,1,0,0.0,0.0
21408225,electronics.clocks,orient,290.1,1,0,0.0,0.0
23700165,furniture.bedroom.blanket,mio,22.4,1,0,0.0,0.0
6701078,computers.components.videocards,asus,729.35,1,0,0.0,0.0
35103743,apparel.underwear,milavitsa,28.2,1,0,0.0,0.0
1201375,electronics.tablet,apple,2265.15,1,0,0.0,0.0
45600310,apparel.shoes,biomecanics,64.35,1,0,0.0,0.0
9101089,computers.peripherals.mouse,razer,81.33,1,0,0.0,0.0
11000006,appliances.kitchen.toster,braun,48.88,1,0,0.0,0.0
1700980,computers.peripherals.monitor,acer,115.81,1,0,0.0,0.0
2401743,appliances.kitchen.hood,midea,152.62,1,0,0.0,0.0
4803887,electronics.audio.headphone,yamaha,77.22,1,0,0.0,0.0
18300667,accessories.bag,xiaomi,17.22,1,0,0.0,0.0
1500300,computers.peripherals.printer,hp,369.7,1,0,0.0,0.0
21400405,electronics.clocks,casio,174.01,1,0,0.0,0.0
21407029,electronics.clocks,tissot,772.22,1,0,0.0,0.0
9101642,computers.peripherals.mouse,logitech,12.49,1,0,0.0,0.0
1004190,electronics.smartphone,xiaomi,177.61,1,0,0.0,0.0
5100844,electronics.clocks,acme,128.45,1,0,0.0,0.0
6500961,computers.components.motherboard,gigabyte,58.95,1,0,0.0,0.0
1004078,electronics.smartphone,xiaomi,409.02,1,0,0.0,0.0
6701206,computers.components.videocards,palit,277.72,1,0,0.0,0.0
50600017,auto.accessories.compressor,denzel,120.33,1,0,0.0,0.0
2401699,appliances.kitchen.hood,elikor,51.48,1,0,0.0,0.0
19200138,construction.tools.saw,oasis,84.92,1,0,0.0,0.0
45600341,apparel.shoes,garvalin,69.5,1,0,0.0,0.0
8902007,kids.toys,cubicfun,5.66,1,0,0.0,0.0
5701112,auto.accessories.player,winca,360.37,1,0,0.0,0.0
6000230,auto.accessories.alarm,starline,138.23,1,0,0.0,0.0
4804552,electronics.audio.headphone,apple,247.08,1,0,0.0,0.0
28714164,apparel.shoes.sandals,caprice,33.46,1,0,0.0,0.0
13600225,furniture.bathroom.bath,triton,257.77,1,0,0.0,0.0
6302233,appliances.kitchen.kettle,redmond,66.9,1,0,0.0,0.0
8901586,kids.toys,chicco,20.57,1,0,0.0,0.0
43200096,apparel.tshirt,weekend,244.54,1,0,0.0,0.0
10201512,kids.dolls,llorens,51.46,1,0,0.0,0.0
21405182,electronics.clocks,armani,270.79,1,0,0.0,0.0
6701076,computers.components.videocards,asus,218.99,1,0,0.0,0.0
6700766,computers.components.videocards,msi,553.17,1,0,0.0,0.0
6200710,appliances.environment.air_heater,oasis,33.44,1,0,0.0,0.0
28719478,apparel.shoes,baden,52.0,1,0,0.0,0.0
12200999,sport.bicycle,greenbike,1348.01,1,0,0.0,0.0
1600532,computers.peripherals.printer,epson,472.83,1,0,0.0,0.0
22400218,electronics.audio.microphone,ritmix,17.75,1,0,0.0,0.0
11000119,appliances.kitchen.toster,sakura,17.99,1,0,0.0,0.0
2400184,appliances.kitchen.hood,hansa,205.67,1,0,0.0,0.0
21411508,electronics.clocks,casio,122.01,1,0,0.0,0.0
4600458,appliances.kitchen.dishwasher,electrolux,1438.31,1,0,0.0,0.0
3601091,appliances.kitchen.washer,renova,100.04,1,0,0.0,0.0
4802876,electronics.audio.headphone,beats,401.53,1,0,0.0,0.0
4804209,electronics.audio.headphone,marley,61.75,1,0,0.0,0.0
28714166,apparel.shoes.sandals,caprice,33.46,1,0,0.0,0.0
12300756,construction.tools.drill,metabo,116.38,1,0,0.0,0.0
28401110,accessories.bag,picard,126.13,1,0,0.0,0.0
2401833,appliances.kitchen.hood,oasis,38.84,1,0,0.0,0.0
9100293,computers.peripherals.mouse,logitech,77.2,1,0,0.0,0.0
28703796,apparel.shoes.keds,nike,76.96,1,0,0.0,0.0
11300014,electronics.telephone,panasonic,65.87,1,0,0.0,0.0
28401281,accessories.bag,karya,95.24,1,0,0.0,0.0
3900398,appliances.environment.water_heater,almacom,76.55,1,0,0.0,0.0
7006060,kids.carriage,bertoni,176.3,1,0,0.0,0.0
2502128,appliances.kitchen.oven,candy,483.9,1,0,0.0,0.0
6600944,computers.components.memory,zeppelin,35.78,1,0,0.0,0.0
43300067,apparel.tshirt,harley-davidson,42.47,1,0,0.0,0.0
28717159,apparel.shoes,respect,118.15,1,0,0.0,0.0
21406205,electronics.clocks,orient,128.19,1,0,0.0,0.0
8700188,appliances.personal.hair_cutter,moser,86.18,1,0,0.0,0.0
7900017,furniture.kitchen.chair,chicco,123.56,1,0,0.0,0.0
28400753,accessories.bag,baden,61.52,1,0,0.0,0.0
28717343,apparel.shoes,respect,66.67,1,0,0.0,0.0
1307150,computers.notebook,hp,1091.22,1,0,0.0,0.0
27700526,construction.tools.pump,pedrollo,1082.4,1,0,0.0,0.0
21401355,electronics.clocks,casio,51.22,1,0,0.0,0.0
28719435,apparel.shoes,baden,62.81,1,0,0.0,0.0
4803011,electronics.audio.headphone,sony,169.77,1,0,0.0,0.0
28716470,apparel.shoes,respect,136.17,1,0,0.0,0.0
4900398,appliances.kitchen.juicer,scarlett,66.9,1,0,0.0,0.0
12301132,construction.tools.drill,makita,226.06,1,0,0.0,0.0
17900179,construction.tools.generator,fubag,1486.27,1,0,0.0,0.0
3601219,appliances.kitchen.washer,bosch,489.05,1,0,0.0,0.0
3200151,appliances.kitchen.meat_grinder,zelmer,50.77,1,0,0.0,0.0
9700264,computers.components.power_supply,cougar,50.5,1,0,0.0,0.0
10200661,kids.dolls,barbie,61.52,1,0,0.0,0.0
13900148,construction.components.faucet,lemark,43.99,1,0,0.0,0.0
21404117,electronics.clocks,orient,111.71,1,0,0.0,0.0
7102017,furniture.bedroom.bed,lorelli,72.07,1,0,0.0,0.0
28703756,apparel.shoes.keds,nike,66.67,1,0,0.0,0.0
48200115,apparel.dress,mltl,39.9,1,0,0.0,0.0
12100546,kids.skates,globber,76.96,1,0,0.0,0.0
20500516,sport.ski,elan,143.89,1,0,0.0,0.0
6600480,computers.components.memory,kingston,87.75,1,0,0.0,0.0
12301012,construction.tools.drill,metabo,640.88,1,0,0.0,0.0
7900790,furniture.kitchen.chair,pituso,95.73,1,0,0.0,0.0
6200884,appliances.environment.air_heater,ballu,154.19,1,0,0.0,0.0
9700102,computers.components.power_supply,thermaltake,60.66,1,0,0.0,0.0
5800730,electronics.audio.subwoofer,kicx,16.99,1,0,0.0,0.0
18500023,electronics.tablet,wacom,148.01,1,0,0.0,0.0
28711942,apparel.shoes.keds,bugatti,50.97,1,0,0.0,0.0
5800770,electronics.audio.subwoofer,kicx,19.31,1,0,0.0,0.0
28716244,apparel.shoes,respect,76.96,1,0,0.0,0.0
28716053,apparel.shoes,weekend,324.33,1,0,0.0,0.0
21409329,electronics.clocks,casio,47.11,1,0,0.0,0.0
1500370,computers.peripherals.printer,canon,231.49,1,0,0.0,0.0
52900147,accessories.bag,stanley,11.77,1,0,0.0,0.0
14700564,furniture.living_room.cabinet,brw,284.43,1,0,0.0,0.0
48200408,apparel.dress,persona,450.46,1,0,0.0,0.0
4600664,appliances.kitchen.dishwasher,siemens,1087.22,1,0,0.0,0.0
29600019,apparel.scarf,fabretti,25.48,1,0,0.0,0.0
7901084,furniture.kitchen.chair,inglesina,64.87,1,0,0.0,0.0
2401052,appliances.kitchen.hood,turboair,120.96,1,0,0.0,0.0
28715616,apparel.shoes.keds,peak,77.2,1,0,0.0,0.0
8800951,electronics.telephone,bq,17.56,1,0,0.0,0.0
6301529,appliances.kitchen.kettle,polaris,28.29,1,0,0.0,0.0
21404225,electronics.clocks,orient,115.83,1,0,0.0,0.0
1700965,computers.peripherals.monitor,lg,295.99,1,0,0.0,0.0
27701118,construction.tools.pump,leo,187.3,1,0,0.0,0.0
3900590,appliances.environment.water_heater,electrolux,102.94,1,0,0.0,0.0
6801334,computers.components.hdd,verbatim,26.86,1,0,0.0,0.0
13200943,furniture.bedroom.bed,sv,334.37,1,0,0.0,0.0
21400962,electronics.clocks,casio,134.62,1,0,0.0,0.0
4501607,appliances.kitchen.hob,gefest,113.0,1,0,0.0,0.0
28400265,accessories.bag,karya,77.22,1,0,0.0,0.0
28718974,apparel.shoes,baden,107.85,1,0,0.0,0.0
28718709,apparel.shoes,respect,151.61,1,0,0.0,0.0
11200328,appliances.personal.scales,vitek,17.94,1,0,0.0,0.0
6701137,computers.components.videocards,asus,250.25,1,0,0.0,0.0
7006117,kids.carriage,babyzen,435.02,1,0,0.0,0.0
28401057,accessories.bag,karya,100.39,1,0,0.0,0.0
8700280,appliances.personal.hair_cutter,remington,51.71,1,0,0.0,0.0
9200731,computers.peripherals.keyboard,razer,176.54,1,0,0.0,0.0
2701291,appliances.kitchen.refrigerators,smeg,2403.41,1,0,0.0,0.0
3100163,appliances.kitchen.blender,braun,59.18,1,0,0.0,0.0
7005933,kids.carriage,joie,109.91,1,0,0.0,0.0
1307216,computers.notebook,hp,488.82,1,0,0.0,0.0
30900504,computers.components.cooler,enermax,10.35,1,0,0.0,0.0
28717370,apparel.shoes.keds,escan,25.48,1,0,0.0,0.0
7006079,kids.carriage,lonex,285.72,1,0,0.0,0.0
4502120,appliances.kitchen.hob,dauscher,164.71,1,0,0.0,0.0
21405615,electronics.clocks,skagen,180.18,1,0,0.0,0.0
2502244,appliances.kitchen.oven,indesit,242.19,1,0,0.0,0.0
4803970,electronics.audio.headphone,hoco,5.66,1,0,0.0,0.0
6400286,computers.components.cpu,amd,228.32,1,0,0.0,0.0
4802141,electronics.audio.headphone,plantronics,63.3,1,0,0.0,0.0
28713541,apparel.shoes,greyder,54.06,1,0,0.0,0.0
13800054,furniture.bathroom.toilet,santeri,54.42,1,0,0.0,0.0
1480456,computers.desktop,pulser,1016.73,1,0,0.0,0.0
4801892,electronics.audio.headphone,awei,23.13,1,0,0.0,0.0
2401361,appliances.kitchen.hood,bosch,1227.81,1,0,0.0,0.0
7901064,furniture.kitchen.chair,shenma,56.63,1,0,0.0,0.0
28718812,apparel.shoes,respect,89.84,1,0,0.0,0.0
43300060,apparel.tshirt,harley-davidson,46.33,1,0,0.0,0.0
6500767,computers.components.motherboard,asus,64.61,1,0,0.0,0.0
5801547,electronics.audio.subwoofer,kenwood,21.88,1,0,0.0,0.0
5801738,electronics.audio.subwoofer,blam,270.28,1,0,0.0,0.0
3601632,appliances.kitchen.washer,indesit,254.81,1,0,0.0,0.0
6800584,computers.components.hdd,seagate,94.45,1,0,0.0,0.0
52900033,accessories.bag,stanley,41.93,1,0,0.0,0.0
32900003,accessories.bag,flambeau,82.34,1,0,0.0,0.0
3701273,appliances.environment.vacuum,gorenje,45.79,1,0,0.0,0.0
12400036,construction.tools.drill,bosch,718.42,1,0,0.0,0.0
28716060,apparel.shoes.moccasins,weekend,324.33,1,0,0.0,0.0
2500740,appliances.kitchen.oven,samsung,360.34,1,0,0.0,0.0
14100014,electronics.audio.acoustic,admira,161.65,1,0,0.0,0.0
12202288,sport.bicycle,cube,566.04,1,0,0.0,0.0
5100685,electronics.clocks,polar,346.98,1,0,0.0,0.0
12100364,kids.skates,kugoo,262.04,1,0,0.0,0.0
21405270,electronics.clocks,fossil,270.79,1,0,0.0,0.0
1003611,electronics.smartphone,meizu,151.36,1,0,0.0,0.0
12201158,sport.bicycle,cannondale,1956.03,1,0,0.0,0.0
6800234,appliances.kitchen.kettle,redmond,48.65,1,0,0.0,0.0
28719772,apparel.shoes.keds,tesoro,40.64,1,0,0.0,0.0
28705496,apparel.shoes.moccasins,respect,22.65,1,0,0.0,0.0
5100677,electronics.clocks,garmin,718.16,1,0,0.0,0.0
6801007,computers.components.hdd,kingston,77.2,1,0,0.0,0.0
2501560,appliances.kitchen.oven,aeg,1415.71,1,0,0.0,0.0
3900814,appliances.environment.water_heater,ariston,167.72,1,0,0.0,0.0
21409292,electronics.clocks,casio,70.53,1,0,0.0,0.0
6201171,appliances.environment.air_heater,alteco,34.98,1,0,0.0,0.0
2401275,appliances.kitchen.hood,elica,185.77,1,0,0.0,0.0
17800013,computers.desktop,aerocool,205.67,1,0,0.0,0.0
10900169,appliances.kitchen.mixer,kitchenaid,212.1,1,0,0.0,0.0
21405787,electronics.clocks,traser,222.91,1,0,0.0,0.0
8902236,kids.toys,chicco,23.14,1,0,0.0,0.0
52900087,accessories.bag,stanley,26.38,1,0,0.0,0.0
19100081,construction.tools.saw,makita,874.4,1,0,0.0,0.0
52900038,accessories.bag,stanley,32.74,1,0,0.0,0.0
3701550,appliances.environment.vacuum,scarlett,84.92,1,0,0.0,0.0
28719609,apparel.shoes,baden,62.81,1,0,0.0,0.0
28714624,apparel.shoes.keds,adidas,72.07,1,0,0.0,0.0
1005000,electronics.smartphone,doogee,108.87,1,0,0.0,0.0
12202637,sport.bicycle,bmw,141.55,1,0,0.0,0.0
1307094,computers.notebook,lenovo,2369.7,1,0,0.0,0.0
28714661,apparel.shoes.keds,converse,56.6,1,0,0.0,0.0
6902650,furniture.living_room.chair,joie,94.47,1,0,0.0,0.0
12301125,construction.tools.drill,makita,349.05,1,0,0.0,0.0
17900244,construction.tools.generator,denzel,580.39,1,0,0.0,0.0
4502257,appliances.kitchen.hob,hansa,154.16,1,0,0.0,0.0
18300129,accessories.bag,tucano,25.71,1,1,25.71,100.0
5701307,auto.accessories.player,ams,221.37,1,0,0.0,0.0
4200861,appliances.environment.air_conditioner,midea,205.67,1,0,0.0,0.0
28300776,accessories.wallet,karya,43.76,1,0,0.0,0.0
17800171,computers.desktop,aerocool,128.68,1,0,0.0,0.0
28718986,apparel.shoes,baden,64.61,1,0,0.0,0.0
45600396,apparel.shoes,garvalin,82.37,1,0,0.0,0.0
12202477,sport.bicycle,forward,129.99,1,0,0.0,0.0
12201346,sport.bicycle,phoenix,128.68,1,0,0.0,0.0
12100825,kids.skates,joyor,656.13,1,0,0.0,0.0
43200048,apparel.tshirt,persona,131.28,1,0,0.0,0.0
3801233,appliances.iron,philips,334.6,1,0,0.0,0.0
28401149,accessories.bag,karya,95.24,1,0,0.0,0.0
45600975,apparel.shoes.keds,garvalin,28.31,1,0,0.0,0.0
11100146,appliances.personal.scales,galaxy,11.09,1,0,0.0,0.0
14700603,furniture.living_room.cabinet,sv,192.8,1,0,0.0,0.0
22900010,furniture.bedroom.pillow,vegas,21.36,1,0,0.0,0.0
28720689,apparel.shoes,legre,118.15,1,0,0.0,0.0
18300889,accessories.bag,thule,141.55,1,0,0.0,0.0
7900340,furniture.kitchen.chair,babygo,95.24,1,0,0.0,0.0
1480613,computers.desktop,pulser,908.62,1,0,0.0,0.0
7005879,kids.carriage,joie,218.02,1,0,0.0,0.0
5701171,auto.accessories.player,winca,386.11,1,0,0.0,0.0
6900575,furniture.living_room.chair,maxi-cosi,126.82,1,0,0.0,0.0
28712378,apparel.shoes,baden,120.72,1,0,0.0,0.0
13900335,construction.components.faucet,rubineta,74.65,1,0,0.0,0.0
13900371,construction.components.faucet,rossinka,38.95,1,0,0.0,0.0
5000510,appliances.sewing_machine,veritas,136.4,1,0,0.0,0.0
5701248,auto.accessories.player,autoline,244.54,1,0,0.0,0.0
7003446,kids.carriage,lorelli-bertoni,76.19,1,0,0.0,0.0
6000191,auto.accessories.alarm,starline,420.04,1,0,0.0,0.0
12400359,construction.tools.drill,bosch,932.59,1,0,0.0,0.0
5800604,electronics.audio.subwoofer,focal,42.65,1,0,0.0,0.0
6000116,auto.accessories.alarm,tomahawk,95.24,1,0,0.0,0.0
4600611,appliances.kitchen.dishwasher,hotpoint-ariston,476.43,1,0,0.0,0.0
19100057,construction.tools.saw,bosch,172.35,1,0,0.0,0.0
28717344,apparel.shoes,respect,59.2,1,0,0.0,0.0
21411541,electronics.clocks,diesel,316.1,1,0,0.0,0.0
22400192,electronics.audio.microphone,pro-karaoke,180.18,1,0,0.0,0.0
21409721,electronics.clocks,zeppelin,460.76,1,0,0.0,0.0
6300407,appliances.kitchen.kettle,polaris,17.22,1,0,0.0,0.0
4802834,electronics.audio.headphone,asus,199.46,1,0,0.0,0.0
16800315,furniture.kitchen.table,domini,316.61,1,0,0.0,0.0
28715384,apparel.shoes,rieker,35.78,1,0,0.0,0.0
8800650,electronics.telephone,maxvi,11.3,1,0,0.0,0.0
8700248,appliances.personal.hair_cutter,galaxy,9.76,1,0,0.0,0.0
28720461,apparel.shoes,crosby,46.05,1,0,0.0,0.0
4803794,electronics.audio.headphone,acme,22.91,1,0,0.0,0.0
6600704,computers.components.memory,kingston,21.85,1,0,0.0,0.0
17800519,computers.desktop,dxracer,357.77,1,0,0.0,0.0
28401141,accessories.bag,karya,41.19,1,0,0.0,0.0
4802963,electronics.audio.headphone,sven,15.42,1,0,0.0,0.0
28719637,apparel.shoes.keds,fassen,44.79,1,0,0.0,0.0
4801142,electronics.audio.headphone,sony,128.68,1,0,0.0,0.0
12600022,appliances.kitchen.grill,ves,19.31,1,0,0.0,0.0
28716660,apparel.shoes.ballet_shoes,respect,38.35,1,0,0.0,0.0
21408896,electronics.clocks,boccia,120.98,1,0,0.0,0.0
13903329,construction.components.faucet,smeg,784.28,1,0,0.0,0.0
11200447,appliances.personal.scales,unit,9.76,1,0,0.0,0.0
28713150,apparel.shoes,respect,123.3,1,0,0.0,0.0
13900425,construction.components.faucet,iddis,86.99,1,0,0.0,0.0
16200071,kids.fmcg.diapers,merries,12.43,1,0,0.0,0.0
4500916,appliances.kitchen.hob,smeg,488.73,1,0,0.0,0.0
5700192,auto.accessories.player,clarion,102.96,1,0,0.0,0.0
7006252,kids.carriage,anex,643.0,1,0,0.0,0.0
3100530,appliances.kitchen.blender,bene,25.59,1,0,0.0,0.0
1401563,computers.desktop,avalon,481.09,1,0,0.0,0.0
8400210,apparel.sock,cybex,169.86,1,0,0.0,0.0
1306383,computers.notebook,hp,1469.39,1,0,0.0,0.0
5000600,appliances.sewing_machine,singer,128.45,1,0,0.0,0.0
1600529,computers.peripherals.printer,hp,185.22,1,0,0.0,0.0
28718434,apparel.shoes.keds,strobbs,34.49,1,0,0.0,0.0
28719517,apparel.shoes,respect,82.63,1,0,0.0,0.0
3800997,appliances.iron,redmond,51.46,1,0,0.0,0.0
28300685,accessories.wallet,muqajankz,36.04,1,0,0.0,0.0
45600435,apparel.shoes,garvalin,72.07,1,0,0.0,0.0
1801487,electronics.video.tv,vestel,463.07,1,0,0.0,0.0
7900406,furniture.kitchen.chair,selby,43.73,1,0,0.0,0.0
5801698,electronics.audio.subwoofer,kicx,30.63,1,0,0.0,0.0
9100978,computers.peripherals.mouse,crown,4.73,1,0,0.0,0.0
4803680,electronics.audio.headphone,sennheiser,411.08,1,0,0.0,0.0
12301474,construction.tools.drill,milwaukee,353.8,1,0,0.0,0.0
1201442,electronics.tablet,apple,797.7,1,0,0.0,0.0
28714415,apparel.shoes,etor,100.39,1,0,0.0,0.0
2501890,appliances.kitchen.oven,gorenje,372.98,1,0,0.0,0.0
3100425,appliances.kitchen.blender,polaris,36.82,1,0,0.0,0.0
12202352,sport.bicycle,haro,488.82,1,0,0.0,0.0
28713902,apparel.shoes.keds,nike,174.78,1,0,0.0,0.0
8800424,electronics.telephone,ergo,19.28,1,0,0.0,0.0
1480443,computers.desktop,pulser,267.68,1,0,0.0,0.0
4201311,appliances.environment.air_conditioner,mdv,1644.8,1,0,0.0,0.0
3100669,appliances.kitchen.blender,kitchenaid,488.3,1,0,0.0,0.0
21403520,electronics.clocks,orient,109.66,1,0,0.0,0.0
28401060,accessories.bag,karya,100.39,1,0,0.0,0.0
21404652,electronics.clocks,orient,78.25,1,0,0.0,0.0
6600476,computers.components.memory,kingston,40.8,1,0,0.0,0.0
17900209,construction.tools.generator,mateus,205.93,1,0,0.0,0.0
36000094,appliances.kitchen.kettle,rondell,22.63,1,0,0.0,0.0
9002878,kids.toys,basik,17.89,1,0,0.0,0.0
9002198,kids.toys,fancy,16.19,1,0,0.0,0.0
8800952,electronics.telephone,bq,13.17,1,0,0.0,0.0
11100216,appliances.personal.scales,scarlett,12.82,1,1,12.82,100.0
9002965,kids.toys,orange,11.33,1,0,0.0,0.0
28718133,apparel.shoes,respect,110.43,1,0,0.0,0.0
28300715,accessories.wallet,muqajankz,30.89,1,0,0.0,0.0
51600003,electronics.clocks,troyka,9.46,1,0,0.0,0.0
35108588,apparel.underwear,milavitsa,12.85,1,0,0.0,0.0
1801709,electronics.video.tv,sony,823.68,1,0,0.0,0.0
3100339,appliances.kitchen.blender,polaris,17.99,1,0,0.0,0.0
21409707,electronics.clocks,zeppelin,429.87,1,0,0.0,0.0
28708054,apparel.shoes.slipons,nexpero,16.99,1,0,0.0,0.0
6501055,computers.components.motherboard,gigabyte,355.72,1,0,0.0,0.0
5100882,electronics.clocks,garmin,1385.08,1,0,0.0,0.0
5000618,appliances.sewing_machine,singer,125.7,1,0,0.0,0.0
8902043,kids.toys,ladida,28.31,1,0,0.0,0.0
28703986,apparel.shoes.keds,nike,164.1,1,0,0.0,0.0
28300575,accessories.wallet,petek,96.78,1,0,0.0,0.0
21400632,electronics.clocks,orient,148.01,1,0,0.0,0.0
28704498,apparel.shoes.moccasins,etor,84.94,1,0,0.0,0.0
2701690,appliances.kitchen.refrigerators,haier,553.4,1,0,0.0,0.0
1306525,computers.notebook,dell,1000.0,1,0,0.0,0.0
3200033,appliances.kitchen.meat_grinder,moulinex,257.38,1,0,0.0,0.0
12202421,sport.bicycle,schwinn,269.76,1,0,0.0,0.0
21400467,electronics.clocks,boccia,217.51,1,0,0.0,0.0
28713570,apparel.shoes,greyder,151.87,1,0,0.0,0.0
3600949,appliances.kitchen.washer,samsung,373.21,1,0,0.0,0.0
1306708,computers.notebook,dell,965.02,1,0,0.0,0.0
44000003,apparel.shoes,ersport,35.78,1,0,0.0,0.0
6800869,computers.components.hdd,adata,35.78,1,0,0.0,0.0
30901121,computers.components.cooler,id-cooling,9.78,1,0,0.0,0.0
28300761,accessories.wallet,picard,52.77,1,0,0.0,0.0
8900693,kids.toys,bertoni,22.39,1,0,0.0,0.0
30901002,computers.components.cooler,id-cooling,9.65,1,0,0.0,0.0
9900138,electronics.video.projector,viewsonic,397.24,1,0,0.0,0.0
6301910,appliances.kitchen.kettle,scarlett,29.27,1,0,0.0,0.0
1480646,computers.desktop,basic,295.76,1,0,0.0,0.0
12300469,construction.tools.drill,alteco,50.19,1,0,0.0,0.0
6000171,auto.accessories.alarm,pandect,346.86,1,0,0.0,0.0
1480402,computers.desktop,lenovo,1302.41,1,0,0.0,0.0
8800949,electronics.telephone,bq,10.93,1,1,10.93,100.0
19100077,construction.tools.saw,makita,1157.14,1,0,0.0,0.0
3801297,appliances.iron,scarlett,25.71,1,0,0.0,0.0
28713804,apparel.shoes.moccasins,greyder,66.93,1,0,0.0,0.0
28717689,apparel.shoes.keds,greyder,128.7,1,0,0.0,0.0
4802226,electronics.audio.headphone,harper,5.12,1,0,0.0,0.0
6000248,auto.accessories.alarm,tec,190.45,1,0,0.0,0.0
11200188,appliances.personal.scales,tefal,17.99,1,0,0.0,0.0
28718150,apparel.shoes,baden,84.69,1,0,0.0,0.0
22400128,electronics.audio.microphone,yamaha,47.61,1,0,0.0,0.0
3600373,appliances.kitchen.washer,atlant,232.95,1,0,0.0,0.0
21400373,electronics.clocks,casio,157.53,1,0,0.0,0.0
2501957,appliances.kitchen.oven,gorenje,476.18,1,0,0.0,0.0
18500077,electronics.tablet,xp-pen,161.65,1,0,0.0,0.0
21409269,electronics.clocks,casio,45.3,1,0,0.0,0.0
12600009,appliances.kitchen.grill,delonghi,283.12,1,0,0.0,0.0
1401643,computers.desktop,hp,1136.97,1,0,0.0,0.0
1201451,electronics.tablet,apple,823.44,1,0,0.0,0.0
2900627,appliances.kitchen.microwave,redmond,124.69,1,0,0.0,0.0
2300181,electronics.camera.video,veho,154.41,1,0,0.0,0.0
14500078,appliances.kitchen.coffee_grinder,galaxy,15.68,1,0,0.0,0.0
3900482,appliances.environment.water_heater,ariston,111.44,1,0,0.0,0.0
8700383,appliances.personal.hair_cutter,rowenta,38.59,1,0,0.0,0.0
5800631,electronics.audio.subwoofer,kenwood,29.86,1,0,0.0,0.0
9100834,computers.peripherals.mouse,kingston,51.46,1,0,0.0,0.0
45601352,apparel.shoes,sterntaler,25.74,1,0,0.0,0.0
5801040,electronics.audio.subwoofer,hertz,160.54,1,0,0.0,0.0
1307265,computers.notebook,hp,591.78,1,0,0.0,0.0
8700060,appliances.personal.hair_cutter,scarlett,11.56,1,0,0.0,0.0
22400097,electronics.audio.microphone,shure,49.16,1,0,0.0,0.0
28401000,accessories.bag,picard,37.32,1,0,0.0,0.0
6200761,appliances.environment.air_heater,saturn,35.75,1,0,0.0,0.0
28718014,apparel.shoes,respect,62.81,1,0,0.0,0.0
18300927,accessories.bag,xiaomi,38.35,1,0,0.0,0.0
28717596,apparel.shoes,ag,75.94,1,0,0.0,0.0
12202490,sport.bicycle,trinx,157.02,1,0,0.0,0.0
4700270,auto.accessories.videoregister,neoline,100.36,1,0,0.0,0.0
3900727,appliances.environment.water_heater,thermex,115.81,1,0,0.0,0.0
28716097,apparel.shoes,baden,118.15,1,0,0.0,0.0
13800073,furniture.bathroom.toilet,sanita,86.39,1,0,0.0,0.0
6800220,appliances.kitchen.kettle,bosch,113.0,1,0,0.0,0.0
3701159,appliances.environment.vacuum,bosch,203.27,1,0,0.0,0.0
11700198,electronics.audio.acoustic,yamaha,279.5,1,0,0.0,0.0
12300053,construction.tools.drill,dwt,84.74,1,0,0.0,0.0
28718369,apparel.shoes,respect,128.45,1,0,0.0,0.0
6902242,furniture.living_room.chair,joie,77.48,1,0,0.0,0.0
4400442,appliances.kitchen.coffee_machine,philips,1235.48,1,0,0.0,0.0
28719081,apparel.shoes,baden,123.3,1,0,0.0,0.0
28401239,accessories.bag,karya,66.93,1,0,0.0,0.0
4201012,appliances.environment.air_conditioner,fantasia,463.31,1,0,0.0,0.0
17800396,computers.desktop,cnd,187.88,1,0,0.0,0.0
4400490,appliances.kitchen.coffee_machine,vitek,23.14,1,0,0.0,0.0
4900146,appliances.kitchen.juicer,bosch,43.73,1,0,0.0,0.0
4801145,electronics.audio.headphone,sony,102.93,1,0,0.0,0.0
1304995,computers.notebook,lenovo,180.11,1,0,0.0,0.0
5000121,appliances.sewing_machine,janome,118.38,1,0,0.0,0.0
10400213,kids.toys,welly,27.95,1,0,0.0,0.0
30000047,construction.tools.welding,laston,116.93,1,0,0.0,0.0
28719668,apparel.shoes,betsy,44.76,1,0,0.0,0.0
4803775,electronics.audio.headphone,sven,20.57,1,0,0.0,0.0
28401066,accessories.bag,karya,100.39,1,0,0.0,0.0
1305092,computers.notebook,acer,514.79,1,0,0.0,0.0
14100404,electronics.audio.acoustic,yamaha,322.26,1,0,0.0,0.0
3100302,appliances.kitchen.blender,philips,61.75,1,0,0.0,0.0
12300454,construction.tools.drill,hyundai,70.74,1,0,0.0,0.0
2300260,electronics.camera.video,gopro,463.07,1,0,0.0,0.0
21408721,electronics.clocks,casio,264.36,1,0,0.0,0.0
42700017,auto.accessories.winch,t-max,274.65,1,0,0.0,0.0
16700531,furniture.kitchen.chair,barneo,57.4,1,0,0.0,0.0
12202548,sport.bicycle,novatrack,94.33,1,0,0.0,0.0
21000002,accessories.bag,thule,257.38,1,0,0.0,0.0
46300006,apparel.dress,sly,46.83,1,0,0.0,0.0
28718939,apparel.shoes.keds,nexpero,82.63,1,0,0.0,0.0
1305851,computers.notebook,hp,746.22,1,0,0.0,0.0
28713434,apparel.shoes,baden,69.24,1,0,0.0,0.0
10900301,appliances.kitchen.mixer,polaris,14.39,1,0,0.0,0.0
3701481,appliances.environment.vacuum,lg,759.32,1,0,0.0,0.0
23700129,furniture.bedroom.blanket,alvitek,59.2,1,0,0.0,0.0
2500257,appliances.kitchen.oven,hansa,249.66,1,0,0.0,0.0
12900495,stationery.cartrige,hp,4.17,1,0,0.0,0.0
6301764,appliances.kitchen.kettle,maunfeld,42.45,1,0,0.0,0.0
28703988,apparel.shoes.keds,nike,84.69,1,0,0.0,0.0
30000034,construction.tools.welding,redbo,592.04,1,0,0.0,0.0
13900505,construction.components.faucet,lemark,43.13,1,0,0.0,0.0
5000362,appliances.sewing_machine,janome,509.09,1,0,0.0,0.0
6600181,computers.components.memory,kingston,21.08,1,0,0.0,0.0
10400592,kids.toys,silverlit,54.57,1,0,0.0,0.0
45600857,apparel.shoes,crosby,43.48,1,0,0.0,0.0
9100308,computers.peripherals.mouse,steelseries,157.4,1,0,0.0,0.0
13200148,furniture.bedroom.bed,brw,383.54,1,0,0.0,0.0
28718005,apparel.shoes,respect,133.59,1,0,0.0,0.0
3801022,appliances.iron,tefal,90.02,1,0,0.0,0.0
1305803,computers.notebook,hp,772.19,1,0,0.0,0.0
1480619,computers.desktop,dell,401.29,1,0,0.0,0.0
12201332,sport.bicycle,phoenix,154.16,1,1,154.16,100.0
3701348,appliances.environment.vacuum,samsung,108.09,1,0,0.0,0.0
5100364,electronics.clocks,wonlex,66.67,1,0,0.0,0.0
3701560,appliances.environment.vacuum,scarlett,72.05,1,0,0.0,0.0
3701569,appliances.environment.vacuum,bosch,218.77,1,0,0.0,0.0
16700598,furniture.kitchen.chair,domini,50.19,1,0,0.0,0.0
10201808,kids.dolls,barbie,80.57,1,0,0.0,0.0
6400327,computers.components.cpu,intel,1669.75,1,0,0.0,0.0
28718441,apparel.shoes.keds,strobbs,64.61,1,0,0.0,0.0
1307420,computers.notebook,lenovo,2468.48,1,0,0.0,0.0
6902226,furniture.living_room.chair,joie,298.33,1,0,0.0,0.0
35108000,apparel.underwear,milavitsa,37.97,1,0,0.0,0.0
12201638,sport.bicycle,axis,316.35,1,0,0.0,0.0
28714210,apparel.shoes,greyder,66.93,1,0,0.0,0.0
12202269,sport.bicycle,racer,152.38,1,0,0.0,0.0
12300270,construction.tools.drill,dewalt,327.05,1,0,0.0,0.0
12300192,construction.tools.drill,dewalt,229.33,1,0,0.0,0.0
28712985,apparel.shoes,baden,80.05,1,0,0.0,0.0
16700067,furniture.kitchen.chair,domini,30.89,1,0,0.0,0.0
3900905,appliances.environment.water_heater,oasis,88.78,1,0,0.0,0.0
8800328,electronics.telephone,philips,50.95,1,0,0.0,0.0
5700844,auto.accessories.player,kenwood,101.68,1,0,0.0,0.0
45601642,apparel.shoes.moccasins,minimen,45.56,1,0,0.0,0.0
30000205,construction.tools.welding,magnetta,119.83,1,0,0.0,0.0
5701169,auto.accessories.player,winca,373.24,1,0,0.0,0.0
4801032,electronics.audio.headphone,sony,5.89,1,0,0.0,0.0
16700021,furniture.kitchen.chair,sv,25.71,1,0,0.0,0.0
52900135,accessories.bag,stanley,15.66,1,0,0.0,0.0
12301010,construction.tools.drill,metabo,1133.9,1,0,0.0,0.0
27700020,construction.tools.pump,gardena,401.26,1,0,0.0,0.0
4700607,auto.accessories.videoregister,artway,43.76,1,0,0.0,0.0
4700147,auto.accessories.videoregister,neoline,38.59,1,0,0.0,0.0
2240098,electronics.audio.microphone,shure,489.85,1,0,0.0,0.0
21408252,electronics.clocks,tissot,494.22,1,0,0.0,0.0
5801051,electronics.audio.subwoofer,focal,484.88,1,0,0.0,0.0
3600717,appliances.kitchen.washer,hotpoint-ariston,292.13,1,0,0.0,0.0
4501484,appliances.kitchen.hob,maunfeld,324.31,1,0,0.0,0.0
12202876,sport.bicycle,scott,2571.49,1,0,0.0,0.0
1701257,computers.peripherals.monitor,dell,357.54,1,0,0.0,0.0
3801180,appliances.iron,tefal,463.31,1,0,0.0,0.0
3000080,appliances.kitchen.steam_cooker,smeg,1198.67,1,0,0.0,0.0
6200947,appliances.environment.air_heater,oasis,38.35,1,0,0.0,0.0
28401054,accessories.bag,karya,100.39,1,0,0.0,0.0
28300553,accessories.wallet,karya,27.03,1,0,0.0,0.0
28716226,apparel.shoes.moccasins,respect,64.61,1,0,0.0,0.0
6301870,appliances.kitchen.kettle,scarlett,15.73,1,0,0.0,0.0
6501092,computers.components.motherboard,asus,391.15,1,0,0.0,0.0
28719255,apparel.shoes,rieker,99.1,1,0,0.0,0.0
21400599,electronics.clocks,orient,180.18,1,0,0.0,0.0
8901932,kids.toys,pituso,35.96,1,0,0.0,0.0
4802200,electronics.audio.headphone,sony,33.21,1,0,0.0,0.0
40900071,construction.tools.painting,stels,48.4,1,0,0.0,0.0
18300547,accessories.bag,sumdex,21.91,1,0,0.0,0.0
12400213,construction.tools.drill,ryobi,135.8,1,0,0.0,0.0
21410879,electronics.clocks,swatch,73.36,1,0,0.0,0.0
12202098,sport.bicycle,kink,298.33,1,0,0.0,0.0
28300702,accessories.wallet,muqajankz,20.59,1,0,0.0,0.0
3100481,appliances.kitchen.blender,polaris,57.92,1,0,0.0,0.0
28401111,accessories.bag,baden,46.08,1,0,0.0,0.0
7006435,kids.carriage,maxcolor,77.22,1,0,0.0,0.0
28718239,apparel.shoes.keds,tamaris,76.96,1,0,0.0,0.0
2502240,appliances.kitchen.oven,indesit,252.49,1,0,0.0,0.0
21404717,electronics.clocks,orient,109.66,1,0,0.0,0.0
28717920,apparel.shoes,rieker,73.36,1,0,0.0,0.0
2402800,appliances.kitchen.hood,kronasteel,172.16,1,0,0.0,0.0
7900972,furniture.kitchen.chair,lorelli,45.3,1,0,0.0,0.0
6600870,computers.components.memory,zeppelin,17.5,1,0,0.0,0.0
28716686,apparel.shoes,respect,66.41,1,0,0.0,0.0
6301440,appliances.kitchen.kettle,polaris,39.36,1,0,0.0,0.0
45601783,apparel.shoes.keds,pablosky,60.23,1,0,0.0,0.0
45300039,kids.swing,lorelli,33.21,1,0,0.0,0.0
4500432,appliances.kitchen.hob,bosch,167.19,1,0,0.0,0.0
6100201,auto.accessories.radar,neoline,74.14,1,0,0.0,0.0
28704151,apparel.shoes.keds,nike,136.17,1,0,0.0,0.0
5801416,electronics.audio.subwoofer,morel,489.07,1,0,0.0,0.0
1004395,electronics.smartphone,sony,282.89,1,0,0.0,0.0
4400307,appliances.kitchen.coffee_machine,bosch,628.05,1,0,0.0,0.0
2501672,appliances.kitchen.oven,bbk,85.69,1,0,0.0,0.0
3000116,appliances.kitchen.steam_cooker,philips,135.59,1,0,0.0,0.0
13900076,construction.components.faucet,decoroom,20.42,1,0,0.0,0.0
35200238,apparel.underwear,milavitsa,22.0,1,0,0.0,0.0
28717893,apparel.shoes,caprice,118.15,1,0,0.0,0.0
14100075,electronics.audio.acoustic,fender,121.73,1,0,0.0,0.0
9100401,computers.peripherals.mouse,razer,76.96,1,0,0.0,0.0
7101286,furniture.bedroom.bed,incanto,169.86,1,0,0.0,0.0
29700011,accessories.umbrella,fabretti,25.48,1,0,0.0,0.0
4802152,electronics.audio.headphone,plantronics,77.2,1,0,0.0,0.0
45600575,apparel.shoes,crosby,64.33,1,0,0.0,0.0
47200127,furniture.living_room.cabinet,misty,223.71,1,0,0.0,0.0
12100018,kids.skates,zinc,24.27,1,0,0.0,0.0
6302022,appliances.kitchen.kettle,redmond,82.34,1,0,0.0,0.0
12201323,sport.bicycle,author,617.52,1,0,0.0,0.0
5000229,appliances.sewing_machine,brother,395.35,1,0,0.0,0.0
1802097,electronics.video.tv,blaupunkt,167.29,1,1,167.29,100.0
10400659,kids.toys,rw,19.28,1,0,0.0,0.0
21402964,electronics.clocks,casio,30.12,1,0,0.0,0.0
29100051,appliances.personal.massager,smile,12.27,1,0,0.0,0.0
21403997,electronics.clocks,calypso,43.76,1,0,0.0,0.0
12301307,construction.tools.drill,makita,212.63,1,0,0.0,0.0
18300023,accessories.bag,rivacase,30.86,1,0,0.0,0.0
35101328,apparel.underwear,milavitsa,37.97,1,0,0.0,0.0
3100146,appliances.kitchen.blender,philips,56.6,1,0,0.0,0.0
21408378,electronics.clocks,tissot,854.59,1,0,0.0,0.0
7006250,kids.carriage,anex,668.74,1,0,0.0,0.0
45601242,apparel.shoes,minimen,48.91,1,0,0.0,0.0
13600155,furniture.bathroom.bath,kolo,163.88,1,0,0.0,0.0
14100560,electronics.audio.acoustic,takamine,2121.8,1,0,0.0,0.0
28719105,apparel.shoes,alpina,117.12,1,0,0.0,0.0
6302198,appliances.kitchen.kettle,kitfort,63.28,1,0,0.0,0.0
4502254,appliances.kitchen.hob,electronicsdeluxe,175.55,1,0,0.0,0.0
12100209,kids.skates,stiga,110.66,1,0,0.0,0.0
28717976,apparel.shoes,rieker,71.82,1,0,0.0,0.0
21411237,electronics.clocks,tissot,357.28,1,0,0.0,0.0
4801566,electronics.audio.headphone,magnat,84.94,1,0,0.0,0.0
4501354,appliances.kitchen.hob,gefest,294.93,1,0,0.0,0.0
16700633,furniture.kitchen.chair,domini,38.61,1,0,0.0,0.0
2500891,appliances.kitchen.oven,hotpoint-ariston,234.21,1,0,0.0,0.0
2701716,appliances.kitchen.refrigerators,pozis,260.24,1,0,0.0,0.0
28715900,apparel.shoes,rieker,138.74,1,0,0.0,0.0
6301540,appliances.kitchen.kettle,galaxy,33.44,1,0,0.0,0.0
28717929,apparel.shoes,burgerschuhe,104.25,1,0,0.0,0.0
4803992,electronics.audio.headphone,yamaha,46.33,1,0,0.0,0.0
27600465,country_yard.lawn_mower,viking,465.91,1,0,0.0,0.0
6501098,computers.components.motherboard,asus,985.34,1,0,0.0,0.0
2300227,electronics.camera.video,sony,411.34,1,0,0.0,0.0
1307251,computers.notebook,asus,859.34,1,0,0.0,0.0
1701273,computers.peripherals.monitor,lg,125.86,1,0,0.0,0.0
12300292,construction.tools.drill,dwt,39.16,1,0,0.0,0.0
28719180,apparel.shoes,rieker,97.3,1,0,0.0,0.0
3800795,appliances.iron,tefal,93.88,1,0,0.0,0.0
4600610,appliances.kitchen.dishwasher,bosch,864.86,1,0,0.0,0.0
28714397,apparel.shoes.keds,nike,94.98,1,0,0.0,0.0
28720215,apparel.shoes.keds,asics,128.96,1,0,0.0,0.0
1306274,computers.notebook,lenovo,470.77,1,0,0.0,0.0
8700051,appliances.personal.hair_cutter,remington,67.96,1,0,0.0,0.0
12202448,sport.bicycle,forward,79.8,1,0,0.0,0.0
4800842,electronics.audio.headphone,jbl,8.98,1,0,0.0,0.0
43300006,apparel.tshirt,jordan,45.02,1,0,0.0,0.0
11600386,computers.desktop,microlab,33.18,1,0,0.0,0.0
19300102,appliances.ironing_board,nika,3.86,1,0,0.0,0.0
6301816,appliances.kitchen.kettle,first,13.87,1,0,0.0,0.0
6902260,furniture.living_room.chair,heyner,308.89,1,0,0.0,0.0
21401923,electronics.clocks,seiko,733.87,1,0,0.0,0.0
21407224,electronics.clocks,longines,1328.22,1,0,0.0,0.0
21409451,electronics.clocks,casio,54.31,1,0,0.0,0.0
42700000,auto.accessories.winch,denzel,424.51,1,0,0.0,0.0
12301311,construction.tools.drill,alteco,22.39,1,0,0.0,0.0
14701877,furniture.living_room.cabinet,imperial,114.78,1,0,0.0,0.0
6400267,computers.components.cpu,amd,144.92,1,0,0.0,0.0
2701024,appliances.kitchen.refrigerators,leadbros,133.85,1,0,0.0,0.0
8801004,electronics.telephone,jinga,24.43,1,0,0.0,0.0
11700329,electronics.audio.acoustic,sony,205.9,1,0,0.0,0.0
28715865,apparel.shoes,respect,62.81,1,0,0.0,0.0
4700327,auto.accessories.videoregister,ridian,29.6,1,0,0.0,0.0
4803420,electronics.audio.headphone,meizu,72.07,1,0,0.0,0.0
4900203,appliances.kitchen.juicer,polaris,61.73,1,0,0.0,0.0
1305864,computers.notebook,lenovo,499.1,1,0,0.0,0.0
5801050,electronics.audio.subwoofer,hertz,80.29,1,0,0.0,0.0
21406784,electronics.clocks,tissot,2028.37,1,0,0.0,0.0
1307060,computers.notebook,hp,1202.06,1,0,0.0,0.0
2501104,appliances.kitchen.oven,electrolux,357.61,1,0,0.0,0.0
28717531,apparel.shoes,salamander,96.53,1,0,0.0,0.0
6301515,appliances.kitchen.kettle,maxwell,15.19,1,0,0.0,0.0
1004900,electronics.smartphone,nokia,154.42,1,0,0.0,0.0
5800650,electronics.audio.subwoofer,nakamichi,43.76,1,0,0.0,0.0
18300675,accessories.bag,xiaomi,30.86,1,0,0.0,0.0
22900008,furniture.bedroom.pillow,vegas,51.22,1,0,0.0,0.0
12201270,sport.bicycle,trek,284.95,1,0,0.0,0.0
39900024,apparel.trousers,jordan,60.46,1,0,0.0,0.0
8900286,kids.toys,bertoni,23.42,1,0,0.0,0.0
2900885,appliances.kitchen.microwave,smeg,1375.64,1,0,0.0,0.0
3900969,appliances.environment.water_heater,ariston,203.07,1,0,0.0,0.0
7004453,kids.carriage,chicco,162.15,1,0,0.0,0.0
6501017,computers.components.motherboard,asrock,255.0,1,0,0.0,0.0
2501714,appliances.kitchen.oven,darina,249.66,1,0,0.0,0.0
17900023,construction.tools.generator,firman,436.27,1,0,0.0,0.0
30000229,construction.tools.welding,fubag,125.87,1,0,0.0,0.0
44800135,sport.tennis,head,64.09,1,0,0.0,0.0
1600634,computers.peripherals.printer,hp,88.87,1,0,0.0,0.0
5100686,electronics.clocks,polar,619.84,1,0,0.0,0.0
8800538,electronics.telephone,texet,30.01,1,0,0.0,0.0
13201181,furniture.bedroom.bed,brw,237.59,1,0,0.0,0.0
1307214,computers.notebook,dell,931.3,1,0,0.0,0.0
35103714,apparel.underwear,milavitsa,31.51,1,0,0.0,0.0
1306541,computers.notebook,dell,1669.28,1,0,0.0,0.0
21403781,electronics.clocks,casio,252.0,1,0,0.0,0.0
17900310,construction.tools.generator,forza,275.26,1,0,0.0,0.0
1480190,computers.desktop,lenovo,489.05,1,0,0.0,0.0
4802231,electronics.audio.headphone,beats,151.84,1,0,0.0,0.0
21800269,computers.peripherals.mouse,acme,7.46,1,0,0.0,0.0
21404527,electronics.clocks,casio,55.86,1,0,0.0,0.0
45600215,apparel.shoes,shagovita,61.76,1,0,0.0,0.0
1600378,computers.peripherals.printer,canon,360.11,1,0,0.0,0.0
6201057,appliances.environment.air_heater,ditreex,36.36,1,0,0.0,0.0
3100720,appliances.kitchen.blender,braun,46.31,1,0,0.0,0.0
19100093,construction.tools.saw,kolner,109.45,1,0,0.0,0.0
14700424,furniture.living_room.cabinet,brw,329.22,1,0,0.0,0.0
8902382,kids.toys,castorland,4.3,1,0,0.0,0.0
43300021,apparel.tshirt,nike,45.05,1,0,0.0,0.0
22400207,electronics.audio.microphone,shure,283.92,1,0,0.0,0.0
21402084,electronics.clocks,lorus,104.76,1,0,0.0,0.0
14701459,furniture.living_room.cabinet,brw,168.34,1,0,0.0,0.0
12201408,sport.bicycle,giant,1956.03,1,0,0.0,0.0
3801372,appliances.iron,unit,16.45,1,0,0.0,0.0
21402421,electronics.clocks,casio,46.59,1,0,0.0,0.0
1201188,electronics.tablet,apple,746.22,1,0,0.0,0.0
6200136,appliances.environment.air_heater,ballu,40.16,1,0,0.0,0.0
5000536,appliances.sewing_machine,bernina,576.33,1,0,0.0,0.0
28714691,apparel.shoes.keds,nike,172.44,1,0,0.0,0.0
6902716,furniture.living_room.chair,cybex,220.06,1,0,0.0,0.0
43200053,apparel.tshirt,persona,118.41,1,0,0.0,0.0
3601581,appliances.kitchen.washer,lg,669.23,1,0,0.0,0.0
6100158,auto.accessories.radar,ritmix,38.03,1,0,0.0,0.0
28300689,accessories.wallet,muqajankz,36.04,1,0,0.0,0.0
7002662,kids.carriage,anex,615.2,1,0,0.0,0.0
4600419,appliances.kitchen.dishwasher,maunfeld,425.42,1,0,0.0,0.0
2702512,appliances.kitchen.refrigerators,smeg,2327.23,1,0,0.0,0.0
3900898,appliances.environment.water_heater,klima,102.78,1,0,0.0,0.0
46900026,accessories.bag,ezetil,41.16,1,0,0.0,0.0
4600493,appliances.kitchen.dishwasher,hotpoint-ariston,646.07,1,0,0.0,0.0
21406463,electronics.clocks,armani,365.0,1,0,0.0,0.0
14300128,electronics.audio.music_tools.piano,yamaha,667.97,1,0,0.0,0.0
9200654,computers.peripherals.keyboard,cnd,24.43,1,0,0.0,0.0
9200294,computers.peripherals.keyboard,delux,8.68,1,0,0.0,0.0
12202708,sport.bicycle,stark,1723.31,1,0,0.0,0.0
28716341,apparel.shoes,respect,115.06,1,0,0.0,0.0
12400472,construction.tools.drill,bosch,235.53,1,0,0.0,0.0
21407344,electronics.clocks,casio,72.33,1,0,0.0,0.0
21406847,electronics.clocks,tissot,1698.89,1,0,0.0,0.0
7004632,kids.carriage,alis,128.68,1,0,0.0,0.0
28712451,apparel.shoes,rieker,80.31,1,0,0.0,0.0
21400276,electronics.clocks,casio,131.28,1,0,0.0,0.0
1701506,computers.peripherals.monitor,huntkey,460.89,1,0,0.0,0.0
1307195,computers.notebook,xiaomi,1287.01,1,0,0.0,0.0
1500287,computers.peripherals.printer,ricoh,437.33,1,0,0.0,0.0
6801189,computers.components.hdd,transcend,69.24,1,0,0.0,0.0
21410839,electronics.clocks,casio,477.23,1,0,0.0,0.0
21403526,electronics.clocks,orient,176.07,1,0,0.0,0.0
4804196,electronics.audio.headphone,acme,12.61,1,0,0.0,0.0
10400460,kids.toys,disney,14.29,1,0,0.0,0.0
10900194,appliances.kitchen.mixer,kitchenaid,820.1,1,0,0.0,0.0
3701340,appliances.environment.vacuum,thomas,604.65,1,0,0.0,0.0
21400889,electronics.clocks,casio,915.34,1,0,0.0,0.0
16800005,furniture.kitchen.table,brw,227.55,1,0,0.0,0.0
4000101,construction.tools.generator,bork,293.42,1,0,0.0,0.0
13200380,furniture.bedroom.bed,bts,128.68,1,0,0.0,0.0
28712586,apparel.shoes,respect,86.23,1,0,0.0,0.0
1305485,computers.notebook,dell,798.22,1,0,0.0,0.0
5800661,electronics.audio.subwoofer,kicx,37.07,1,0,0.0,0.0
52300002,sport.snowboard,thule,187.91,1,0,0.0,0.0
16200236,kids.fmcg.diapers,huggies,20.4,1,0,0.0,0.0
22600069,auto.accessories.compressor,alca,38.61,1,0,0.0,0.0
4600649,appliances.kitchen.dishwasher,electrolux,514.79,1,0,0.0,0.0
28719507,apparel.shoes,respect,118.15,1,0,0.0,0.0
6400295,computers.components.cpu,amd,102.71,1,0,0.0,0.0
13200194,furniture.bedroom.bed,brw,202.84,1,0,0.0,0.0
4803968,electronics.audio.headphone,hoco,4.12,1,0,0.0,0.0
21405368,electronics.clocks,casio,99.87,1,0,0.0,0.0
28719160,apparel.shoes,salamander,127.93,1,0,0.0,0.0
3801057,appliances.iron,tefal,52.74,1,0,0.0,0.0
30900971,computers.components.cooler,asus,155.56,1,0,0.0,0.0
3801049,appliances.iron,tefal,117.4,1,0,0.0,0.0
28704120,apparel.shoes.keds,nike,61.57,1,0,0.0,0.0
1480636,computers.desktop,gigabyte,267.73,1,0,0.0,0.0
28718718,apparel.shoes,respect,143.89,1,0,0.0,0.0
1306243,computers.notebook,hp,1060.26,1,0,0.0,0.0
1306932,computers.notebook,hp,730.03,1,0,0.0,0.0
21401039,electronics.clocks,casio,115.06,1,0,0.0,0.0
11600072,computers.desktop,microlab,11.3,1,0,0.0,0.0
2300226,electronics.camera.video,gopro,360.11,1,0,0.0,0.0
21401368,electronics.clocks,casio,110.43,1,0,0.0,0.0
6301937,appliances.kitchen.kettle,willmark,9.74,1,0,0.0,0.0
21400039,electronics.clocks,casio,155.22,1,0,0.0,0.0
18900135,electronics.camera.photo,canon,851.35,1,0,0.0,0.0
28300726,accessories.wallet,karya,46.33,1,0,0.0,0.0
28719324,apparel.shoes.keds,tesoro,66.39,1,0,0.0,0.0
1307498,computers.notebook,dell,846.61,1,0,0.0,0.0
28401061,accessories.bag,karya,100.39,1,0,0.0,0.0
45600698,apparel.shoes,pablosky,70.27,1,0,0.0,0.0
17800394,computers.desktop,cnd,308.86,1,0,0.0,0.0
1801371,electronics.video.tv,vestel,179.93,1,0,0.0,0.0
28401145,accessories.bag,karya,84.94,1,0,0.0,0.0
28714332,apparel.shoes.keds,puma,126.1,1,0,0.0,0.0
35103282,apparel.underwear,milavitsa,24.29,1,0,0.0,0.0
1701394,computers.peripherals.monitor,hp,179.93,1,0,0.0,0.0
4502198,appliances.kitchen.hob,korting,252.25,1,0,0.0,0.0
21402071,electronics.clocks,adriatica,178.9,1,0,0.0,0.0
1701507,computers.peripherals.monitor,aoc,184.7,1,0,0.0,0.0
4700441,auto.accessories.videoregister,incar,96.53,1,0,0.0,0.0
4802846,electronics.audio.headphone,sony,58.95,1,0,0.0,0.0
1306685,computers.notebook,asus,626.09,1,0,0.0,0.0
4802702,electronics.audio.headphone,beats,180.16,1,0,0.0,0.0
5100436,electronics.clocks,garmin,144.66,1,0,0.0,0.0
21401793,electronics.clocks,seiko,719.71,1,0,0.0,0.0
2701989,appliances.kitchen.refrigerators,liebherr,985.97,1,0,0.0,0.0
28713614,apparel.shoes.keds,tuffoni,74.91,1,0,0.0,0.0
8700468,appliances.personal.hair_cutter,jaguar,154.26,1,0,0.0,0.0
28719533,apparel.shoes,rieker,92.41,1,0,0.0,0.0
8700490,appliances.personal.hair_cutter,wahl,89.27,1,0,0.0,0.0
17900051,construction.tools.generator,senci,680.2,1,0,0.0,0.0
21410219,electronics.clocks,casio,82.63,1,0,0.0,0.0
18500047,electronics.tablet,huion,66.73,1,0,0.0,0.0
21406576,electronics.clocks,tissot,1029.63,1,0,0.0,0.0
13901825,construction.components.faucet,lemark,164.44,1,0,0.0,0.0
35103731,apparel.underwear,milavitsa,28.2,1,0,0.0,0.0
13900083,construction.components.faucet,rubineta,30.84,1,0,0.0,0.0
18900050,electronics.camera.photo,canon,2566.83,1,0,0.0,0.0
1701435,computers.peripherals.monitor,hp,399.44,1,0,0.0,0.0
4502428,appliances.kitchen.hob,bompani,210.71,1,0,0.0,0.0
4500756,appliances.kitchen.hob,gorenje,282.86,1,0,0.0,0.0
4201373,appliances.environment.air_conditioner,beko,205.9,1,0,0.0,0.0
21401477,electronics.clocks,casio,262.3,1,0,0.0,0.0
1307232,computers.notebook,lenovo,360.34,1,0,0.0,0.0
1307438,computers.notebook,lenovo,338.49,1,0,0.0,0.0
4400158,appliances.kitchen.coffee_machine,redmond,69.47,1,0,0.0,0.0
28712437,apparel.shoes,respect,128.45,1,0,0.0,0.0
6902210,furniture.living_room.chair,cybex,185.31,1,0,0.0,0.0
3601428,appliances.kitchen.washer,bosch,437.57,1,0,0.0,0.0
46500003,apparel.trousers,aivengo,27.91,1,0,0.0,0.0
28708832,apparel.shoes.keds,escan,30.63,1,0,0.0,0.0
3700807,appliances.environment.vacuum,gorenje,61.75,1,0,0.0,0.0
6701054,computers.components.videocards,msi,288.57,1,0,0.0,0.0
12300893,construction.tools.drill,hitachi,119.6,1,0,0.0,0.0
22900074,furniture.bedroom.pillow,belashoff,51.48,1,0,0.0,0.0
28300406,accessories.wallet,petek,43.24,1,0,0.0,0.0
12301286,construction.tools.drill,hyundai,42.6,1,0,0.0,0.0
3700690,appliances.environment.vacuum,thomas,476.18,1,0,0.0,0.0
8902216,kids.toys,chicco,42.42,1,0,0.0,0.0
8901604,kids.toys,chicco,43.73,1,0,0.0,0.0
35105314,apparel.underwear,milavitsa,24.41,1,0,0.0,0.0
9200746,computers.peripherals.keyboard,logitech,289.13,1,0,0.0,0.0
28719044,apparel.shoes,baden,92.41,1,0,0.0,0.0
13900310,construction.components.faucet,am.pm,142.99,1,0,0.0,0.0
1700243,computers.peripherals.monitor,asus,205.13,1,0,0.0,0.0
6400249,computers.components.cpu,amd,142.35,1,0,0.0,0.0
5800015,electronics.audio.subwoofer,mystery,47.62,1,0,0.0,0.0
9200309,computers.peripherals.keyboard,defender,4.68,1,0,0.0,0.0
45601171,apparel.shoes.keds,crosby,39.61,1,0,0.0,0.0
12202789,sport.bicycle,stark,631.39,1,0,0.0,0.0
28719016,apparel.shoes,rieker,85.46,1,0,0.0,0.0
1480255,computers.desktop,hp,1842.36,1,0,0.0,0.0
1306134,computers.notebook,lenovo,1000.0,1,0,0.0,0.0
28704475,apparel.shoes,etor,126.13,1,0,0.0,0.0
45600280,apparel.shoes,shagovita,61.76,1,0,0.0,0.0
21407372,electronics.clocks,casio,377.87,1,0,0.0,0.0
9200285,computers.peripherals.keyboard,gembird,19.28,1,0,0.0,0.0
16700547,furniture.kitchen.chair,ikea,28.08,1,0,0.0,0.0
21400621,electronics.clocks,orient,93.7,1,0,0.0,0.0
22900233,furniture.bedroom.pillow,xiaomi,19.98,1,0,0.0,0.0
6200890,appliances.environment.air_heater,p.i.t.,25.74,1,0,0.0,0.0
12900202,stationery.cartrige,hp,73.33,1,0,0.0,0.0
17800038,computers.desktop,dxracer,231.41,1,0,0.0,0.0
28718532,apparel.shoes,etor,108.11,1,0,0.0,0.0
29700034,accessories.umbrella,fabretti,25.48,1,0,0.0,0.0
28400343,accessories.bag,karya,100.39,1,0,0.0,0.0
4502523,appliances.kitchen.hob,bosch,306.29,1,0,0.0,0.0
45700010,apparel.costume,aivengo,70.25,1,0,0.0,0.0
8902532,kids.toys,chicco,83.66,1,0,0.0,0.0
5000153,appliances.sewing_machine,bernina,523.55,1,0,0.0,0.0
12300561,construction.tools.drill,makita,118.2,1,0,0.0,0.0
21401622,electronics.clocks,casio,72.07,1,0,0.0,0.0
21408941,electronics.clocks,casio,43.24,1,0,0.0,0.0
5100814,electronics.clocks,alpina,733.61,1,0,0.0,0.0
5100502,electronics.clocks,suunto,566.04,1,0,0.0,0.0
46500005,apparel.trousers,aivengo,39.87,1,0,0.0,0.0
1003638,electronics.smartphone,nokia,231.6,1,0,0.0,0.0
5801065,electronics.audio.subwoofer,audison,426.5,1,0,0.0,0.0
9700217,computers.components.power_supply,gigabyte,78.55,1,0,0.0,0.0
28714824,apparel.shoes.keds,escan,44.79,1,0,0.0,0.0
3601570,appliances.kitchen.washer,electrolux,1624.52,1,0,0.0,0.0
28710413,apparel.shoes.moccasins,respect,30.89,1,0,0.0,0.0
21405649,electronics.clocks,fossil,191.51,1,0,0.0,0.0
21409615,electronics.clocks,oris,1756.8,1,0,0.0,0.0
28721181,apparel.shoes,nexpero,79.02,1,0,0.0,0.0
10900012,appliances.kitchen.mixer,polaris,29.27,1,0,0.0,0.0
18300026,accessories.bag,rivacase,28.29,1,0,0.0,0.0
4802042,electronics.audio.headphone,audio-technica,35.78,1,0,0.0,0.0
4900204,appliances.kitchen.juicer,polaris,74.62,1,0,0.0,0.0
1004223,electronics.smartphone,prestigio,71.82,1,0,0.0,0.0
12100613,kids.skates,longway,179.93,1,0,0.0,0.0
3900783,appliances.environment.water_heater,ariston,133.54,1,0,0.0,0.0
3600832,appliances.kitchen.washer,smeg,1315.26,1,0,0.0,0.0
17200521,furniture.living_room.sofa,rivalli,514.56,1,0,0.0,0.0
21407300,electronics.clocks,rado,2007.77,1,0,0.0,0.0
8600147,appliances.environment.fan,polaris,54.03,1,0,0.0,0.0
1003981,electronics.smartphone,doogee,71.16,1,0,0.0,0.0
2800629,appliances.kitchen.refrigerators,leadbros,218.8,1,0,0.0,0.0
6300329,appliances.kitchen.kettle,moulinex,30.61,1,0,0.0,0.0
21800065,computers.peripherals.mouse,x-game,1.52,1,0,0.0,0.0
6302296,appliances.kitchen.kettle,polaris,46.31,1,0,0.0,0.0
7004265,kids.carriage,tutis,658.96,1,0,0.0,0.0
5700772,auto.accessories.player,mydean,360.37,1,0,0.0,0.0
45600499,apparel.shoes.keds,crosby,33.69,1,0,0.0,0.0
12202778,sport.bicycle,stark,464.08,1,0,0.0,0.0
5800620,electronics.audio.subwoofer,kicx,27.8,1,0,0.0,0.0
8800777,electronics.telephone,bq,11.58,1,0,0.0,0.0
19200000,construction.tools.saw,bosch,310.03,1,0,0.0,0.0
9002798,kids.toys,fancy,10.27,1,0,0.0,0.0
1305454,computers.notebook,lenovo,1760.67,1,0,0.0,0.0
28713132,apparel.shoes,respect,88.29,1,0,0.0,0.0
2702021,appliances.kitchen.refrigerators,stinol,296.51,1,0,0.0,0.0
11000258,appliances.kitchen.toster,kitfort,32.16,1,0,0.0,0.0
8901839,kids.toys,playgro,6.67,1,0,0.0,0.0
5000770,appliances.sewing_machine,singer,207.92,1,0,0.0,0.0
10400251,kids.toys,rastar,31.64,1,0,0.0,0.0
27700845,construction.tools.pump,hyundai,89.06,1,0,0.0,0.0
28401299,accessories.bag,karya,100.39,1,0,0.0,0.0
28715561,apparel.shoes,cavaletto,101.68,1,0,0.0,0.0
1003014,electronics.smartphone,lg,112.95,1,1,112.95,100.0
2401583,appliances.kitchen.hood,elica,789.06,1,0,0.0,0.0
28712058,apparel.shoes,legre,82.63,1,0,0.0,0.0
1307245,computers.notebook,hp,944.43,1,0,0.0,0.0
4804194,electronics.audio.headphone,acme,69.24,1,0,0.0,0.0
28300137,accessories.wallet,petek,83.4,1,0,0.0,0.0
1304392,computers.notebook,lenovo,180.11,1,0,0.0,0.0
1700800,computers.peripherals.monitor,dell,725.63,1,0,0.0,0.0
28719319,apparel.shoes,tesoro,71.53,1,0,0.0,0.0
7003874,kids.carriage,adamex,509.67,1,0,0.0,0.0
2701017,appliances.kitchen.refrigerators,pozis,312.83,1,0,0.0,0.0
28704212,apparel.shoes.keds,adidas,102.71,1,0,0.0,0.0
4502619,appliances.kitchen.hob,electrolux,859.71,1,0,0.0,0.0
21410995,electronics.clocks,armani,180.18,1,0,0.0,0.0
1307388,computers.notebook,hp,859.7,1,0,0.0,0.0
13500058,furniture.bedroom.bed,brw,49.42,1,0,0.0,0.0
4400488,appliances.kitchen.coffee_machine,jura,2542.86,1,0,0.0,0.0
19100258,construction.tools.saw,oasis,48.37,1,1,48.37,100.0
4801628,electronics.audio.headphone,sven,6.67,1,0,0.0,0.0
28300752,accessories.wallet,picard,72.07,1,0,0.0,0.0
13902400,construction.components.faucet,blanco,119.85,1,0,0.0,0.0
12100741,kids.skates,torrent,25.71,1,0,0.0,0.0
18300044,accessories.bag,hp,31.2,1,0,0.0,0.0
7005624,kids.carriage,chicco,167.29,1,0,0.0,0.0
10900298,appliances.kitchen.mixer,philips,39.37,1,0,0.0,0.0
2501643,appliances.kitchen.oven,hotpoint-ariston,463.15,1,0,0.0,0.0
8901669,kids.toys,chicco,43.73,1,0,0.0,0.0
18300523,accessories.bag,trust,43.73,1,0,0.0,0.0
21000014,accessories.bag,thule,196.7,1,0,0.0,0.0
11600413,computers.desktop,defender,6.41,1,0,0.0,0.0
28719513,apparel.shoes,respect,82.63,1,0,0.0,0.0
3801283,appliances.iron,scarlett,29.32,1,0,0.0,0.0
21402533,electronics.clocks,orient,138.74,1,0,0.0,0.0
28400750,accessories.bag,baden,32.18,1,0,0.0,0.0
28715580,apparel.shoes.keds,fila,75.91,1,0,0.0,0.0
13901443,construction.components.faucet,lemark,52.46,1,0,0.0,0.0
4802987,electronics.audio.headphone,sony,14.93,1,0,0.0,0.0
13900479,construction.components.faucet,lemark,117.11,1,0,0.0,0.0
28720515,apparel.shoes.keds,crosby,36.01,1,0,0.0,0.0
28715414,apparel.shoes,respect,32.95,1,0,0.0,0.0
4400213,appliances.kitchen.coffee_machine,polaris,145.69,1,0,0.0,0.0
28300466,accessories.wallet,karya,38.61,1,0,0.0,0.0
5600145,appliances.environment.air_heater,polaris,63.04,1,0,0.0,0.0
4800416,electronics.audio.headphone,jabra,30.86,1,0,0.0,0.0
17900221,construction.tools.generator,p.i.t.,237.27,1,0,0.0,0.0
4700565,auto.accessories.videoregister,blackvue,233.83,1,0,0.0,0.0
4803157,electronics.audio.headphone,defender,18.3,1,0,0.0,0.0
21400908,electronics.clocks,casio,337.72,1,0,0.0,0.0
6500580,computers.components.motherboard,asus,308.63,1,0,0.0,0.0
21400934,electronics.clocks,casio,77.7,1,1,77.7,100.0
2401540,appliances.kitchen.hood,midea,167.29,1,0,0.0,0.0
11100314,appliances.personal.scales,dauscher,12.84,1,0,0.0,0.0
3800467,appliances.iron,saturn,10.76,1,0,0.0,0.0
2402330,appliances.kitchen.hood,oasis,58.95,1,0,0.0,0.0
3700878,appliances.environment.vacuum,shivaki,83.64,1,0,0.0,0.0
2700537,appliances.kitchen.refrigerators,atlant,231.41,1,0,0.0,0.0
35108751,apparel.underwear,milavitsa,18.57,1,0,0.0,0.0
28718464,apparel.shoes.keds,strobbs,64.61,1,0,0.0,0.0
28400751,accessories.bag,baden,46.08,1,0,0.0,0.0
28719080,apparel.shoes,baden,86.23,1,0,0.0,0.0
28716194,apparel.shoes,respect,79.02,1,0,0.0,0.0
2800645,appliances.kitchen.refrigerators,arg,257.38,1,0,0.0,0.0
1600623,computers.peripherals.printer,hp,148.98,1,0,0.0,0.0
2900356,appliances.kitchen.microwave,horizont,65.36,1,0,0.0,0.0
1306482,computers.notebook,dell,556.26,1,0,0.0,0.0
7101830,furniture.bedroom.bed,incanto,205.9,1,0,0.0,0.0
14100265,electronics.audio.acoustic,fender,396.66,1,0,0.0,0.0
43300036,apparel.tshirt,jordan,37.3,1,0,0.0,0.0
11700277,electronics.audio.acoustic,yamaha,304.9,1,0,0.0,0.0
5100684,electronics.clocks,polar,346.98,1,0,0.0,0.0
6701031,computers.components.videocards,asrock,110.94,1,0,0.0,0.0
28400799,accessories.bag,baden,61.52,1,0,0.0,0.0
10900258,appliances.kitchen.mixer,scarlett,21.34,1,0,0.0,0.0
28717905,apparel.shoes,burgerschuhe,102.45,1,0,0.0,0.0
28719394,apparel.shoes,rieker,99.36,1,0,0.0,0.0
17800692,computers.desktop,zeta,142.84,1,0,0.0,0.0
1004429,electronics.smartphone,xiaomi,148.01,1,0,0.0,0.0
14100487,electronics.audio.acoustic,yamaha,278.3,1,0,0.0,0.0
14500096,appliances.kitchen.coffee_grinder,redmond,23.04,1,0,0.0,0.0
28718414,apparel.shoes,rieker,102.71,1,0,0.0,0.0
28714036,apparel.shoes.keds,nike,66.67,1,0,0.0,0.0
28718652,apparel.shoes,rieker,110.43,1,0,0.0,0.0
3100800,appliances.kitchen.blender,bosch,115.58,1,0,0.0,0.0
21406074,electronics.clocks,versace,1128.73,1,0,0.0,0.0
39800195,apparel.shirt,harley-davidson,114.55,1,0,0.0,0.0
12301481,construction.tools.drill,milwaukee,264.57,1,0,0.0,0.0
8700440,appliances.personal.hair_cutter,scarlett,15.41,1,0,0.0,0.0
10201545,kids.dolls,barbie,59.18,1,0,0.0,0.0
28719323,apparel.shoes.keds,tesoro,66.39,1,0,0.0,0.0
4900320,appliances.kitchen.juicer,redmond,44.62,1,0,0.0,0.0
46900023,accessories.bag,coleman,38.59,1,0,0.0,0.0
28300148,accessories.wallet,petek,75.16,1,0,0.0,0.0
9101013,computers.peripherals.mouse,logitech,21.82,1,0,0.0,0.0
8700479,appliances.personal.hair_cutter,moser,95.45,1,0,0.0,0.0
4802268,electronics.audio.headphone,sven,46.05,1,0,0.0,0.0
16200116,kids.fmcg.diapers,merries,16.36,1,0,0.0,0.0
6301948,appliances.kitchen.kettle,scarlett,25.47,1,0,0.0,0.0
22600071,auto.accessories.compressor,heyner,46.33,1,0,0.0,0.0
5700593,auto.accessories.player,pioneer,179.93,1,0,0.0,0.0
9101153,computers.peripherals.mouse,defender,5.82,1,0,0.0,0.0
21407326,electronics.clocks,versace,1435.56,1,0,0.0,0.0
45600258,apparel.shoes,shagovita,52.5,1,0,0.0,0.0
45600243,apparel.shoes,shagovita,52.5,1,0,0.0,0.0
20200081,sport.snowboard,burton,143.89,1,0,0.0,0.0
9101274,computers.peripherals.mouse,defender,4.09,1,0,0.0,0.0
6201160,appliances.environment.air_heater,hyundai,47.49,1,0,0.0,0.0
14100601,electronics.audio.acoustic,cort,160.11,1,0,0.0,0.0
18300890,accessories.bag,thule,47.92,1,0,0.0,0.0
21401204,electronics.clocks,casio,169.63,1,0,0.0,0.0
4600144,appliances.kitchen.dishwasher,bosch,470.02,1,0,0.0,0.0
13800089,furniture.bathroom.toilet,gesso,42.81,1,0,0.0,0.0
4501432,appliances.kitchen.hob,bosch,236.53,1,0,0.0,0.0
14701202,furniture.living_room.cabinet,sv,89.84,1,0,0.0,0.0
1306738,computers.notebook,hp,791.08,1,0,0.0,0.0
33700007,country_yard.furniture.hammok,ventara,228.45,1,0,0.0,0.0
10400508,kids.toys,chicco,48.88,1,0,0.0,0.0
28718700,apparel.shoes,respect,89.84,1,0,0.0,0.0
28712766,apparel.shoes,respect,82.37,1,0,0.0,0.0
1005040,electronics.smartphone,bq,39.36,1,0,0.0,0.0
35102287,apparel.underwear,milavitsa,35.22,1,0,0.0,0.0
5600073,appliances.environment.air_heater,yika,50.19,1,0,0.0,0.0
5100438,electronics.clocks,garmin,79.77,1,0,0.0,0.0
28720435,apparel.shoes,baden,68.21,1,0,0.0,0.0
4801567,electronics.audio.headphone,marshall,89.83,1,0,0.0,0.0
28718451,apparel.shoes.keds,strobbs,64.61,1,0,0.0,0.0
4502242,appliances.kitchen.hob,bosch,694.97,1,0,0.0,0.0
1701097,computers.peripherals.monitor,acer,212.33,1,0,0.0,0.0
21408691,electronics.clocks,casio,35.26,1,0,0.0,0.0
5000619,appliances.sewing_machine,janome,195.6,1,0,0.0,0.0
18300981,accessories.bag,hp,37.02,1,0,0.0,0.0
1306283,computers.notebook,hp,550.59,1,0,0.0,0.0
6200764,appliances.environment.air_heater,polaris,51.46,1,0,0.0,0.0
12201571,sport.bicycle,giant,452.78,1,0,0.0,0.0
2500489,appliances.kitchen.oven,kuppersberg,1228.3,1,0,0.0,0.0
1003793,electronics.smartphone,meizu,225.42,1,0,0.0,0.0
28718417,apparel.shoes,rieker,110.94,1,0,0.0,0.0
28300711,accessories.wallet,muqajankz,41.19,1,0,0.0,0.0
5701300,auto.accessories.player,ams,221.37,1,0,0.0,0.0
4600636,appliances.kitchen.dishwasher,smeg,815.03,1,0,0.0,0.0
28715748,apparel.shoes.keds,escan,44.79,1,0,0.0,0.0
6000206,auto.accessories.alarm,centurion,25.48,1,0,0.0,0.0
27600077,country_yard.lawn_mower,huter,65.59,1,0,0.0,0.0
28714630,apparel.shoes.keds,reebok,50.44,1,0,0.0,0.0
6700547,computers.components.videocards,asus,80.16,1,0,0.0,0.0
5000785,appliances.sewing_machine,janome,273.42,1,0,0.0,0.0
21404526,electronics.clocks,casio,26.51,1,0,0.0,0.0
8700346,appliances.personal.hair_cutter,philips,102.94,1,0,0.0,0.0
12300902,construction.tools.drill,kolner,15.02,1,0,0.0,0.0
21407588,electronics.clocks,certina,720.74,1,0,0.0,0.0
12202243,sport.bicycle,giant,591.78,1,0,0.0,0.0
28718528,apparel.shoes.keds,etor,100.39,1,0,0.0,0.0
28718707,apparel.shoes,respect,106.05,1,0,0.0,0.0
21405608,electronics.clocks,skagen,225.49,1,0,0.0,0.0
28401068,accessories.bag,karya,84.94,1,0,0.0,0.0
1002902,electronics.smartphone,oneplus,599.98,1,0,0.0,0.0
45600264,apparel.shoes,shagovita,61.76,1,0,0.0,0.0
3601620,appliances.kitchen.washer,atlant,216.71,1,0,0.0,0.0
9001499,kids.toys,orange,20.08,1,0,0.0,0.0
6901626,furniture.living_room.chair,siger,95.2,1,0,0.0,0.0
4500213,appliances.kitchen.hob,samsung,329.22,1,0,0.0,0.0
2700548,appliances.kitchen.refrigerators,lg,586.48,1,0,0.0,0.0
3600608,appliances.kitchen.washer,indesit,270.25,1,0,0.0,0.0
2500967,appliances.kitchen.oven,beko,449.88,1,0,0.0,0.0
9100391,computers.peripherals.mouse,razer,57.92,1,0,0.0,0.0
28400356,accessories.bag,roncato,22.14,1,0,0.0,0.0
8700381,appliances.personal.hair_cutter,philips,33.39,1,0,0.0,0.0
28719627,apparel.shoes,baden,77.22,1,0,0.0,0.0
6301592,appliances.kitchen.kettle,scarlett,12.84,1,0,0.0,0.0
5000206,appliances.sewing_machine,brother,136.14,1,0,0.0,0.0
4502470,appliances.kitchen.hob,gorenje,334.6,1,0,0.0,0.0
3800288,appliances.iron,braun,56.6,1,0,0.0,0.0
4400130,appliances.kitchen.coffee_machine,philips,1467.14,1,0,0.0,0.0
3701332,appliances.environment.vacuum,philips,138.97,1,0,0.0,0.0
5000062,appliances.sewing_machine,janome,125.02,1,0,0.0,0.0
21411179,electronics.clocks,hanowa,151.87,1,0,0.0,0.0
9100122,computers.peripherals.mouse,hp,6.33,1,0,0.0,0.0
1201310,electronics.tablet,samsung,179.9,1,0,0.0,0.0
18300408,accessories.bag,continent,17.5,1,0,0.0,0.0
35105050,apparel.underwear,milavitsa,30.16,1,0,0.0,0.0
18900020,electronics.camera.photo,sony,401.3,1,0,0.0,0.0
6600741,computers.components.memory,crucial,36.35,1,0,0.0,0.0
28718977,apparel.shoes,baden,66.41,1,0,0.0,0.0
21405115,electronics.clocks,armani,259.47,1,0,0.0,0.0
1600539,computers.peripherals.printer,hp,25.71,1,0,0.0,0.0
2300315,electronics.camera.video,acme,169.63,1,0,0.0,0.0
12200349,sport.bicycle,babyhit,112.23,1,0,0.0,0.0
5100390,electronics.clocks,hiper,65.5,1,0,0.0,0.0
1002666,electronics.smartphone,honor,231.64,1,0,0.0,0.0
21406860,electronics.clocks,tissot,1019.33,1,0,0.0,0.0
11000159,appliances.kitchen.toster,smeg,186.23,1,0,0.0,0.0
28720389,apparel.shoes,cover,153.67,1,0,0.0,0.0
21000015,accessories.bag,thule,262.34,1,0,0.0,0.0
7004520,kids.carriage,alis,102.94,1,0,0.0,0.0
28720384,apparel.shoes,covani,120.72,1,0,0.0,0.0
21400190,electronics.clocks,boccia,104.25,1,0,0.0,0.0
9200304,computers.peripherals.keyboard,defender,6.81,1,0,0.0,0.0
11000145,appliances.kitchen.toster,philips,64.33,1,0,0.0,0.0
28718911,apparel.shoes.keds,nexpero,71.82,1,0,0.0,0.0
11700230,electronics.audio.acoustic,yamaha,603.12,1,0,0.0,0.0
1004624,electronics.smartphone,fly,44.53,1,0,0.0,0.0
35200598,apparel.underwear,jasmine,35.26,1,0,0.0,0.0
28719462,apparel.shoes,baden,52.0,1,0,0.0,0.0
32900009,accessories.bag,shimano,72.05,1,0,0.0,0.0
28718315,apparel.shoes,tamaris,89.84,1,0,0.0,0.0
18800044,auto.accessories.parktronic,parkmaster,81.08,1,0,0.0,0.0
3601009,appliances.kitchen.washer,bosch,478.49,1,0,0.0,0.0
35108939,apparel.underwear,jasmine,40.41,1,0,0.0,0.0
3901164,appliances.environment.water_heater,ariston,171.41,1,0,0.0,0.0
1700923,computers.peripherals.monitor,samsung,259.95,1,0,0.0,0.0
13900964,construction.components.faucet,rubineta,45.81,1,0,0.0,0.0
30500016,country_yard.cultivator,viking,574.02,1,0,0.0,0.0
1307399,computers.notebook,hp,1003.63,1,0,0.0,0.0
6902788,furniture.living_room.chair,lorelli,78.25,1,0,0.0,0.0
28717043,apparel.shoes.keds,strobbs,48.39,1,0,0.0,0.0
4502698,appliances.kitchen.hob,whirlpool,445.29,1,0,0.0,0.0
6100144,auto.accessories.radar,ibox,63.06,1,0,0.0,0.0
14700161,furniture.living_room.cabinet,brw,253.8,1,0,0.0,0.0
28716339,apparel.shoes,respect,115.06,1,0,0.0,0.0
21405468,electronics.clocks,skagen,248.14,1,0,0.0,0.0
35200176,apparel.underwear,milavitsa,14.83,1,0,0.0,0.0
35108580,apparel.underwear,milavitsa,12.85,1,0,0.0,0.0
12201514,sport.bicycle,giant,174.78,1,0,0.0,0.0
6200600,appliances.environment.air_heater,almacom,47.62,1,0,0.0,0.0
7901073,furniture.kitchen.chair,pituso,96.01,1,0,0.0,0.0
10900136,appliances.kitchen.mixer,bosch,74.62,1,0,0.0,0.0
5801610,electronics.audio.subwoofer,blam,265.13,1,0,0.0,0.0
5200102,computers.ebooks,pocketbook,102.93,1,0,0.0,0.0
45300040,kids.swing,lorelli,32.91,1,0,0.0,0.0
7005987,kids.carriage,yoya,82.37,1,0,0.0,0.0
3601446,appliances.kitchen.washer,lg,398.77,1,0,0.0,0.0
12301572,construction.tools.drill,alteco,102.19,1,0,0.0,0.0
28400764,accessories.bag,baden,46.08,1,0,0.0,0.0
1307285,computers.notebook,hp,1407.76,1,0,0.0,0.0
28720433,apparel.shoes,baden,68.21,1,0,0.0,0.0
28712301,apparel.shoes,respect,80.83,1,0,0.0,0.0
12100620,kids.skates,niio,51.22,1,0,0.0,0.0
6801076,computers.components.hdd,apacer,34.75,1,0,0.0,0.0
5801595,electronics.audio.subwoofer,blam,141.57,1,0,0.0,0.0
3800132,appliances.iron,braun,76.96,1,0,0.0,0.0
4400578,appliances.kitchen.coffee_machine,kitfort,78.25,1,0,0.0,0.0
28719519,apparel.shoes,respect,82.63,1,0,0.0,0.0
16700354,furniture.kitchen.chair,sv,38.59,1,0,0.0,0.0
1801547,electronics.video.tv,lg,813.15,1,0,0.0,0.0
4900190,appliances.kitchen.juicer,saturn,10.27,1,0,0.0,0.0
18300207,accessories.bag,continent,25.71,1,0,0.0,0.0
6600787,computers.components.memory,transcend,40.67,1,0,0.0,0.0
13200223,furniture.bedroom.bed,vegas,716.11,1,0,0.0,0.0
45600117,apparel.shoes.keds,shagovita,42.33,1,0,0.0,0.0
1305362,computers.notebook,apple,1309.67,1,0,0.0,0.0
2702444,appliances.kitchen.refrigerators,dauscher,429.05,1,0,0.0,0.0
21400780,electronics.clocks,casio,122.01,1,0,0.0,0.0
3100510,appliances.kitchen.blender,moulinex,133.83,1,0,0.0,0.0
4804009,electronics.audio.headphone,sennheiser,115.9,1,0,0.0,0.0
4201443,appliances.environment.air_conditioner,gree,294.33,1,0,0.0,0.0
5100702,electronics.clocks,garmin,1570.89,1,0,0.0,0.0
4501335,appliances.kitchen.hob,bosch,257.15,1,0,0.0,0.0
5800363,electronics.audio.subwoofer,kicx,55.34,1,0,0.0,0.0
28718317,apparel.shoes,tamaris,89.84,1,0,0.0,0.0
44400175,apparel.jeans,persona,162.17,1,0,0.0,0.0
6700920,computers.components.videocards,msi,587.66,1,0,0.0,0.0
28718534,apparel.shoes,etor,108.11,1,0,0.0,0.0
28718654,apparel.shoes,rieker,99.36,1,0,0.0,0.0
28717065,apparel.shoes.keds,strobbs,34.49,1,0,0.0,0.0
6700457,computers.components.videocards,gigabyte,176.32,1,0,0.0,0.0
8700344,appliances.personal.hair_cutter,remington,99.29,1,0,0.0,0.0
35102588,apparel.underwear,milavitsa,22.96,1,0,0.0,0.0
28719496,apparel.shoes,respect,82.63,1,0,0.0,0.0
4000113,construction.tools.generator,polaris,115.81,1,0,0.0,0.0
18300456,accessories.bag,hp,35.54,1,0,0.0,0.0
4600413,appliances.kitchen.dishwasher,bosch,571.37,1,0,0.0,0.0
14700600,furniture.living_room.cabinet,sv,141.32,1,0,0.0,0.0
11200473,appliances.personal.scales,unit,15.35,1,0,0.0,0.0
6701097,computers.components.videocards,gigabyte,635.02,1,0,0.0,0.0
2800088,appliances.kitchen.refrigerators,atlant,275.17,1,0,0.0,0.0
3800921,appliances.iron,gorenje,72.91,1,0,0.0,0.0
18800008,auto.accessories.parktronic,parkmaster,30.89,1,0,0.0,0.0
1480323,computers.desktop,hp,401.53,1,1,401.53,100.0
11700252,electronics.audio.acoustic,kef,1816.14,1,0,0.0,0.0
6801349,computers.components.hdd,seagate,281.9,1,0,0.0,0.0
4800732,electronics.audio.headphone,sony,5.92,1,0,0.0,0.0
6200571,appliances.environment.air_heater,almacom,54.38,1,0,0.0,0.0
4800036,electronics.audio.headphone,beats,51.2,1,0,0.0,0.0
1480191,computers.desktop,lenovo,488.82,1,0,0.0,0.0
8902080,kids.toys,wowwee,35.5,1,0,0.0,0.0
4802993,electronics.audio.headphone,xiaomi,43.5,1,0,0.0,0.0
1701538,computers.peripherals.monitor,acer,102.71,1,0,0.0,0.0
28719626,apparel.shoes,baden,77.22,1,0,0.0,0.0
28704311,apparel.shoes.keds,adidas,77.22,1,0,0.0,0.0
28716590,apparel.shoes.keds,baden,51.22,1,0,0.0,0.0
21406253,electronics.clocks,seiko,505.03,1,0,0.0,0.0
51600004,electronics.clocks,troyka,11.35,1,0,0.0,0.0
3100489,appliances.kitchen.blender,moulinex,48.52,1,0,0.0,0.0
6701059,computers.components.videocards,asrock,310.58,1,0,0.0,0.0
1701413,computers.peripherals.monitor,qmax,385.11,1,0,0.0,0.0
28720347,apparel.shoes.step_ins,nike,29.6,1,0,0.0,0.0
12202359,sport.bicycle,haro,308.63,1,0,0.0,0.0
42300049,furniture.living_room.cabinet,brw,131.02,1,0,0.0,0.0
29700024,accessories.umbrella,fabretti,25.48,1,0,0.0,0.0
17900217,construction.tools.generator,p.i.t.,932.01,1,0,0.0,0.0
28717971,apparel.shoes,rieker,86.23,1,0,0.0,0.0
22900106,furniture.bedroom.pillow,tamish,2.55,1,0,0.0,0.0
28708610,apparel.shoes,rheinberger,38.35,1,0,0.0,0.0
12201348,sport.bicycle,phoenix,179.9,1,0,0.0,0.0
7002661,kids.carriage,anex,687.28,1,0,0.0,0.0
12100417,kids.skates,fitrider,475.95,1,0,0.0,0.0
28401196,accessories.bag,karya,54.06,1,0,0.0,0.0
21410928,electronics.clocks,longines,1904.81,1,0,0.0,0.0
28401332,accessories.bag,karya,90.09,1,0,0.0,0.0
11700281,electronics.audio.acoustic,alesis,146.81,1,0,0.0,0.0
28719062,apparel.shoes,baden,77.22,1,0,0.0,0.0
30600009,appliances.environment.vacuum,dewalt,214.93,1,0,0.0,0.0
28708450,apparel.shoes.moccasins,spur,20.85,1,0,0.0,0.0
21409797,electronics.clocks,certina,391.26,1,0,0.0,0.0
4502521,appliances.kitchen.hob,bosch,352.62,1,0,0.0,0.0
22400022,electronics.audio.microphone,shure,249.94,1,0,0.0,0.0
19100071,construction.tools.saw,makita,390.07,1,0,0.0,0.0
6901799,furniture.living_room.chair,lorelli-bertoni,63.06,1,0,0.0,0.0
9101366,computers.peripherals.mouse,steelseries,52.77,1,0,0.0,0.0
2701698,appliances.kitchen.refrigerators,bosch,475.64,1,0,0.0,0.0
8700121,appliances.personal.hair_cutter,maxwell,11.51,1,0,0.0,0.0
35102076,apparel.underwear,milavitsa,35.25,1,0,0.0,0.0
17900045,construction.tools.generator,huter,583.77,1,0,0.0,0.0
2401412,appliances.kitchen.hood,hansa,102.94,1,0,0.0,0.0
14100392,electronics.audio.acoustic,yamaha,164.55,1,0,0.0,0.0
28712018,apparel.shoes,salamander,93.95,1,0,0.0,0.0
1307306,computers.notebook,hp,1142.63,1,0,0.0,0.0
27700988,construction.tools.pump,leo,146.99,1,0,0.0,0.0
28715319,apparel.shoes,respect,46.08,1,0,0.0,0.0
17900215,construction.tools.generator,firman,272.46,1,0,0.0,0.0
21401549,electronics.clocks,casio,1237.87,1,0,0.0,0.0
45600840,apparel.shoes,keddo,51.97,1,0,0.0,0.0
28718890,apparel.shoes,tesoro,59.18,1,0,0.0,0.0
28720552,apparel.shoes,bochetti,115.58,1,0,0.0,0.0
16800314,furniture.kitchen.table,domini,398.98,1,0,0.0,0.0
12201708,sport.bicycle,author,167.06,1,0,0.0,0.0
16200237,kids.fmcg.diapers,huggies,19.05,1,1,20.4,100.0
6700510,computers.components.videocards,geil,378.31,1,0,0.0,0.0
28401322,accessories.bag,karya,95.24,1,0,0.0,0.0
14100482,electronics.audio.acoustic,squier,157.79,1,0,0.0,0.0
28300787,accessories.wallet,petek,36.04,1,0,0.0,0.0
14700357,furniture.living_room.cabinet,brw,148.78,1,0,0.0,0.0
28720428,apparel.shoes,baden,62.81,1,0,0.0,0.0
28717366,apparel.shoes,respect,89.84,1,0,0.0,0.0
18500025,electronics.tablet,wacom,720.71,1,0,0.0,0.0
5800509,electronics.audio.subwoofer,edge,64.35,1,0,0.0,0.0
2900424,appliances.kitchen.microwave,kuppersberg,1891.72,1,0,0.0,0.0
16200314,kids.fmcg.diapers,huggies,19.92,1,0,0.0,0.0
22900064,furniture.bedroom.pillow,belashoff,38.61,1,0,0.0,0.0
9900083,electronics.video.projector,sony,1081.11,1,0,0.0,0.0
12200724,sport.bicycle,cannondale,334.37,1,0,0.0,0.0
2400380,appliances.kitchen.hood,elikor,46.59,1,0,0.0,0.0
6801061,computers.components.hdd,hpe,971.26,1,0,0.0,0.0
4800243,electronics.audio.headphone,manhattan,21.62,1,0,0.0,0.0
17800199,computers.desktop,barneo,122.01,1,0,0.0,0.0
11700207,electronics.audio.acoustic,alesis,167.31,1,0,0.0,0.0
3700578,appliances.environment.vacuum,thomas,244.51,1,0,0.0,0.0
53900018,construction.tools.saw,bosch,188.4,1,0,0.0,0.0
16200428,kids.fmcg.diapers,manuoki,13.64,1,0,0.0,0.0
6200288,appliances.environment.air_heater,elenberg,36.01,1,0,0.0,0.0
28717890,apparel.shoes,caprice,118.15,1,0,0.0,0.0
8901656,kids.toys,alilo,44.27,1,0,0.0,0.0
29100032,appliances.personal.massager,gezatone,141.32,1,0,0.0,0.0
51600009,electronics.clocks,troyka,11.35,1,0,0.0,0.0
4600479,appliances.kitchen.dishwasher,electrolux,584.29,1,0,0.0,0.0
4802443,electronics.audio.headphone,jbl,54.03,1,0,0.0,0.0
6501066,computers.components.motherboard,gigabyte,108.93,1,0,0.0,0.0
17000003,computers.desktop,sv,141.55,1,0,0.0,0.0
4700400,auto.accessories.videoregister,prestigio,38.59,1,0,0.0,0.0
28717345,apparel.shoes,respect,66.67,1,0,0.0,0.0
28716844,apparel.shoes,rieker,87.26,1,0,0.0,0.0
28713540,apparel.shoes,greyder,54.06,1,0,0.0,0.0
28720692,apparel.shoes,baden,71.82,1,0,0.0,0.0
21409519,electronics.clocks,seiko,325.88,1,0,0.0,0.0
6301522,appliances.kitchen.kettle,galaxy,15.93,1,0,0.0,0.0
6301316,appliances.kitchen.kettle,bene,18.28,1,0,0.0,0.0
28715008,apparel.shoes.sandals,rieker,34.49,1,0,0.0,0.0
12200252,sport.bicycle,giant,87.26,1,0,0.0,0.0
18500079,electronics.tablet,huion,175.01,1,0,0.0,0.0
28718783,apparel.shoes,rieker,106.31,1,0,0.0,0.0
9100949,computers.peripherals.mouse,hp,14.85,1,0,0.0,0.0
19200114,construction.tools.saw,stihl,731.04,1,0,0.0,0.0
4502665,appliances.kitchen.hob,gorenje,205.9,1,0,0.0,0.0
4501869,appliances.kitchen.hob,electrolux,360.34,1,0,0.0,0.0
21404249,electronics.clocks,casio,45.56,1,0,0.0,0.0
47500001,construction.tools.light,ansmann,17.99,1,0,0.0,0.0
47500041,construction.tools.light,rombica,20.57,1,0,0.0,0.0
28718118,apparel.shoes,respect,71.82,1,0,0.0,0.0
11200398,appliances.personal.scales,omron,56.2,1,0,0.0,0.0
12202389,sport.bicycle,giant,2316.4,1,0,0.0,0.0
1005251,electronics.smartphone,asus,205.9,1,0,0.0,0.0
43200029,apparel.tshirt,persona,82.37,1,0,0.0,0.0
28718604,apparel.shoes,respect,89.84,1,0,0.0,0.0
1500445,computers.peripherals.printer,epson,177.59,1,0,0.0,0.0
3800932,appliances.iron,willmark,15.42,1,0,0.0,0.0
11600064,computers.desktop,edifier,162.94,1,0,0.0,0.0
3601272,appliances.kitchen.washer,artel,97.87,1,0,0.0,0.0
6301429,appliances.kitchen.kettle,vitek,51.46,1,0,0.0,0.0
1600443,computers.peripherals.printer,epson,591.77,1,0,0.0,0.0
21400994,electronics.clocks,casio,325.1,1,0,0.0,0.0
4700645,auto.accessories.videoregister,fujida,162.17,1,0,0.0,0.0
28720427,apparel.shoes,baden,62.81,1,0,0.0,0.0
6500815,computers.components.motherboard,asrock,107.34,1,0,0.0,0.0
1600632,computers.peripherals.printer,hp,330.13,1,0,0.0,0.0
4803388,electronics.audio.headphone,jbl,86.9,1,0,0.0,0.0
3601222,appliances.kitchen.washer,bosch,567.32,1,0,0.0,0.0
32900068,accessories.bag,fisherman,13.73,1,0,0.0,0.0
2900688,appliances.kitchen.microwave,dauscher,120.96,1,0,0.0,0.0
1201368,electronics.tablet,prestigio,99.09,1,0,0.0,0.0
50600028,auto.accessories.compressor,denzel,393.2,1,0,0.0,0.0
6301959,appliances.kitchen.kettle,unit,18.51,1,0,0.0,0.0
10201403,kids.dolls,sariel,6.41,1,0,0.0,0.0
12100547,kids.skates,globber,76.96,1,0,0.0,0.0
1004712,electronics.smartphone,haier,61.75,1,0,0.0,0.0
5600049,appliances.environment.air_heater,ballu,70.5,1,0,0.0,0.0
28716691,apparel.shoes,respect,66.67,1,0,0.0,0.0
28716598,apparel.shoes,baden,76.96,1,0,0.0,0.0
28715425,apparel.shoes,rieker,62.81,1,0,0.0,0.0
4800713,electronics.audio.headphone,panasonic,5.89,1,0,0.0,0.0
1802102,electronics.video.tv,arg,437.57,1,0,0.0,0.0
3800996,appliances.iron,braun,334.6,1,0,0.0,0.0
45600300,apparel.shoes,shagovita,71.03,1,0,0.0,0.0
7101980,furniture.bedroom.bed,brevi,154.44,1,0,0.0,0.0
1306062,computers.notebook,asus,308.86,1,0,0.0,0.0
12300447,construction.tools.drill,crown,37.81,1,0,0.0,0.0
10900253,appliances.kitchen.mixer,maxwell,12.87,1,0,0.0,0.0
1700849,computers.peripherals.monitor,dell,154.18,1,0,0.0,0.0
4803896,electronics.audio.headphone,jbl,48.14,1,0,0.0,0.0
11200384,appliances.personal.scales,elenberg,11.56,1,0,0.0,0.0
4800545,electronics.audio.headphone,bose,326.41,1,0,0.0,0.0
6902323,furniture.living_room.chair,lorelli,48.16,1,0,0.0,0.0
6902637,furniture.living_room.chair,lorelli,52.51,1,0,0.0,0.0
8700147,appliances.personal.hair_cutter,philips,32.03,1,0,0.0,0.0
2900790,appliances.kitchen.microwave,candy,95.21,1,0,0.0,0.0
28712048,apparel.shoes,respect,83.14,1,0,0.0,0.0
6700808,computers.components.videocards,msi,179.21,1,0,0.0,0.0
18900079,electronics.camera.photo,canon,818.96,1,0,0.0,0.0
3801061,appliances.iron,philips,95.21,1,0,0.0,0.0
6200720,appliances.environment.air_heater,oasis,25.53,1,0,0.0,0.0
35100774,apparel.underwear,milavitsa,28.2,1,0,0.0,0.0
12400206,construction.tools.drill,makita,302.07,1,0,0.0,0.0
1307313,computers.notebook,hp,524.85,1,0,0.0,0.0
16200062,kids.fmcg.diapers,merries,20.71,1,0,0.0,0.0
4800305,electronics.audio.headphone,sony,53.0,1,0,0.0,0.0
22600061,auto.accessories.compressor,airline,33.44,1,0,0.0,0.0
28719065,apparel.shoes,baden,79.02,1,0,0.0,0.0
1600129,computers.peripherals.printer,epson,419.31,1,0,0.0,0.0
28712354,apparel.shoes.keds,millionaire,61.52,1,0,0.0,0.0
8800947,electronics.telephone,bq,15.42,1,0,0.0,0.0
1401165,computers.desktop,hp,2419.37,1,0,0.0,0.0
45600282,apparel.shoes,shagovita,61.76,1,0,0.0,0.0
1004697,electronics.smartphone,bq,117.55,1,0,0.0,0.0
9200433,computers.peripherals.keyboard,logitech,23.14,1,0,0.0,0.0
28719063,apparel.shoes,baden,79.02,1,0,0.0,0.0
21405850,electronics.clocks,casio,66.41,1,0,0.0,0.0
3701558,appliances.environment.vacuum,philips,144.12,1,0,0.0,0.0
4201153,appliances.environment.air_conditioner,klima,740.02,1,0,0.0,0.0
14300370,electronics.audio.music_tools.piano,akai,55.05,1,0,0.0,0.0
7005684,kids.carriage,chicco,141.55,1,0,0.0,0.0
4800295,electronics.audio.headphone,logitech,44.15,1,0,0.0,0.0
3900883,appliances.environment.water_heater,garanterm,97.79,1,0,0.0,0.0
19100219,construction.tools.saw,bosch,697.06,1,0,0.0,0.0
1701500,computers.peripherals.monitor,aorus,467.08,1,0,0.0,0.0
6301983,appliances.kitchen.kettle,dauscher,11.56,1,0,0.0,0.0
10400018,kids.toys,rastar,39.9,1,0,0.0,0.0
6801291,computers.components.hdd,colorful,38.74,1,0,0.0,0.0
35700021,appliances.kitchen.kettle,apollo,6.41,1,0,0.0,0.0
30000121,construction.tools.welding,fubag,831.94,1,0,0.0,0.0
10200048,kids.dolls,hasbro,15.16,1,0,0.0,0.0
28719171,apparel.shoes,salamander,137.71,1,0,0.0,0.0
1701498,computers.peripherals.monitor,iiyama,293.39,1,0,0.0,0.0
2800500,appliances.kitchen.refrigerators,atlant,172.44,1,0,0.0,0.0
21401869,electronics.clocks,seiko,1016.76,1,0,0.0,0.0
2401891,appliances.kitchen.hood,artel,54.39,1,0,0.0,0.0
4804271,electronics.audio.headphone,defender,9.76,1,0,0.0,0.0
9900150,electronics.video.projector,vivitek,369.7,1,0,0.0,0.0
21404258,electronics.clocks,orient,81.86,1,0,0.0,0.0
30900908,computers.components.cooler,thermaltake,25.71,1,0,0.0,0.0
18800027,auto.accessories.parktronic,erisson,36.04,1,0,0.0,0.0
12300548,construction.tools.drill,ryobi,120.32,1,0,0.0,0.0
14100102,electronics.audio.acoustic,takamine,341.3,1,0,0.0,0.0
28718611,apparel.shoes,respect,79.02,1,0,0.0,0.0
28708749,apparel.shoes.moccasins,respect,31.92,1,0,0.0,0.0
4501932,appliances.kitchen.hob,electrolux,246.83,1,0,0.0,0.0
21409303,electronics.clocks,casio,130.25,1,0,0.0,0.0
4700699,auto.accessories.videoregister,navitel,51.22,1,0,0.0,0.0
44800174,sport.tennis,head,237.07,1,0,0.0,0.0
30900770,computers.components.cooler,gembird,1.26,1,0,0.0,0.0
28710360,apparel.shoes.sandals,respect,20.85,1,0,0.0,0.0
9200759,computers.peripherals.keyboard,logitech,41.5,1,0,0.0,0.0
4802057,electronics.audio.headphone,marshall,65.32,1,0,0.0,0.0
18800029,auto.accessories.parktronic,erisson,36.04,1,0,0.0,0.0
2900583,appliances.kitchen.microwave,electrolux,154.18,1,0,0.0,0.0
48200427,apparel.dress,persona,427.3,1,0,0.0,0.0
28715623,apparel.shoes.keds,peak,82.34,1,0,0.0,0.0
6902914,furniture.living_room.chair,lorelli,51.46,1,0,0.0,0.0
19100354,construction.tools.saw,dewalt,281.21,1,0,0.0,0.0
25100142,construction.tools.light,lezard,2.73,1,0,0.0,0.0
1801856,electronics.video.tv,harper,102.19,1,0,0.0,0.0
20200339,sport.snowboard,ride,308.63,1,0,0.0,0.0
5000792,appliances.sewing_machine,janome,210.53,1,0,0.0,0.0
6500942,computers.components.motherboard,asus,110.42,1,0,0.0,0.0
6400252,computers.components.cpu,intel,260.85,1,0,0.0,0.0
18800060,auto.accessories.parktronic,parkmaster,81.08,1,0,0.0,0.0
4502524,appliances.kitchen.hob,midea,235.91,1,0,0.0,0.0
21408701,electronics.clocks,casio,262.3,1,0,0.0,0.0
21405847,electronics.clocks,casio,170.66,1,0,0.0,0.0
14701214,furniture.living_room.cabinet,brw,141.57,1,0,0.0,0.0
4900333,appliances.kitchen.juicer,scarlett,30.86,1,0,0.0,0.0
3701287,appliances.environment.vacuum,irobot,1003.63,1,0,0.0,0.0
21410423,electronics.clocks,casio,41.95,1,1,41.95,100.0
45600397,apparel.shoes,garvalin,82.37,1,0,0.0,0.0
2800241,appliances.kitchen.refrigerators,leadbros,400.27,1,0,0.0,0.0
21405114,electronics.clocks,armani,225.49,1,0,0.0,0.0
21500030,sport.ski,anon,187.95,1,0,0.0,0.0
21409322,electronics.clocks,casio,106.82,1,0,0.0,0.0
21411051,electronics.clocks,fossil,146.21,1,0,0.0,0.0
28717866,apparel.shoes,atrai,119.69,1,0,0.0,0.0
10201536,kids.dolls,llorens,71.17,1,0,0.0,0.0
4400255,appliances.kitchen.coffee_machine,bosch,34.24,1,0,0.0,0.0
30901151,computers.components.cooler,id-cooling,5.15,1,0,0.0,0.0
28719234,apparel.shoes,cover,122.27,1,0,0.0,0.0
3601325,appliances.kitchen.washer,whirlpool,340.01,1,0,0.0,0.0
8700360,appliances.personal.hair_cutter,galaxy,15.93,1,0,0.0,0.0
28708740,apparel.shoes.moccasins,spur,38.35,1,0,0.0,0.0
7005689,kids.carriage,chicco,141.55,1,0,0.0,0.0
18300920,accessories.bag,lenovo,22.5,1,0,0.0,0.0
28400705,accessories.bag,muqajankz,66.93,1,0,0.0,0.0
17900058,construction.tools.generator,alteco,458.22,1,0,0.0,0.0
4700436,auto.accessories.videoregister,sho-me,90.09,1,0,0.0,0.0
9002254,kids.toys,aurora,12.87,1,0,0.0,0.0
45600266,apparel.shoes,shagovita,61.76,1,0,0.0,0.0
25100220,construction.tools.light,mantra,163.81,1,0,0.0,0.0
9200133,computers.peripherals.keyboard,razer,109.86,1,0,0.0,0.0
30000036,construction.tools.welding,redbo,126.13,1,0,0.0,0.0
7101856,furniture.bedroom.bed,incanto,231.64,1,0,0.0,0.0
16800199,furniture.kitchen.table,halmar,361.9,1,0,0.0,0.0
12400221,construction.tools.drill,makita,752.79,1,0,0.0,0.0
12400263,construction.tools.drill,makita,805.01,1,0,0.0,0.0
21400018,electronics.clocks,casio,207.98,1,0,0.0,0.0
12301181,construction.tools.drill,alteco,66.11,1,0,0.0,0.0
5100829,electronics.clocks,aimoto,58.94,1,0,0.0,0.0
28717923,apparel.shoes,rieker,73.36,1,0,0.0,0.0
2502074,appliances.kitchen.oven,midea,234.76,1,0,0.0,0.0
2700254,appliances.kitchen.refrigerators,atlant,252.0,1,0,0.0,0.0
28715750,apparel.shoes,nexpero,110.43,1,0,0.0,0.0
29600006,apparel.scarf,fabretti,25.48,1,0,0.0,0.0
28401034,accessories.bag,picard,142.86,1,0,0.0,0.0
52800016,sport.bicycle,peruzzo,91.12,1,0,0.0,0.0
2501525,appliances.kitchen.oven,bosch,1132.33,1,0,0.0,0.0
28717140,apparel.shoes.keds,escan,53.8,1,0,0.0,0.0
6902965,furniture.living_room.chair,maxi-cosi,255.94,1,0,0.0,0.0
2702152,appliances.kitchen.refrigerators,haier,1287.01,1,0,0.0,0.0
22400026,electronics.audio.microphone,ritmix,2.6,1,0,0.0,0.0
7005627,kids.carriage,alis,95.21,1,0,0.0,0.0
4501369,appliances.kitchen.hob,dauscher,136.4,1,0,0.0,0.0
2300290,electronics.camera.video,panasonic,801.22,1,0,0.0,0.0
17900275,construction.tools.generator,fubag,402.84,1,0,0.0,0.0
6200287,appliances.environment.air_heater,elenberg,15.19,1,0,0.0,0.0
3100943,appliances.kitchen.blender,philips,141.55,1,0,0.0,0.0
21400301,electronics.clocks,casio,91.38,1,0,0.0,0.0
4501506,appliances.kitchen.hob,electrolux,282.86,1,0,0.0,0.0
4802653,electronics.audio.headphone,harper,15.16,1,0,0.0,0.0
3600159,appliances.kitchen.washer,electrolux,683.45,1,0,0.0,0.0
30600100,appliances.environment.vacuum,stihl,123.56,1,0,0.0,0.0
11700401,electronics.audio.acoustic,electro-voice,2337.51,1,0,0.0,0.0
2900857,appliances.kitchen.microwave,korting,360.19,1,0,0.0,0.0
4800715,electronics.audio.headphone,sennheiser,27.8,1,0,0.0,0.0
21410395,electronics.clocks,lorus,76.45,1,0,0.0,0.0
28719072,apparel.shoes.keds,baden,71.82,1,0,0.0,0.0
6200636,appliances.environment.air_heater,oasis,27.3,1,0,0.0,0.0
28720529,apparel.shoes,salamander,84.43,1,0,0.0,0.0
6800319,computers.components.hdd,toshiba,67.99,1,0,0.0,0.0
10201159,kids.dolls,llorens,78.01,1,0,0.0,0.0
21404126,electronics.clocks,casio,36.29,1,0,0.0,0.0
4700655,auto.accessories.videoregister,bluesonic,59.2,1,0,0.0,0.0
13902422,construction.components.faucet,decoroom,26.38,1,0,0.0,0.0
48200429,apparel.dress,persona,427.3,1,0,0.0,0.0
12300075,construction.tools.drill,total,33.44,1,0,0.0,0.0
7005026,kids.carriage,lonex,437.59,1,0,0.0,0.0
12301325,construction.tools.drill,bosch,75.94,1,0,0.0,0.0
3800952,appliances.iron,tefal,74.62,1,0,0.0,0.0
44400196,apparel.jeans,noppies,48.91,1,0,0.0,0.0
52900149,accessories.bag,stanley,1.86,1,0,0.0,0.0
5100869,electronics.clocks,mykronoz,208.35,1,0,0.0,0.0
6701080,computers.components.videocards,gainward,175.71,1,0,0.0,0.0
12201817,sport.bicycle,biwec,262.34,1,0,0.0,0.0
3800448,appliances.iron,vitek,23.12,1,0,0.0,0.0
1307006,computers.notebook,acer,463.31,1,0,0.0,0.0
1201346,electronics.tablet,samsung,643.26,1,0,0.0,0.0
21000049,accessories.bag,carpisa,46.31,1,0,0.0,0.0
10900229,appliances.kitchen.mixer,smeg,542.07,1,0,0.0,0.0
2701991,appliances.kitchen.refrigerators,shivaki,231.41,1,0,0.0,0.0
12300452,construction.tools.drill,crown,41.34,1,0,0.0,0.0
28718655,apparel.shoes,rieker,110.43,1,0,0.0,0.0
3900726,appliances.environment.water_heater,thermex,110.48,1,0,0.0,0.0
21410402,electronics.clocks,tissot,576.59,1,0,0.0,0.0
21401567,electronics.clocks,casio,384.57,1,0,0.0,0.0
3801361,appliances.iron,tefal,84.69,1,0,0.0,0.0
30900130,computers.components.cooler,zalman,30.16,1,0,0.0,0.0
12202628,sport.bicycle,graffiti,109.52,1,0,0.0,0.0
8800833,electronics.telephone,inoi,12.59,1,0,0.0,0.0
11600222,computers.desktop,jbl,68.21,1,0,0.0,0.0
7002655,kids.carriage,lonex,398.98,1,0,0.0,0.0
1700489,computers.peripherals.monitor,philips,142.33,1,0,0.0,0.0
2501449,appliances.kitchen.oven,electrolux,681.87,1,0,0.0,0.0
11100025,appliances.personal.scales,saturn,11.15,1,0,0.0,0.0
5000331,appliances.sewing_machine,janome,131.82,1,0,0.0,0.0
43300015,apparel.tshirt,jordan,45.02,1,0,0.0,0.0
21401469,electronics.clocks,casio,43.76,1,0,0.0,0.0
28712022,apparel.shoes,salamander,93.95,1,0,0.0,0.0
16200117,kids.fmcg.diapers,merries,16.36,1,0,0.0,0.0
4000229,construction.tools.generator,kitfort,119.95,1,0,0.0,0.0
28400063,accessories.bag,roncato,50.97,1,0,0.0,0.0
39800031,apparel.shirt,dion,29.6,1,0,0.0,0.0
45600115,apparel.shoes.keds,shagovita,42.33,1,0,0.0,0.0
28720334,apparel.shoes.keds,reebok,118.15,1,0,0.0,0.0
6901446,furniture.living_room.chair,lorelli,115.83,1,0,0.0,0.0
6902113,furniture.living_room.chair,joie,298.33,1,0,0.0,0.0
1801951,electronics.video.tv,sony,771.94,1,0,0.0,0.0
4000156,construction.tools.generator,galaxy,46.59,1,0,0.0,0.0
12100766,kids.skates,kugoo,411.62,1,0,0.0,0.0
3700957,appliances.environment.vacuum,samsung,169.86,1,0,0.0,0.0
6000260,auto.accessories.alarm,starline,257.41,1,0,0.0,0.0
12202418,sport.bicycle,gt,321.5,1,0,0.0,0.0
28717369,apparel.shoes.keds,escan,25.48,1,0,0.0,0.0
16900036,furniture.kitchen.table,brw,120.47,1,0,0.0,0.0
46200024,apparel.skirt,aivengo,23.41,1,0,0.0,0.0
18200085,electronics.audio.acoustic,samsung,283.12,1,0,0.0,0.0
14100225,electronics.audio.acoustic,stagg,254.83,1,0,0.0,0.0
1004570,electronics.smartphone,bq,102.94,1,0,0.0,0.0
21400117,electronics.clocks,casio,187.39,1,0,0.0,0.0
35104902,apparel.underwear,milavitsa,28.31,1,0,0.0,0.0
45500007,computers.notebook,crown,25.0,1,0,0.0,0.0
28401030,accessories.bag,picard,20.59,1,0,0.0,0.0
1480683,computers.desktop,acer,677.24,1,0,0.0,0.0
5800725,electronics.audio.subwoofer,kicx,22.39,1,0,0.0,0.0
28715895,apparel.shoes,rieker,124.84,1,0,0.0,0.0
2501860,appliances.kitchen.oven,gorenje,393.81,1,0,0.0,0.0
50600030,auto.accessories.compressor,denzel,659.95,1,0,0.0,0.0
5100660,electronics.clocks,suunto,437.37,1,0,0.0,0.0
21403793,electronics.clocks,casio,24.2,1,0,0.0,0.0
4802638,electronics.audio.headphone,philips,6.67,1,0,0.0,0.0
6500751,computers.components.motherboard,gigabyte,71.56,1,0,0.0,0.0
4200993,appliances.environment.air_conditioner,almacom,442.1,1,0,0.0,0.0
28400927,accessories.bag,respect,57.4,1,0,0.0,0.0
6600892,computers.components.memory,apacer,79.54,1,0,0.0,0.0
52900068,accessories.bag,stanley,70.09,1,0,0.0,0.0
6500450,computers.components.motherboard,asus,53.73,1,0,0.0,0.0
13900042,construction.components.faucet,bravat,50.39,1,0,0.0,0.0
30900114,computers.components.cooler,aerocool,4.26,1,0,0.0,0.0
35700019,appliances.kitchen.kettle,taller,23.14,1,0,0.0,0.0
28714325,apparel.shoes.keds,puma,90.09,1,0,0.0,0.0
1801602,electronics.video.tv,lg,1158.25,1,0,0.0,0.0
7004554,kids.carriage,babytime,56.63,1,0,0.0,0.0
20200318,sport.snowboard,burton,401.3,1,0,0.0,0.0
16800310,furniture.kitchen.table,domini,285.72,1,0,0.0,0.0
4500023,appliances.kitchen.hob,samsung,295.73,1,0,0.0,0.0
10400506,kids.toys,silverlit,66.15,1,0,0.0,0.0
21409611,electronics.clocks,oris,1576.62,1,0,0.0,0.0
3100907,appliances.kitchen.blender,elenberg,30.86,1,0,0.0,0.0
28716051,apparel.shoes,weekend,324.33,1,0,0.0,0.0
17900060,construction.tools.generator,magnetta,505.49,1,0,0.0,0.0
7900547,furniture.kitchen.chair,nuna,192.8,1,0,0.0,0.0
28716437,apparel.shoes,respect,89.84,1,0,0.0,0.0
10400021,kids.toys,rastar,20.31,1,0,0.0,0.0
28713220,apparel.shoes,respect,83.14,1,0,0.0,0.0
28500037,apparel.belt,petek,52.51,1,0,0.0,0.0
6902278,furniture.living_room.chair,heyner,193.06,1,0,0.0,0.0
9101424,computers.peripherals.mouse,steelseries,76.96,1,0,0.0,0.0
5000421,appliances.sewing_machine,janome,131.25,1,0,0.0,0.0
21405078,electronics.clocks,fossil,157.53,1,0,0.0,0.0
28713391,apparel.shoes,respect,90.61,1,0,0.0,0.0
12300115,construction.tools.drill,bosch,105.54,1,0,0.0,0.0
21400517,electronics.clocks,fossil,146.21,1,0,0.0,0.0
28718341,apparel.shoes,respect,89.84,1,0,0.0,0.0
5100387,electronics.clocks,suunto,282.89,1,0,0.0,0.0
1701160,computers.peripherals.monitor,samsung,386.03,1,0,0.0,0.0
28715533,apparel.shoes,suave,106.82,1,0,0.0,0.0
28717903,apparel.shoes,burgerschuhe,102.45,1,0,0.0,0.0
21402506,electronics.clocks,orient,137.97,1,0,0.0,0.0
4501541,appliances.kitchen.hob,midea,158.92,1,0,0.0,0.0
4501258,appliances.kitchen.hob,gefest,221.84,1,0,0.0,0.0
2502251,appliances.kitchen.oven,indesit,231.64,1,0,0.0,0.0
12300272,construction.tools.drill,ivt,33.44,1,0,0.0,0.0
4600622,appliances.kitchen.dishwasher,hotpoint-ariston,582.52,1,0,0.0,0.0
1307223,computers.notebook,dell,1451.52,1,0,0.0,0.0
7901024,furniture.kitchen.chair,lorelli,44.02,1,0,0.0,0.0
1480750,computers.desktop,gigabyte,293.08,1,0,0.0,0.0
28720432,apparel.shoes,baden,68.21,1,0,0.0,0.0
28718110,apparel.shoes,respect,62.81,1,0,0.0,0.0
21405236,electronics.clocks,armani,180.18,1,0,0.0,0.0
11700143,electronics.audio.acoustic,peavey,401.55,1,0,0.0,0.0
28704573,apparel.shoes,etor,100.39,1,0,0.0,0.0
6700395,computers.components.videocards,palit,295.76,1,0,0.0,0.0
1801579,electronics.video.tv,samsung,1157.56,1,0,0.0,0.0
1500473,computers.peripherals.printer,hp,687.78,1,0,0.0,0.0
9002825,kids.toys,basik,16.19,1,0,0.0,0.0
3700941,appliances.environment.vacuum,miele,372.98,1,0,0.0,0.0
6800582,computers.components.hdd,transcend,39.0,1,0,0.0,0.0
28720996,apparel.shoes,burgerschuhe,96.53,1,0,0.0,0.0
8801003,electronics.telephone,jinga,8.55,1,0,0.0,0.0
6500756,computers.components.motherboard,asrock,102.45,1,0,0.0,0.0
3601422,appliances.kitchen.washer,electrolux,386.03,1,0,0.0,0.0
28713985,apparel.shoes,caprice,42.47,1,0,0.0,0.0
1003181,electronics.smartphone,nokia,127.41,1,0,0.0,0.0
32900127,accessories.bag,plano,69.85,1,0,0.0,0.0
28719206,apparel.shoes,alpina,220.08,1,0,0.0,0.0
32900142,accessories.bag,flambeau,19.87,1,0,0.0,0.0
39800186,apparel.shirt,harley-davidson,114.55,1,0,0.0,0.0
12300846,construction.tools.drill,kolner,21.36,1,0,0.0,0.0
45600217,apparel.shoes,shagovita,61.76,1,0,0.0,0.0
28704438,apparel.shoes.keds,vans,97.56,1,0,0.0,0.0
27600448,country_yard.lawn_mower,gardena,124.84,1,0,0.0,0.0
10400741,kids.toys,rastar,71.1,1,0,0.0,0.0
28720621,apparel.shoes,native,144.12,1,0,0.0,0.0
28300485,accessories.wallet,karya,38.61,1,0,0.0,0.0
4600450,appliances.kitchen.dishwasher,hansa,329.39,1,0,0.0,0.0
28719416,apparel.shoes,baden,66.41,1,0,0.0,0.0
28300599,accessories.wallet,karya,46.33,1,0,0.0,0.0
28716436,apparel.shoes,respect,89.84,1,0,0.0,0.0
10201666,kids.dolls,barbie,10.98,1,0,0.0,0.0
35108781,apparel.underwear,milavitsa,17.16,1,0,0.0,0.0
1700761,computers.peripherals.monitor,philips,89.18,1,0,0.0,0.0
3800664,appliances.iron,gorenje,25.71,1,0,0.0,0.0
1004138,electronics.smartphone,xiaomi,176.52,1,0,0.0,0.0
50600032,auto.accessories.compressor,denzel,172.81,1,0,0.0,0.0
1306119,computers.notebook,lenovo,2300.6,1,0,0.0,0.0
46200051,apparel.skirt,sly,30.61,1,0,0.0,0.0
5100384,electronics.clocks,suunto,385.85,1,0,0.0,0.0
6301499,appliances.kitchen.kettle,philips,56.6,1,0,0.0,0.0
6501057,computers.components.motherboard,asrock,293.21,1,0,0.0,0.0
6902664,furniture.living_room.chair,cybex,398.95,1,0,0.0,0.0
28719201,apparel.shoes,alpina,220.08,1,0,0.0,0.0
28712792,apparel.shoes,respect,67.7,1,0,0.0,0.0
12202051,sport.bicycle,sunday,267.7,1,0,0.0,0.0
1201205,electronics.tablet,apple,1636.13,1,0,0.0,0.0
7101410,furniture.bedroom.bed,chicco,249.66,1,0,0.0,0.0
4502281,appliances.kitchen.hob,hotpoint-ariston,300.16,1,0,0.0,0.0
28718998,apparel.shoes,baden,84.43,1,0,0.0,0.0
13902963,construction.components.faucet,genebre,153.42,1,0,0.0,0.0
8901173,kids.toys,chicco,38.59,1,0,0.0,0.0
6201179,appliances.environment.air_heater,ballu,40.93,1,0,0.0,0.0
6000231,auto.accessories.alarm,tec,169.85,1,0,0.0,0.0
1305467,computers.notebook,hp,818.17,1,0,0.0,0.0
28712921,apparel.shoes,rieker,58.43,1,0,0.0,0.0
12201958,sport.bicycle,lg,488.82,1,0,0.0,0.0
28718522,apparel.shoes.keds,etor,100.39,1,0,0.0,0.0
35200185,apparel.underwear,milavitsa,14.83,1,0,0.0,0.0
21404802,electronics.clocks,orient,239.65,1,0,0.0,0.0
3701446,appliances.environment.vacuum,xiaomi,148.76,1,0,0.0,0.0
12100748,kids.skates,slider,141.55,1,0,0.0,0.0
5701170,auto.accessories.player,winca,373.24,1,0,0.0,0.0
6200685,appliances.environment.air_heater,oasis,39.25,1,0,0.0,0.0
4400280,appliances.kitchen.coffee_machine,braun,115.81,1,0,0.0,0.0
1004540,electronics.smartphone,oneplus,759.35,1,0,0.0,0.0
1801706,electronics.video.tv,sony,771.96,1,0,0.0,0.0
9200435,computers.peripherals.keyboard,logitech,118.38,1,0,0.0,0.0
2800081,appliances.kitchen.refrigerators,pozis,208.82,1,0,0.0,0.0
1701108,computers.peripherals.monitor,lg,106.62,1,0,0.0,0.0
28719480,apparel.shoes,baden,52.0,1,0,0.0,0.0
1201409,electronics.tablet,prestigio,128.68,1,0,0.0,0.0
5801270,electronics.audio.subwoofer,morel,501.94,1,0,0.0,0.0
28717982,apparel.shoes,rieker,71.82,1,0,0.0,0.0
2700813,appliances.kitchen.refrigerators,atlant,286.04,1,0,0.0,0.0
2401458,appliances.kitchen.hood,elica,185.77,1,0,0.0,0.0
3100713,appliances.kitchen.blender,scarlett,23.14,1,0,0.0,0.0
6201190,appliances.environment.air_heater,alteco,775.82,1,0,0.0,0.0
2400163,appliances.kitchen.hood,hansa,179.77,1,0,0.0,0.0
2501673,appliances.kitchen.oven,rebus,56.37,1,0,0.0,0.0
1801290,electronics.video.tv,lg,489.05,1,0,0.0,0.0
21800263,computers.peripherals.mouse,razer,69.24,1,0,0.0,0.0
4501527,appliances.kitchen.hob,ardesia,378.05,1,0,0.0,0.0
1701514,computers.peripherals.monitor,hp,153.65,1,0,0.0,0.0
3701023,appliances.environment.vacuum,thomas,215.94,1,0,0.0,0.0
13800437,furniture.bathroom.toilet,colombo,42.47,1,0,0.0,0.0
8901107,kids.toys,chicco,19.41,1,0,0.0,0.0
28714895,apparel.shoes,rheinberger,35.78,1,0,0.0,0.0
1802115,electronics.video.tv,samsung,1415.45,1,0,0.0,0.0
2701970,appliances.kitchen.refrigerators,atlant,133.83,1,1,133.83,100.0
4802956,electronics.audio.headphone,bose,504.06,1,0,0.0,0.0
6200749,appliances.environment.air_heater,redmond,149.27,1,0,0.0,0.0
5801694,electronics.audio.subwoofer,pride,249.68,1,0,0.0,0.0
28719227,apparel.shoes,burgerschuhe,104.25,1,0,0.0,0.0
27600080,country_yard.lawn_mower,bosch,91.33,1,0,0.0,0.0
1004282,electronics.smartphone,bq,71.21,1,0,0.0,0.0
3700877,appliances.environment.vacuum,shivaki,68.8,1,0,0.0,0.0
21400634,electronics.clocks,orient,118.15,1,0,0.0,0.0
50600009,auto.accessories.compressor,metabo,1783.3,1,0,0.0,0.0
1004187,electronics.smartphone,meizu,102.68,1,0,0.0,0.0
35200005,apparel.underwear,milavitsa,9.0,1,0,0.0,0.0
12100833,kids.skates,graffiti,95.09,1,0,0.0,0.0
6700744,computers.components.videocards,asus,113.23,1,0,0.0,0.0
3601293,appliances.kitchen.washer,bosch,692.4,1,0,0.0,0.0
2402718,appliances.kitchen.hood,elikor,72.07,1,0,0.0,0.0
7900523,furniture.kitchen.chair,selby,41.16,1,0,0.0,0.0
18300702,accessories.bag,apple,283.12,1,0,0.0,0.0
21408679,electronics.clocks,casio,69.24,1,0,0.0,0.0
19100362,construction.tools.saw,makita,304.44,1,0,0.0,0.0
1003645,electronics.smartphone,nokia,128.96,1,0,0.0,0.0
4600588,appliances.kitchen.dishwasher,electrolux,615.18,1,0,0.0,0.0
2402324,appliances.kitchen.hood,deluxe,65.64,1,0,0.0,0.0
6600986,computers.components.memory,crucial,106.05,1,0,0.0,0.0
19100178,construction.tools.saw,makita,1225.41,1,0,0.0,0.0
6300446,appliances.kitchen.kettle,vitek,17.76,1,0,0.0,0.0
6501001,computers.components.motherboard,asrock,110.42,1,0,0.0,0.0
28718702,apparel.shoes,respect,89.84,1,0,0.0,0.0
1600395,computers.peripherals.printer,canon,221.16,1,0,0.0,0.0
18200045,electronics.audio.acoustic,lg,180.16,1,0,0.0,0.0
22400001,electronics.audio.microphone,ritmix,6.95,1,0,0.0,0.0
18300809,accessories.bag,roncato,307.86,1,0,0.0,0.0
5000471,appliances.sewing_machine,janome,249.66,1,0,0.0,0.0
3800447,appliances.iron,vitek,22.11,1,0,0.0,0.0
6500645,computers.components.motherboard,gigabyte,48.38,1,0,0.0,0.0
7006208,kids.carriage,hp,29.34,1,0,0.0,0.0
2403051,appliances.kitchen.hood,midea,40.98,1,0,0.0,0.0
1480730,computers.desktop,pulser,1052.77,1,0,0.0,0.0
28712077,apparel.shoes,rieker,59.98,1,0,0.0,0.0
8700422,appliances.personal.hair_cutter,galaxy,3.35,1,0,0.0,0.0
7004838,kids.carriage,adamex,576.59,1,0,0.0,0.0
7005541,kids.carriage,adamex,417.0,1,0,0.0,0.0
2702417,appliances.kitchen.refrigerators,dauscher,453.01,1,0,0.0,0.0
39800091,apparel.shirt,dion,29.6,1,0,0.0,0.0
6100155,auto.accessories.radar,playme,139.15,1,0,0.0,0.0
3800815,appliances.iron,braun,95.21,1,0,0.0,0.0
5801023,electronics.audio.subwoofer,hertz,81.57,1,0,0.0,0.0
2800530,appliances.kitchen.refrigerators,leadbros,294.73,1,0,0.0,0.0
6902647,furniture.living_room.chair,joie,77.48,1,0,0.0,0.0
28714014,apparel.shoes.keds,nike,76.96,1,0,0.0,0.0
2701717,appliances.kitchen.refrigerators,whirlpool,958.3,1,0,0.0,0.0
28718211,apparel.shoes.keds,tamaris,44.79,1,0,0.0,0.0
2400981,appliances.kitchen.hood,danke,58.95,1,0,0.0,0.0
1701423,computers.peripherals.monitor,qmax,390.23,1,0,0.0,0.0
2402990,appliances.kitchen.hood,gorenje,77.58,1,0,0.0,0.0
1701483,computers.peripherals.monitor,aoc,187.8,1,0,0.0,0.0
22400045,electronics.audio.microphone,ritmix,87.53,1,0,0.0,0.0
28720533,apparel.shoes,covani,107.85,1,0,0.0,0.0
4802331,electronics.audio.headphone,sony,95.21,1,0,0.0,0.0
1004738,electronics.smartphone,sony,462.82,1,0,0.0,0.0
28401169,accessories.bag,karya,100.39,1,0,0.0,0.0
4802247,electronics.audio.headphone,jbl,38.35,1,0,0.0,0.0
45601504,apparel.shoes,babybotte,30.63,1,0,0.0,0.0
13200369,furniture.bedroom.bed,mebelev,476.2,1,0,0.0,0.0
12202040,sport.bicycle,trek,422.66,1,0,0.0,0.0
56300076,apparel.jumper,conceptclub,22.91,1,0,0.0,0.0
4600599,appliances.kitchen.dishwasher,bosch,769.62,1,0,0.0,0.0
28718662,apparel.shoes,respect,95.24,1,0,0.0,0.0
1700475,computers.peripherals.monitor,acer,70.71,1,0,0.0,0.0
8900334,kids.toys,castorland,6.0,1,0,0.0,0.0
3900925,appliances.environment.water_heater,oasis,101.49,1,0,0.0,0.0
2701776,appliances.kitchen.refrigerators,samsung,1801.59,1,0,0.0,0.0
3801398,appliances.iron,saturn,10.27,1,0,0.0,0.0
28714103,apparel.shoes.keds,greyder,51.48,1,0,0.0,0.0
22900126,furniture.bedroom.pillow,arua,19.31,1,0,0.0,0.0
3900950,appliances.environment.water_heater,ariston,133.08,1,0,0.0,0.0
2702247,appliances.kitchen.refrigerators,pozis,348.27,1,0,0.0,0.0
2402568,appliances.kitchen.hood,hansa,102.94,1,0,0.0,0.0
12201720,sport.bicycle,torrent,167.29,1,0,0.0,0.0
1201511,electronics.tablet,bq,84.66,1,0,0.0,0.0
28714942,apparel.shoes,respect,66.67,1,0,0.0,0.0
8801025,electronics.telephone,nobby,14.27,1,0,0.0,0.0
43300026,apparel.tshirt,adidas,33.44,1,0,0.0,0.0
1004095,electronics.smartphone,irbis,57.61,1,0,0.0,0.0
1802020,electronics.video.tv,xiaomi,823.44,1,0,0.0,0.0
28717985,apparel.shoes,salamander,79.54,1,0,0.0,0.0
1802063,electronics.video.tv,artel,903.47,1,0,0.0,0.0
2701931,appliances.kitchen.refrigerators,atlant,437.57,1,0,0.0,0.0
9200614,computers.peripherals.keyboard,thermaltake,69.24,1,0,0.0,0.0
19100099,construction.tools.saw,ryobi,77.55,1,0,0.0,0.0
8800816,electronics.telephone,texet,20.69,1,0,0.0,0.0
4801629,electronics.audio.headphone,sven,6.59,1,0,0.0,0.0
11600024,computers.desktop,crown,65.87,1,0,0.0,0.0
10400699,kids.toys,rastar,32.15,1,0,0.0,0.0
1701350,computers.peripherals.monitor,asus,1217.67,1,0,0.0,0.0
28718045,apparel.shoes,baden,84.69,1,0,0.0,0.0
21407089,electronics.clocks,longines,1935.7,1,0,0.0,0.0
12202405,sport.bicycle,bmw,141.55,1,0,0.0,0.0
3701581,appliances.environment.vacuum,hyundai,424.7,1,0,0.0,0.0
28717120,apparel.shoes.keds,respect,61.01,1,0,0.0,0.0
21410400,electronics.clocks,tissot,679.55,1,1,679.55,100.0
1480575,computers.desktop,pulser,1611.34,1,0,0.0,0.0
6700807,computers.components.videocards,msi,48.65,1,0,0.0,0.0
6500620,computers.components.motherboard,asus,254.8,1,0,0.0,0.0
12300738,construction.tools.drill,makita,594.86,1,0,0.0,0.0
6902628,furniture.living_room.chair,joie,111.46,1,0,0.0,0.0
1306648,computers.notebook,asus,488.82,1,0,0.0,0.0
5100096,electronics.clocks,apple,475.96,1,0,0.0,0.0
7004095,kids.carriage,adamex,550.85,1,0,0.0,0.0
10400438,kids.toys,wltoys,32.15,1,0,0.0,0.0
28720745,apparel.shoes.keds,fila,75.91,1,0,0.0,0.0
28717972,apparel.shoes,rieker,71.82,1,0,0.0,0.0
22900091,furniture.bedroom.pillow,belashoff,15.44,1,0,0.0,0.0
1700990,computers.peripherals.monitor,philips,120.72,1,0,0.0,0.0
8801029,electronics.telephone,texet,13.4,1,0,0.0,0.0
27700162,construction.tools.pump,pedrollo,204.27,1,0,0.0,0.0
2701489,appliances.kitchen.refrigerators,electrolux,948.47,1,0,0.0,0.0
4804242,electronics.audio.headphone,defender,16.27,1,0,0.0,0.0
28715844,apparel.shoes,rooman,29.34,1,0,0.0,0.0
12201154,sport.bicycle,phoenix,154.42,1,0,0.0,0.0
11100270,appliances.personal.scales,unit,7.44,1,0,0.0,0.0
28401085,accessories.bag,respect,66.67,1,0,0.0,0.0
8901933,kids.toys,playgro,5.64,1,0,0.0,0.0
21411023,electronics.clocks,diesel,180.18,1,0,0.0,0.0
7005405,kids.carriage,cybex,463.33,1,0,0.0,0.0
28719122,apparel.shoes,cover,132.56,1,0,0.0,0.0
4502434,appliances.kitchen.hob,dauscher,149.53,1,0,0.0,0.0
40900018,construction.tools.painting,wagner,158.31,1,0,0.0,0.0
6200746,appliances.environment.air_heater,polaris,45.05,1,0,0.0,0.0
2700589,appliances.kitchen.refrigerators,leadbros,128.7,1,0,0.0,0.0
3600660,appliances.kitchen.washer,beko,243.82,1,0,0.0,0.0
28300447,accessories.wallet,karya,43.76,1,0,0.0,0.0
28719454,apparel.shoes,baden,97.56,1,0,0.0,0.0
4802237,electronics.audio.headphone,jbl,9.24,1,0,0.0,0.0
11000257,appliances.kitchen.toster,vitek,22.88,1,0,0.0,0.0
3700762,appliances.environment.vacuum,philips,217.71,1,0,0.0,0.0
7101290,furniture.bedroom.bed,incanto,205.9,1,0,0.0,0.0
11000200,appliances.kitchen.toster,bosch,62.66,1,0,0.0,0.0
6500575,computers.components.motherboard,gigabyte,125.62,1,0,0.0,0.0
28717963,apparel.shoes,ara,124.84,1,0,0.0,0.0
2900991,appliances.kitchen.microwave,dauscher,51.46,1,0,0.0,0.0
28717373,apparel.shoes.keds,escan,25.48,1,0,0.0,0.0
3701090,appliances.environment.vacuum,irobot,577.18,1,0,0.0,0.0
28716253,apparel.shoes,rieker,94.98,1,0,0.0,0.0
8700112,appliances.personal.hair_cutter,rowenta,45.97,1,0,0.0,0.0
4200957,appliances.environment.air_conditioner,electrolux,424.7,1,0,0.0,0.0
6701058,computers.components.videocards,asrock,229.61,1,0,0.0,0.0
27700696,construction.tools.pump,greenpro,42.84,1,0,0.0,0.0
28720631,apparel.shoes,native,144.12,1,0,0.0,0.0
21407774,electronics.clocks,certina,494.22,1,0,0.0,0.0
28713362,apparel.shoes,rieker,64.61,1,0,0.0,0.0
45600296,apparel.shoes,shagovita,71.03,1,0,0.0,0.0
7005676,kids.carriage,riko,308.86,1,0,0.0,0.0
8801092,electronics.telephone,nobby,40.89,1,0,0.0,0.0
6801184,computers.components.hdd,hpe,403.55,1,0,0.0,0.0
12201966,sport.bicycle,cube,504.26,1,0,0.0,0.0
28300648,accessories.wallet,petek,91.64,1,0,0.0,0.0
12201661,sport.bicycle,giant,427.04,1,0,0.0,0.0
1700975,computers.peripherals.monitor,samsung,477.49,1,0,0.0,0.0
28720612,apparel.shoes.keds,nike,126.1,1,0,0.0,0.0
35200202,apparel.underwear,milavitsa,15.71,1,0,0.0,0.0
3900283,appliances.environment.water_heater,garanterm,109.63,1,0,0.0,0.0
2502185,appliances.kitchen.oven,gorenje,308.86,1,0,0.0,0.0
43800010,furniture.kitchen.table,fengnix,151.87,1,0,0.0,0.0
28718094,apparel.shoes.keds,respect,28.06,1,0,0.0,0.0
45300068,kids.swing,nuna,215.71,1,0,0.0,0.0
11200235,appliances.personal.scales,bene,11.05,1,0,0.0,0.0
28715949,apparel.shoes,etor,108.11,1,0,0.0,0.0
6601074,computers.components.memory,gigabyte,152.6,1,0,0.0,0.0
29700026,accessories.umbrella,fabretti,25.48,1,0,0.0,0.0
14100455,electronics.audio.acoustic,tanglewood,139.0,1,0,0.0,0.0
28716461,apparel.shoes,respect,86.23,1,0,0.0,0.0
28720305,apparel.shoes.keds,reebok,84.69,1,0,0.0,0.0
27700135,construction.tools.pump,sti,39.98,1,0,0.0,0.0
35108535,apparel.underwear,milavitsa,17.22,1,0,0.0,0.0
19200016,construction.tools.saw,stalker,61.75,1,0,0.0,0.0
28713112,apparel.shoes,legre,90.35,1,0,0.0,0.0
1480483,computers.desktop,dell,677.23,1,0,0.0,0.0
3800968,appliances.iron,redmond,41.16,1,0,0.0,0.0
1802029,electronics.video.tv,tcl,385.05,1,0,0.0,0.0
29600012,apparel.scarf,fabretti,25.48,1,0,0.0,0.0
1307492,computers.notebook,xiaomi,1448.94,1,0,0.0,0.0
39800012,apparel.shirt,dion,29.6,1,0,0.0,0.0
7006255,kids.carriage,anex,668.74,1,0,0.0,0.0
12100769,kids.skates,phoenix,32.46,1,0,0.0,0.0
28720540,apparel.shoes,bochetti,115.58,1,0,0.0,0.0
28714278,apparel.shoes.keds,nike,113.77,1,0,0.0,0.0
45600236,apparel.shoes,shagovita,47.86,1,0,0.0,0.0
4804413,electronics.audio.headphone,canyon,6.41,1,0,0.0,0.0
28718463,apparel.shoes.keds,strobbs,64.61,1,0,0.0,0.0
28713083,apparel.shoes,respect,102.71,1,0,0.0,0.0
6902896,furniture.living_room.chair,lorelli,51.44,1,0,0.0,0.0
12300722,construction.tools.drill,p.i.t.,32.66,1,0,0.0,0.0
5000343,appliances.sewing_machine,janome,334.6,1,0,0.0,0.0
1004347,electronics.smartphone,meizu,123.53,1,0,0.0,0.0
1305189,computers.notebook,microsoft,1235.3,1,0,0.0,0.0
10400196,kids.toys,rastar,20.29,1,0,0.0,0.0
6301824,appliances.kitchen.kettle,scarlett,44.76,1,0,0.0,0.0
52900078,accessories.bag,stanley,78.74,1,0,0.0,0.0
21405274,electronics.clocks,fossil,282.12,1,0,0.0,0.0
11000042,appliances.kitchen.toster,polaris,25.69,1,0,0.0,0.0
6700994,computers.components.videocards,msi,667.06,1,0,0.0,0.0
28715908,apparel.shoes,rieker,85.46,1,0,0.0,0.0
25001323,furniture.universal.light,preciosa,2570.18,1,0,0.0,0.0
1307415,computers.notebook,dell,1055.34,1,0,0.0,0.0
3900459,appliances.environment.water_heater,thermex,121.73,1,0,0.0,0.0
9100319,computers.peripherals.mouse,hp,21.85,1,0,0.0,0.0
28717657,apparel.shoes,greyder,95.24,1,0,0.0,0.0
30000024,construction.tools.welding,redbo,643.52,1,0,0.0,0.0
5000551,appliances.sewing_machine,brother,664.86,1,0,0.0,0.0
35105321,apparel.underwear,milavitsa,24.41,1,0,0.0,0.0
6301381,appliances.kitchen.kettle,elenberg,23.14,1,0,0.0,0.0
9200457,computers.peripherals.keyboard,delux,44.63,1,0,0.0,0.0
7006137,kids.carriage,adamex,370.67,1,0,0.0,0.0
1480500,computers.desktop,dell,877.82,1,0,0.0,0.0
28704142,apparel.shoes.keds,nike,159.33,1,0,0.0,0.0
2502263,appliances.kitchen.oven,indesit,234.21,1,0,0.0,0.0
4804518,electronics.audio.headphone,koss,99.48,1,0,0.0,0.0
2100097,electronics.video.tv,samsung,321.48,1,0,0.0,0.0
3700865,appliances.environment.vacuum,artel,48.42,1,0,0.0,0.0
27700680,construction.tools.pump,pedrollo,152.85,1,0,0.0,0.0
4400031,appliances.kitchen.coffee_machine,delonghi,79.77,1,0,0.0,0.0
1004443,electronics.smartphone,meizu,257.38,1,0,0.0,0.0
30000027,construction.tools.welding,redbo,386.11,1,0,0.0,0.0
2702023,appliances.kitchen.refrigerators,whirlpool,505.8,1,0,0.0,0.0
28711877,apparel.shoes,caprice,59.46,1,0,0.0,0.0
9002924,kids.toys,disney,4.12,1,0,0.0,0.0
16700462,furniture.kitchen.chair,barneo,69.24,1,0,0.0,0.0
39800067,apparel.shirt,dion,29.6,1,0,0.0,0.0
39800124,apparel.shirt,dion,29.6,1,0,0.0,0.0
18900012,electronics.camera.photo,sony,1029.37,1,0,0.0,0.0
1201233,electronics.tablet,huawei,76.96,1,0,0.0,0.0
18900014,electronics.camera.photo,sony,283.12,1,0,0.0,0.0
4804350,electronics.audio.headphone,steelseries,51.22,1,0,0.0,0.0
1307224,computers.notebook,hp,669.0,1,0,0.0,0.0
6301054,appliances.kitchen.kettle,moulinex,51.22,1,0,0.0,0.0
7005993,kids.carriage,lorelli,186.88,1,0,0.0,0.0
1002042,electronics.smartphone,samsung,77.14,1,0,0.0,0.0
1701470,computers.peripherals.monitor,msi,402.04,1,0,0.0,0.0
28720038,apparel.shoes.keds,asics,66.67,1,0,0.0,0.0
12400157,construction.tools.drill,p.i.t.,142.88,1,0,0.0,0.0
21400364,electronics.clocks,casio,122.01,1,0,0.0,0.0
45300087,kids.swing,chicco,123.53,1,0,0.0,0.0
7101291,furniture.bedroom.bed,incanto,180.16,1,0,0.0,0.0
21400893,electronics.clocks,casio,774.54,1,0,0.0,0.0
4804489,electronics.audio.headphone,orico,35.78,1,0,0.0,0.0
1307464,computers.notebook,msi,1684.9,1,0,0.0,0.0
16700690,furniture.kitchen.chair,mamadoma,34.75,1,0,0.0,0.0
7101985,furniture.bedroom.bed,stokke,831.4,1,0,0.0,0.0
21408244,electronics.clocks,tissot,669.26,1,0,0.0,0.0
3601488,appliances.kitchen.washer,optima,118.38,1,0,0.0,0.0
45500015,computers.notebook,crown,9.02,1,0,0.0,0.0
4803657,electronics.audio.headphone,canyon,12.84,1,0,0.0,0.0
4802652,electronics.audio.headphone,harper,15.16,1,0,0.0,0.0
11200156,appliances.personal.scales,bene,13.6,1,0,0.0,0.0
46900018,accessories.bag,ezetil,36.01,1,0,0.0,0.0
6901127,furniture.living_room.chair,bertoni,7.84,1,0,0.0,0.0
10201313,kids.dolls,hasbro,41.16,1,0,0.0,0.0
21800023,computers.peripherals.mouse,razer,17.84,1,0,0.0,0.0
30901159,computers.components.cooler,msi,48.14,1,0,0.0,0.0
43300074,apparel.tshirt,harley-davidson,75.94,1,0,0.0,0.0
28703603,apparel.shoes.keds,reebok,118.15,1,0,0.0,0.0
28715717,apparel.shoes,caprice,64.61,1,0,0.0,0.0
7101870,furniture.bedroom.bed,chicco,299.6,1,0,0.0,0.0
3900591,appliances.environment.water_heater,electrolux,152.02,1,0,0.0,0.0
28714281,apparel.shoes.keds,adidas,136.4,1,0,0.0,0.0
4802521,electronics.audio.headphone,remax,6.44,1,0,0.0,0.0
28719631,apparel.shoes,baden,71.82,1,0,0.0,0.0
2900506,appliances.kitchen.microwave,smeg,551.94,1,0,0.0,0.0
25100023,construction.tools.light,mantra,110.31,1,0,0.0,0.0
11200347,appliances.personal.scales,saturn,8.98,1,0,0.0,0.0
6301259,appliances.kitchen.kettle,saturn,10.79,1,0,0.0,0.0
28706658,apparel.shoes.espadrilles,rieker,22.65,1,0,0.0,0.0
3100657,appliances.kitchen.blender,bene,19.72,1,0,0.0,0.0
6902588,furniture.living_room.chair,chicco,152.36,1,0,0.0,0.0
5800608,electronics.audio.subwoofer,focal,75.57,1,0,0.0,0.0
21406930,electronics.clocks,tissot,947.26,1,0,0.0,0.0
30500008,country_yard.cultivator,masteryard,525.11,1,0,0.0,0.0
28716205,apparel.shoes,respect,61.01,1,0,0.0,0.0
6500955,computers.components.motherboard,gigabyte,67.05,1,0,0.0,0.0
28401084,accessories.bag,respect,46.59,1,0,0.0,0.0
21403863,electronics.clocks,casio,21.36,1,0,0.0,0.0
21409440,electronics.clocks,casio,122.01,1,0,0.0,0.0
10900153,appliances.kitchen.mixer,galaxy,10.76,1,0,0.0,0.0
7101298,furniture.bedroom.bed,incanto,178.87,1,0,0.0,0.0
3100826,appliances.kitchen.blender,scarlett,40.54,1,0,0.0,0.0
30000226,construction.tools.welding,aiken,180.29,1,0,0.0,0.0
5800880,electronics.audio.subwoofer,kicx,21.62,1,0,0.0,0.0
3800817,appliances.iron,vitek,22.91,1,0,0.0,0.0
11600330,computers.desktop,sven,23.14,1,0,0.0,0.0
48200117,apparel.dress,mltl,39.9,1,0,0.0,0.0
12400504,construction.tools.drill,hyundai,74.62,1,0,0.0,0.0
27600167,country_yard.lawn_mower,huter,86.98,1,0,0.0,0.0
21401628,electronics.clocks,casio,68.21,1,0,0.0,0.0
1201223,electronics.tablet,apple,1204.66,1,0,0.0,0.0
10900114,appliances.kitchen.mixer,saturn,28.06,1,0,0.0,0.0
7006112,kids.carriage,tako,592.04,1,0,0.0,0.0
28721027,apparel.shoes,salamander,131.02,1,0,0.0,0.0
42700018,auto.accessories.winch,denzel,460.49,1,0,0.0,0.0
8901912,kids.toys,i-baby,11.74,1,0,0.0,0.0
2702362,appliances.kitchen.refrigerators,ava,92.94,1,0,0.0,0.0
8700028,appliances.personal.hair_cutter,polaris,13.64,1,0,0.0,0.0
43300037,apparel.tshirt,adidas,48.91,1,0,0.0,0.0
11700101,electronics.audio.acoustic,yamaha,164.74,1,0,0.0,0.0
27600452,country_yard.lawn_mower,husqvarna,242.48,1,0,0.0,0.0
20200367,sport.snowboard,biwec,102.76,1,0,0.0,0.0
16200445,kids.fmcg.diapers,huggies,4.75,1,0,0.0,0.0
1700998,computers.peripherals.monitor,hp,256.89,1,0,0.0,0.0
28720893,apparel.shoes,rieker,71.82,1,0,0.0,0.0
6701153,computers.components.videocards,gigabyte,532.06,1,0,0.0,0.0
28718089,apparel.shoes.keds,respect,28.06,1,0,0.0,0.0
2701022,appliances.kitchen.refrigerators,leadbros,198.2,1,0,0.0,0.0
28712661,apparel.shoes.keds,strobbs,49.42,1,0,0.0,0.0
4801840,electronics.audio.headphone,jbl,87.2,1,0,0.0,0.0
11100285,appliances.personal.scales,redmond,25.71,1,0,0.0,0.0
21403623,electronics.clocks,casio,16.99,1,0,0.0,0.0
12301073,construction.tools.drill,makita,108.11,1,0,0.0,0.0
39800019,apparel.shirt,dion,32.18,1,0,0.0,0.0
28401273,accessories.bag,karya,97.81,1,0,0.0,0.0
28720425,apparel.shoes,baden,62.81,1,0,0.0,0.0
6902455,furniture.living_room.chair,zlatek,12.84,1,0,0.0,0.0
9101150,computers.peripherals.mouse,apple,140.24,1,0,0.0,0.0
28401160,accessories.bag,karya,59.2,1,0,0.0,0.0
42700019,auto.accessories.winch,denzel,344.77,1,0,0.0,0.0
45600259,apparel.shoes,shagovita,52.5,1,0,0.0,0.0
2500842,appliances.kitchen.oven,saturn,46.85,1,0,0.0,0.0
2701845,appliances.kitchen.refrigerators,shivaki,214.72,1,0,0.0,0.0
4801766,electronics.audio.headphone,panasonic,7.7,1,0,0.0,0.0
1600437,computers.peripherals.printer,hp,278.35,1,0,0.0,0.0
28717014,apparel.shoes.keds,respect,68.21,1,0,0.0,0.0
4803023,electronics.audio.headphone,sony,38.35,1,0,0.0,0.0
28712654,apparel.shoes,baden,70.79,1,0,0.0,0.0
13800030,furniture.bathroom.toilet,santeri,70.14,1,0,0.0,0.0
28715330,apparel.shoes,respect,66.67,1,0,0.0,0.0
30901086,computers.components.cooler,id-cooling,43.73,1,0,0.0,0.0
30900028,computers.components.cooler,nzxt,112.28,1,0,0.0,0.0
35200022,apparel.underwear,milavitsa,10.94,1,0,0.0,0.0
6701032,computers.components.videocards,msi,96.53,1,0,0.0,0.0
28719611,apparel.shoes,baden,62.81,1,0,0.0,0.0
28718481,apparel.shoes.keds,strobbs,64.61,1,0,0.0,0.0
5701370,auto.accessories.player,ams,391.26,1,0,0.0,0.0
4802954,electronics.audio.headphone,jbl,131.25,1,0,0.0,0.0
2900786,appliances.kitchen.microwave,candy,71.82,1,0,0.0,0.0
17800156,computers.desktop,dxracer,308.86,1,0,0.0,0.0
4802333,electronics.audio.headphone,panasonic,10.46,1,0,0.0,0.0
2701658,appliances.kitchen.refrigerators,indesit,272.84,1,0,0.0,0.0
48200028,apparel.dress,mltl,32.18,1,0,0.0,0.0
1480347,computers.desktop,alser,669.23,1,0,0.0,0.0
2702528,appliances.kitchen.refrigerators,dauscher,823.44,1,0,0.0,0.0
6700701,computers.components.videocards,palit,411.59,1,0,0.0,0.0
14500085,appliances.kitchen.coffee_grinder,scarlett,22.88,1,0,0.0,0.0
1201536,electronics.tablet,bq,115.81,1,0,0.0,0.0
28704458,apparel.shoes,etor,126.13,1,0,0.0,0.0
45600190,apparel.shoes,shagovita,71.03,1,0,0.0,0.0
47200167,furniture.living_room.cabinet,akvaton,116.26,1,0,0.0,0.0
21406763,electronics.clocks,tissot,442.74,1,0,0.0,0.0
56300038,apparel.jumper,weekend,373.24,1,0,0.0,0.0
12202391,sport.bicycle,giant,2316.4,1,0,0.0,0.0
28714407,apparel.shoes.keds,nike,76.96,1,0,0.0,0.0
2700523,appliances.kitchen.refrigerators,atlant,318.92,1,0,0.0,0.0
6701171,computers.components.videocards,sinotex,99.42,1,0,0.0,0.0
35108567,apparel.underwear,milavitsa,12.85,1,0,0.0,0.0
17900008,construction.tools.generator,firman,239.39,1,0,0.0,0.0
9700303,computers.components.power_supply,cougar,93.95,1,0,0.0,0.0
4800970,electronics.audio.headphone,sony,15.19,1,0,0.0,0.0
28718478,apparel.shoes.keds,strobbs,92.41,1,0,0.0,0.0
2900832,appliances.kitchen.microwave,hotpoint-ariston,64.33,1,0,0.0,0.0
18300497,accessories.bag,lenovo,13.36,1,0,0.0,0.0
2402593,appliances.kitchen.hood,artel,58.51,1,0,0.0,0.0
2100105,electronics.video.tv,lg,231.41,1,0,0.0,0.0
28718963,apparel.shoes,baden,82.63,1,0,0.0,0.0
2701972,appliances.kitchen.refrigerators,samsung,926.07,1,0,0.0,0.0
28300519,accessories.wallet,petek,73.1,1,0,0.0,0.0
3200587,appliances.kitchen.meat_grinder,polaris,99.66,1,0,0.0,0.0
6701077,computers.components.videocards,asus,547.8,1,0,0.0,0.0
4804075,electronics.audio.headphone,inkax,3.86,1,0,0.0,0.0
21411606,electronics.clocks,cover,201.29,1,0,0.0,0.0
4400315,appliances.kitchen.coffee_machine,delonghi,1415.71,1,0,0.0,0.0
28718151,apparel.shoes,baden,84.69,1,0,0.0,0.0
28400737,accessories.bag,picard,45.05,1,0,0.0,0.0
21409516,electronics.clocks,casio,168.86,1,0,0.0,0.0
12300237,construction.tools.drill,ivt,29.58,1,0,0.0,0.0
7002181,kids.carriage,dsland,566.3,1,0,0.0,0.0
6301800,appliances.kitchen.kettle,scarlett,22.14,1,0,0.0,0.0
1307243,computers.notebook,hp,980.46,1,0,0.0,0.0
7005429,kids.carriage,joie,161.14,1,0,0.0,0.0
9101023,computers.peripherals.mouse,logitech,20.57,1,0,0.0,0.0
28718569,apparel.shoes.moccasins,etor,100.39,1,0,0.0,0.0
7005669,kids.carriage,riko,321.73,1,0,0.0,0.0
4000147,construction.tools.generator,elenberg,77.02,1,0,0.0,0.0
4700604,auto.accessories.videoregister,inspector,117.12,1,0,0.0,0.0
2701736,appliances.kitchen.refrigerators,lg,1032.12,1,0,0.0,0.0
7002320,kids.carriage,mima,1016.76,1,0,0.0,0.0
12100412,kids.skates,segway,369.38,1,0,0.0,0.0
21403902,electronics.clocks,orient,163.97,1,0,0.0,0.0
12201172,sport.bicycle,specialized,1029.63,1,0,0.0,0.0
28716099,apparel.shoes,baden,118.15,1,0,0.0,0.0
4802859,electronics.audio.headphone,jbl,40.93,1,0,0.0,0.0
1480377,computers.desktop,lenovo,890.37,1,0,0.0,0.0
3601196,appliances.kitchen.washer,lg,488.82,1,0,0.0,0.0
16700399,furniture.kitchen.chair,signal,163.45,1,0,0.0,0.0
16200434,kids.fmcg.diapers,pampers,3.37,1,0,0.0,0.0
2501218,appliances.kitchen.oven,elenberg,110.48,1,0,0.0,0.0
8800950,electronics.telephone,bq,15.19,1,0,0.0,0.0
1306563,computers.notebook,lenovo,651.21,1,0,0.0,0.0
6902629,furniture.living_room.chair,joie,193.31,1,0,0.0,0.0
21404495,electronics.clocks,orient,106.05,1,0,0.0,0.0
21406750,electronics.clocks,tissot,803.11,1,0,0.0,0.0
3700556,appliances.environment.vacuum,karcher,179.35,1,0,0.0,0.0
13902207,construction.components.faucet,decoroom,21.23,1,0,0.0,0.0
28300644,accessories.wallet,petek,115.32,1,0,0.0,0.0
25800016,medicine.tools.tonometer,omron,60.72,1,0,0.0,0.0
10900128,appliances.kitchen.mixer,philips,28.29,1,0,0.0,0.0
1307499,computers.notebook,dell,483.67,1,0,0.0,0.0
28720879,apparel.shoes,romax,146.72,1,0,0.0,0.0
12200784,sport.bicycle,centurion,334.37,1,0,0.0,0.0
3601450,appliances.kitchen.washer,midea,205.67,1,0,0.0,0.0
5000819,appliances.sewing_machine,janome,143.69,1,0,0.0,0.0
45600055,apparel.shoes,shagovita,55.3,1,0,0.0,0.0
18300229,accessories.bag,xiaomi,39.64,1,0,0.0,0.0
5100811,electronics.clocks,alpina,1115.09,1,0,0.0,0.0
21405742,electronics.clocks,dkny,191.51,1,0,0.0,0.0
5000533,appliances.sewing_machine,bernina,429.61,1,0,0.0,0.0
3701097,appliances.environment.vacuum,galaxy,40.93,1,0,0.0,0.0
12400295,construction.tools.drill,metabo,727.06,1,0,0.0,0.0
12202387,sport.bicycle,cube,926.41,1,0,0.0,0.0
43200003,apparel.tshirt,nike,33.44,1,0,0.0,0.0
8800739,electronics.telephone,inoi,37.29,1,0,0.0,0.0
1480512,computers.desktop,pulser,862.29,1,0,0.0,0.0
1480241,computers.desktop,hp,411.08,1,0,0.0,0.0
3200154,appliances.kitchen.meat_grinder,polaris,64.33,1,0,0.0,0.0
21409619,electronics.clocks,oris,1756.8,1,0,0.0,0.0
21411318,electronics.clocks,seiko,169.37,1,0,0.0,0.0
28720900,apparel.shoes,romax,71.04,1,0,0.0,0.0
5801623,electronics.audio.subwoofer,dls,316.61,1,0,0.0,0.0
28718592,apparel.shoes,rieker,80.83,1,0,0.0,0.0
21400184,electronics.clocks,casio,159.08,1,0,0.0,0.0
3701568,appliances.environment.vacuum,bosch,401.53,1,0,0.0,0.0
28719610,apparel.shoes,baden,62.81,1,0,0.0,0.0
1701468,computers.peripherals.monitor,msi,352.8,1,0,0.0,0.0
14701296,furniture.living_room.cabinet,imperial,165.23,1,0,0.0,0.0
4804510,electronics.audio.headphone,plantronics,177.1,1,0,0.0,0.0
21401447,electronics.clocks,casio,221.88,1,0,0.0,0.0
21406354,electronics.clocks,dkny,146.21,1,0,0.0,0.0
12201986,sport.bicycle,cube,452.78,1,0,0.0,0.0
6400150,computers.components.cpu,intel,129.35,1,0,0.0,0.0
2501395,appliances.kitchen.oven,hansa,283.12,1,0,0.0,0.0
7901016,furniture.kitchen.chair,hauck,102.71,1,0,0.0,0.0
4200986,appliances.environment.air_conditioner,samsung,301.14,1,0,0.0,0.0
28721253,apparel.shoes,respect,89.84,1,0,0.0,0.0
4803024,electronics.audio.headphone,sony,38.35,1,0,0.0,0.0
6902133,furniture.living_room.chair,joie,143.89,1,0,0.0,0.0
21000009,accessories.bag,thule,151.84,1,0,0.0,0.0
8901736,kids.toys,keenway,43.76,1,0,0.0,0.0
30000200,construction.tools.welding,redbo,446.99,1,0,0.0,0.0
28704593,apparel.shoes,etor,90.09,1,0,0.0,0.0
19100029,construction.tools.saw,dwt,89.06,1,0,0.0,0.0
28721081,apparel.shoes,rooman,38.35,1,0,0.0,0.0
14300382,electronics.audio.music_tools.piano,denn,49.65,1,0,0.0,0.0
2701612,appliances.kitchen.refrigerators,lg,772.19,1,0,0.0,0.0
22900154,furniture.bedroom.pillow,askona,182.71,1,0,0.0,0.0
3101025,appliances.kitchen.blender,philips,180.16,1,0,0.0,0.0
3100797,appliances.kitchen.blender,philips,360.34,1,0,0.0,0.0
5100766,electronics.clocks,mykronoz,154.42,1,0,0.0,0.0
6300727,appliances.kitchen.kettle,polaris,53.51,1,0,0.0,0.0
17800270,computers.desktop,zeta,50.81,1,0,0.0,0.0
1701451,computers.peripherals.monitor,iiyama,199.43,1,0,0.0,0.0
1005043,electronics.smartphone,oneplus,653.81,1,0,0.0,0.0
1480385,computers.desktop,apple,1029.45,1,0,0.0,0.0
28400902,accessories.bag,moliabal,58.26,1,0,0.0,0.0
28719204,apparel.shoes,alpina,220.08,1,0,0.0,0.0
19100122,construction.tools.saw,makita,237.88,1,0,0.0,0.0
18300132,accessories.bag,crown,24.16,1,0,0.0,0.0
28720731,apparel.shoes,rieker,103.99,1,0,0.0,0.0
43300044,apparel.tshirt,jordan,37.32,1,0,0.0,0.0
28401063,accessories.bag,karya,100.39,1,0,0.0,0.0
28400275,accessories.bag,karya,90.09,1,0,0.0,0.0
2702606,appliances.kitchen.refrigerators,electrolux,720.71,1,0,0.0,0.0
1307231,computers.notebook,lenovo,1294.73,1,0,0.0,0.0
9200630,computers.peripherals.keyboard,thermaltake,125.35,1,0,0.0,0.0
1306285,computers.notebook,hp,1029.6,1,0,0.0,0.0
28300262,accessories.wallet,karya,29.6,1,0,0.0,0.0
4802250,electronics.audio.headphone,jbl,76.96,1,0,0.0,0.0
28720711,apparel.shoes,respect,104.25,1,0,0.0,0.0
28720685,apparel.shoes,legre,82.63,1,0,0.0,0.0
2701952,appliances.kitchen.refrigerators,bosch,673.02,1,0,0.0,0.0
6701176,computers.components.videocards,asus,397.9,1,0,0.0,0.0
28713300,apparel.shoes,rieker,53.8,1,0,0.0,0.0
28717314,apparel.shoes,baden,42.99,1,0,0.0,0.0
4500193,appliances.kitchen.hob,hansa,334.55,1,0,0.0,0.0
28714395,apparel.shoes.keds,nike,94.98,1,0,0.0,0.0
5801334,electronics.audio.subwoofer,mystery,36.04,1,0,0.0,0.0
30901015,computers.components.cooler,deepcool,10.27,1,0,0.0,0.0
5800569,electronics.audio.subwoofer,alpine,200.77,1,0,0.0,0.0
6100238,auto.accessories.radar,stinger,113.0,1,0,0.0,0.0
10900317,appliances.kitchen.mixer,polaris,24.43,1,0,0.0,0.0
30000112,construction.tools.welding,solaris,17.25,1,0,0.0,0.0
28718620,apparel.shoes.keds,rieker,92.41,1,0,0.0,0.0
28401184,accessories.bag,karya,126.13,1,0,0.0,0.0
28300444,accessories.wallet,karya,43.76,1,0,0.0,0.0
28400279,accessories.bag,karya,77.22,1,0,0.0,0.0
28718927,apparel.shoes.keds,nexpero,113.0,1,0,0.0,0.0
21403542,electronics.clocks,orient,204.64,1,0,0.0,0.0
28718229,apparel.shoes.keds,tamaris,66.41,1,0,0.0,0.0
2900333,appliances.kitchen.microwave,kuppersberg,1445.34,1,0,0.0,0.0
17200936,furniture.living_room.sofa,rals,1029.41,1,0,0.0,0.0
6701243,computers.components.videocards,gigabyte,499.34,1,0,0.0,0.0
2702641,appliances.kitchen.refrigerators,haier,849.42,1,0,0.0,0.0
6800900,computers.components.hdd,samsung,77.2,1,0,0.0,0.0
12600085,appliances.kitchen.grill,redmond,72.05,1,0,0.0,0.0
18300944,accessories.bag,canyon,51.45,1,0,0.0,0.0
28721420,apparel.shoes,etor,126.13,1,0,0.0,0.0
3100545,appliances.kitchen.blender,moulinex,133.83,1,0,0.0,0.0
28718626,apparel.shoes,rieker,103.99,1,0,0.0,0.0
5000455,appliances.sewing_machine,janome,276.71,1,0,0.0,0.0
3701213,appliances.environment.vacuum,saturn,34.75,1,0,0.0,0.0
21408554,electronics.clocks,armani,258.95,1,0,0.0,0.0
21000021,accessories.bag,thule,102.94,1,0,0.0,0.0
21410726,electronics.clocks,tissot,216.22,1,0,0.0,0.0
1306025,computers.notebook,asus,292.93,1,0,0.0,0.0
3801011,appliances.iron,panasonic,76.96,1,0,0.0,0.0
1306356,computers.notebook,hp,1357.59,1,0,0.0,0.0
3100174,appliances.kitchen.blender,philips,59.18,1,0,0.0,0.0
21401357,electronics.clocks,casio,175.55,1,0,0.0,0.0
6601035,computers.components.memory,kingston,31.15,1,0,0.0,0.0
21406572,electronics.clocks,tissot,1426.03,1,0,0.0,0.0
21401490,electronics.clocks,casio,19.82,1,0,0.0,0.0
1307323,computers.notebook,hp,1034.52,1,0,0.0,0.0
6701141,computers.components.videocards,asus,377.67,1,0,0.0,0.0
21406939,electronics.clocks,tissot,895.78,1,0,0.0,0.0
1307213,computers.notebook,hp,1029.37,1,0,0.0,0.0
6302011,appliances.kitchen.kettle,kitfort,85.56,1,0,0.0,0.0
2702352,appliances.kitchen.refrigerators,lg,939.51,1,0,0.0,0.0
14100303,electronics.audio.acoustic,fender,500.4,1,0,0.0,0.0
2400862,appliances.kitchen.hood,turbo,59.18,1,0,0.0,0.0
9002796,kids.toys,fancy,15.42,1,0,0.0,0.0
2700169,appliances.kitchen.refrigerators,atlant,351.36,1,0,0.0,0.0
16200202,kids.fmcg.diapers,huggies,2.95,1,0,0.0,0.0
19100186,construction.tools.saw,wortex,79.77,1,0,0.0,0.0
30901146,computers.components.cooler,id-cooling,13.39,1,0,0.0,0.0
4201448,appliances.environment.air_conditioner,klima,1441.4,1,0,0.0,0.0
3900880,appliances.environment.water_heater,midea,97.79,1,0,0.0,0.0
51000006,appliances.environment.vacuum,kolner,108.71,1,0,0.0,0.0
30901176,computers.components.cooler,thermaltake,64.09,1,0,0.0,0.0
7001166,kids.carriage,babyzen,630.65,1,0,0.0,0.0
4600591,appliances.kitchen.dishwasher,gorenje,334.09,1,0,0.0,0.0
8902633,kids.toys,grow-with-me,35.78,1,0,0.0,0.0
28719510,apparel.shoes,respect,82.63,1,0,0.0,0.0
7900173,furniture.kitchen.chair,joie,73.1,1,0,0.0,0.0
28719091,apparel.shoes.keds,fassen,44.79,1,0,0.0,0.0
4800677,electronics.audio.headphone,panasonic,5.89,1,0,0.0,0.0
1801949,electronics.video.tv,sony,694.74,1,0,0.0,0.0
4800239,electronics.audio.headphone,sony,90.07,1,0,0.0,0.0
18300120,accessories.bag,rivacase,22.6,1,0,0.0,0.0
1306857,computers.notebook,asus,1029.37,1,0,0.0,0.0
45300083,kids.swing,joie,197.43,1,0,0.0,0.0
7900991,furniture.kitchen.chair,pituso,110.68,1,0,0.0,0.0
28714607,apparel.shoes.keds,adidas,46.7,1,0,0.0,0.0
6000267,auto.accessories.alarm,starline,420.09,1,0,0.0,0.0
8700572,appliances.personal.hair_cutter,wahl,24.4,1,0,0.0,0.0
3100309,appliances.kitchen.blender,kitchenaid,291.9,1,0,0.0,0.0
1480106,computers.desktop,alser,566.04,1,0,0.0,0.0
1307203,computers.notebook,dell,1237.01,1,0,0.0,0.0
6400334,computers.components.cpu,intel,415.71,1,0,0.0,0.0
6800859,computers.components.hdd,transcend,76.96,1,0,0.0,0.0
28705000,apparel.shoes.keds,respect,25.48,1,0,0.0,0.0
6500852,computers.components.motherboard,gigabyte,67.09,1,0,0.0,0.0
6701193,computers.components.videocards,gigabyte,507.86,1,0,0.0,0.0
7004056,kids.carriage,babyzen,435.02,1,0,0.0,0.0
7900868,furniture.kitchen.chair,joie,111.97,1,0,0.0,0.0
28704968,apparel.shoes,rooman,33.21,1,0,0.0,0.0
19200218,construction.tools.saw,eger,115.77,1,0,0.0,0.0
14100545,electronics.audio.acoustic,stagg,108.11,1,0,0.0,0.0
13900187,construction.components.faucet,rossinka,52.43,1,0,0.0,0.0
28714628,apparel.shoes.keds,adidas,64.93,1,0,0.0,0.0
28710107,apparel.shoes.slipons,respect,38.35,1,0,0.0,0.0
28708418,apparel.shoes,rooman,33.21,1,0,0.0,0.0
21400020,electronics.clocks,casio,135.91,1,0,0.0,0.0
4804482,electronics.audio.headphone,ritmix,1.43,1,0,0.0,0.0
6801377,computers.components.hdd,adata,57.7,1,0,0.0,0.0
17900211,construction.tools.generator,p.i.t.,1417.02,1,0,0.0,0.0
7004880,kids.carriage,jetem,216.22,1,0,0.0,0.0
21402917,electronics.clocks,orient,258.18,1,0,0.0,0.0
52900177,accessories.bag,dewalt,468.96,1,0,0.0,0.0
3601052,appliances.kitchen.washer,lg,337.18,1,0,0.0,0.0
9200717,computers.peripherals.keyboard,defender,4.86,1,1,4.86,100.0
2900087,appliances.kitchen.microwave,panasonic,92.64,1,0,0.0,0.0
11600051,computers.desktop,microlab,25.23,1,0,0.0,0.0
3901070,appliances.environment.water_heater,atlantic,506.73,1,0,0.0,0.0
7005895,kids.carriage,bambola,61.78,1,0,0.0,0.0
9101109,computers.peripherals.mouse,ritmix,3.2,1,0,0.0,0.0
9500129,computers.peripherals.camera,huawei,77.2,1,0,0.0,0.0
39800231,apparel.shirt,harley-davidson,89.58,1,0,0.0,0.0
35200235,apparel.underwear,milavitsa,21.9,1,0,0.0,0.0
10900343,appliances.kitchen.mixer,dauscher,12.07,1,0,0.0,0.0
28715360,apparel.shoes,baden,28.83,1,0,0.0,0.0
27700848,construction.tools.pump,hyundai,105.02,1,0,0.0,0.0
4800774,electronics.audio.headphone,samsung,12.12,1,0,0.0,0.0
6801271,computers.components.hdd,kingston,41.58,1,0,0.0,0.0
1701398,computers.peripherals.monitor,acer,301.29,1,0,0.0,0.0
1307468,computers.notebook,msi,1605.64,1,0,0.0,0.0
6700783,computers.components.videocards,msi,308.86,1,0,0.0,0.0
9101020,computers.peripherals.mouse,logitech,90.05,1,0,0.0,0.0
3901194,appliances.environment.water_heater,haier,66.9,1,0,0.0,0.0
28717478,apparel.shoes.keds,escan,69.24,1,0,0.0,0.0
7000656,kids.carriage,mima,1016.76,1,0,0.0,0.0
16800238,furniture.kitchen.table,domini,347.5,1,0,0.0,0.0
6600274,computers.components.memory,crucial,39.11,1,0,0.0,0.0
8801047,electronics.telephone,philips,50.71,1,0,0.0,0.0
35108755,apparel.underwear,milavitsa,18.57,1,0,0.0,0.0
28704472,apparel.shoes,etor,126.13,1,0,0.0,0.0
4800731,electronics.audio.headphone,sony,6.31,1,0,0.0,0.0
29100048,appliances.personal.massager,bradex,48.14,1,0,0.0,0.0
16200027,kids.fmcg.diapers,goo.n,17.71,1,0,0.0,0.0
5000323,appliances.sewing_machine,janome,308.86,1,0,0.0,0.0
17900212,construction.tools.generator,p.i.t.,827.79,1,0,0.0,0.0
21409801,electronics.clocks,certina,761.92,1,0,0.0,0.0
10900300,appliances.kitchen.mixer,philips,41.16,1,0,0.0,0.0
13600052,furniture.bathroom.bath,triton,334.3,1,0,0.0,0.0
28716227,apparel.shoes.moccasins,respect,64.61,1,0,0.0,0.0
27000028,sport.trainer,sportop,1608.79,1,0,0.0,0.0
4804159,electronics.audio.headphone,audio-technica,65.82,1,0,0.0,0.0
21407706,electronics.clocks,casio,62.04,1,0,0.0,0.0
34900062,appliances.kitchen.grill,boyscout,16.34,1,0,0.0,0.0
19300033,appliances.ironing_board,bosch,200.75,1,0,0.0,0.0
9200265,computers.peripherals.keyboard,crown,6.28,1,0,0.0,0.0
6700444,computers.components.videocards,asus,179.92,1,0,0.0,0.0
10201614,kids.dolls,sariel,6.09,1,0,0.0,0.0
28713851,apparel.shoes.step_ins,greyder,43.76,1,0,0.0,0.0
5800806,electronics.audio.subwoofer,alpine,71.8,1,0,0.0,0.0
28718921,apparel.shoes,nexpero,79.02,1,0,0.0,0.0
28712393,apparel.shoes,respect,107.85,1,0,0.0,0.0
6701112,computers.components.videocards,asus,178.87,1,0,0.0,0.0
2701537,appliances.kitchen.refrigerators,almacom,111.2,1,0,0.0,0.0
21800181,computers.peripherals.mouse,steelseries,40.67,1,0,0.0,0.0
19100225,construction.tools.saw,metabo,414.72,1,0,0.0,0.0
8800612,electronics.telephone,irbis,11.03,1,0,0.0,0.0
2402574,appliances.kitchen.hood,korting,107.85,1,0,0.0,0.0
28715782,apparel.shoes,nexpero,107.85,1,0,0.0,0.0
28715971,apparel.shoes.keds,adidas,110.68,1,0,0.0,0.0
7004644,kids.carriage,cybex,466.65,1,0,0.0,0.0
3100846,appliances.kitchen.blender,moulinex,386.08,1,0,0.0,0.0
1480742,computers.desktop,pulser,1232.95,1,0,0.0,0.0
10201532,kids.dolls,llorens,57.44,1,0,0.0,0.0
18900170,electronics.camera.photo,canon,1052.37,1,0,0.0,0.0
10201136,kids.dolls,barbie,6.67,1,0,0.0,0.0
30000174,construction.tools.welding,elitech,145.78,1,0,0.0,0.0
32200051,kids.swing,kampfer,15.68,1,0,0.0,0.0
1500472,computers.peripherals.printer,hp,895.64,1,0,0.0,0.0
28713931,apparel.shoes.keds,nike,61.57,1,0,0.0,0.0
4804530,electronics.audio.headphone,msi,79.54,1,0,0.0,0.0
35200040,apparel.underwear,milavitsa,9.52,1,0,0.0,0.0
11100167,appliances.personal.scales,redmond,19.54,1,0,0.0,0.0
28719499,apparel.shoes,respect,82.63,1,0,0.0,0.0
6600381,computers.components.memory,crucial,51.59,1,0,0.0,0.0
1701045,computers.peripherals.monitor,hp,300.97,1,0,0.0,0.0
28719604,apparel.shoes,baden,62.81,1,1,62.81,100.0
28716976,apparel.shoes,respect,82.63,1,0,0.0,0.0
28715569,apparel.shoes.keds,adidas,81.86,1,0,0.0,0.0
21409421,electronics.clocks,casio,27.8,1,0,0.0,0.0
9200337,computers.peripherals.keyboard,crown,4.5,1,0,0.0,0.0
35108744,apparel.underwear,milavitsa,12.85,1,0,0.0,0.0
1201414,electronics.tablet,nexttab,71.22,1,0,0.0,0.0
4400069,appliances.kitchen.coffee_machine,delonghi,1158.31,1,0,0.0,0.0
12301081,construction.tools.drill,bosch,309.61,1,0,0.0,0.0
3601563,appliances.kitchen.washer,rebus,168.96,1,0,0.0,0.0
7006216,kids.carriage,cam,374.27,1,0,0.0,0.0
8800431,electronics.telephone,jinga,17.99,1,0,0.0,0.0
5801219,electronics.audio.subwoofer,kicx,132.56,1,0,0.0,0.0
2702336,appliances.kitchen.refrigerators,lg,1663.95,1,0,0.0,0.0
2402882,appliances.kitchen.hood,dauscher,92.67,1,0,0.0,0.0
6600519,computers.components.memory,kingston,207.73,1,0,0.0,0.0
21406913,electronics.clocks,tissot,947.26,1,0,0.0,0.0
28300757,accessories.wallet,picard,63.06,1,0,0.0,0.0
27701042,construction.tools.pump,greenpro,70.24,1,0,0.0,0.0
4501542,appliances.kitchen.hob,midea,193.03,1,0,0.0,0.0
3100900,appliances.kitchen.blender,scarlett,59.18,1,0,0.0,0.0
11100328,appliances.personal.scales,galaxy,11.33,1,0,0.0,0.0
28705168,apparel.shoes.sandals,respect,37.07,1,0,0.0,0.0
28706662,apparel.shoes.espadrilles,rieker,22.65,1,0,0.0,0.0
11200197,appliances.personal.scales,bene,12.41,1,0,0.0,0.0
5000700,appliances.sewing_machine,janome,154.16,1,0,0.0,0.0
7005331,kids.carriage,rant,110.66,1,0,0.0,0.0
28718813,apparel.shoes,respect,89.84,1,0,0.0,0.0
5801374,electronics.audio.subwoofer,edge,51.48,1,0,0.0,0.0
3900842,appliances.environment.water_heater,haier,83.36,1,0,0.0,0.0
5100424,electronics.clocks,garmin,707.6,1,0,0.0,0.0
28718088,apparel.shoes.keds,respect,28.06,1,0,0.0,0.0
6801120,computers.components.hdd,hyperx,92.64,1,0,0.0,0.0
1480630,computers.desktop,hp,729.83,1,1,729.83,100.0
19100295,construction.tools.saw,dewalt,435.13,1,0,0.0,0.0
2401804,appliances.kitchen.hood,akpo,161.26,1,0,0.0,0.0
9700236,computers.components.power_supply,gamemax,30.76,1,0,0.0,0.0
10400703,kids.toys,mz,77.2,1,0,0.0,0.0
19100237,construction.tools.saw,makita,288.99,1,0,0.0,0.0
23700263,furniture.bedroom.blanket,belashoff,66.93,1,0,0.0,0.0
21000013,accessories.bag,thule,254.81,1,0,0.0,0.0
4700724,auto.accessories.videoregister,xiaomi,103.11,1,0,0.0,0.0
4501898,appliances.kitchen.hob,bosch,255.12,1,0,0.0,0.0
35200041,apparel.underwear,milavitsa,9.57,1,0,0.0,0.0
1801823,electronics.video.tv,xiaomi,592.04,1,0,0.0,0.0
1701292,computers.peripherals.monitor,aoc,365.41,1,0,0.0,0.0
6301191,appliances.kitchen.kettle,aston,10.79,1,0,0.0,0.0
2501794,appliances.kitchen.oven,gorenje,386.06,1,0,0.0,0.0
28720980,apparel.shoes,cover,137.97,1,0,0.0,0.0
28708082,apparel.shoes,respect,23.17,1,0,0.0,0.0
21409361,electronics.clocks,casio,29.6,1,0,0.0,0.0
28714626,apparel.shoes.keds,adidas,82.37,1,0,0.0,0.0
1701201,computers.peripherals.monitor,asus,356.72,1,0,0.0,0.0
30600090,appliances.environment.vacuum,dewalt,94.28,1,0,0.0,0.0
1480166,computers.desktop,acer,295.99,1,0,0.0,0.0
8700320,appliances.personal.hair_cutter,philips,48.88,1,0,0.0,0.0
28719048,apparel.shoes,baden,66.41,1,0,0.0,0.0
12900017,stationery.cartrige,canon,64.33,1,0,0.0,0.0
3601261,appliances.kitchen.washer,bosch,476.13,1,0,0.0,0.0
1802013,electronics.video.tv,lg,1930.24,1,0,0.0,0.0
3800290,appliances.iron,braun,87.49,1,0,0.0,0.0
4502654,appliances.kitchen.hob,haier,144.12,1,0,0.0,0.0
1701438,computers.peripherals.monitor,lg,102.27,1,0,0.0,0.0
13901004,construction.components.faucet,rubineta,60.74,1,0,0.0,0.0
18800047,auto.accessories.parktronic,parkmaster,82.37,1,0,0.0,0.0
30600075,appliances.environment.vacuum,stihl,90.09,1,0,0.0,0.0
18200071,electronics.audio.acoustic,sven,193.03,1,0,0.0,0.0
3801291,appliances.iron,philips,77.48,1,0,0.0,0.0
28719205,apparel.shoes,alpina,220.08,1,0,0.0,0.0
6800349,computers.components.hdd,toshiba,39.86,1,0,0.0,0.0
8600163,appliances.environment.fan,polaris,51.46,1,0,0.0,0.0
18300669,accessories.bag,lenovo,52.92,1,0,0.0,0.0
1305984,computers.notebook,hp,757.05,1,0,0.0,0.0
1700888,computers.peripherals.monitor,asus,271.66,1,0,0.0,0.0
4201354,appliances.environment.air_conditioner,artel,306.31,1,0,0.0,0.0
1700830,computers.peripherals.monitor,aoc,194.63,1,0,0.0,0.0
3100831,appliances.kitchen.blender,braun,77.2,1,0,0.0,0.0
11200462,appliances.personal.scales,acme,50.19,1,0,0.0,0.0
28721007,apparel.shoes,cavaletto,217.51,1,0,0.0,0.0
1307260,computers.notebook,hp,566.04,1,0,0.0,0.0
1801550,electronics.video.tv,lg,1235.27,1,0,0.0,0.0
3601348,appliances.kitchen.washer,hansa,360.34,1,0,0.0,0.0
2401919,appliances.kitchen.hood,elikor,52.86,1,0,0.0,0.0
48200412,apparel.dress,persona,450.46,1,0,0.0,0.0
3801393,appliances.iron,polaris,40.9,1,0,0.0,0.0
4400538,appliances.kitchen.coffee_machine,melitta,1269.02,1,0,0.0,0.0
4502663,appliances.kitchen.hob,haier,154.42,1,0,0.0,0.0
28719500,apparel.shoes,respect,118.15,1,0,0.0,0.0
21408202,electronics.clocks,citizen,282.12,1,0,0.0,0.0
4803811,electronics.audio.headphone,meizu,25.71,1,0,0.0,0.0
3601398,appliances.kitchen.washer,gorenje,370.64,1,0,0.0,0.0
25100092,construction.tools.light,eco,10.27,1,0,0.0,0.0
6500856,computers.components.motherboard,asrock,60.53,1,0,0.0,0.0
21409893,electronics.clocks,armani,210.82,1,0,0.0,0.0
1480701,computers.desktop,acer,1158.31,1,0,0.0,0.0
16200287,kids.fmcg.diapers,huggies,4.02,1,0,0.0,0.0
6900078,furniture.living_room.chair,nania,68.21,1,0,0.0,0.0
3701534,appliances.environment.vacuum,xiaomi,386.08,1,0,0.0,0.0
12202027,sport.bicycle,trek,348.79,1,0,0.0,0.0
5801552,electronics.audio.subwoofer,alphard,137.58,1,0,0.0,0.0
7004947,kids.carriage,adamex,576.58,1,0,0.0,0.0
8700527,appliances.personal.hair_cutter,kiepe,49.27,1,0,0.0,0.0
14701314,furniture.living_room.cabinet,brw,106.82,1,0,0.0,0.0
2502207,appliances.kitchen.oven,gorenje,380.93,1,0,0.0,0.0
46300025,apparel.dress,aivengo,34.22,1,0,0.0,0.0
46500009,apparel.trousers,aivengo,27.91,1,0,0.0,0.0
7005600,kids.carriage,nuna,815.72,1,0,0.0,0.0
13200276,furniture.bedroom.bed,brw,134.11,1,0,0.0,0.0
4700709,auto.accessories.videoregister,axper,82.09,1,0,0.0,0.0
19100015,construction.tools.saw,p.i.t.,152.64,1,0,0.0,0.0
1307414,computers.notebook,dell,489.05,1,0,0.0,0.0
2402806,appliances.kitchen.hood,dauscher,90.07,1,0,0.0,0.0
28705191,apparel.shoes.slipons,skechers,36.04,1,0,0.0,0.0
28714417,apparel.shoes,etor,100.39,1,0,0.0,0.0
12201603,sport.bicycle,giant,452.78,1,0,0.0,0.0
9002702,kids.toys,gulliver,13.13,1,0,0.0,0.0
21406553,electronics.clocks,armani,259.47,1,0,0.0,0.0
9700003,computers.components.power_supply,aerocool,155.84,1,0,0.0,0.0
13900733,construction.components.faucet,lemark,35.89,1,0,0.0,0.0
11600158,computers.desktop,microlab,16.96,1,0,0.0,0.0
28717442,apparel.shoes,respect,37.07,1,0,0.0,0.0
6300308,appliances.kitchen.kettle,saturn,40.21,1,0,0.0,0.0
7005066,kids.carriage,seed,768.87,1,0,0.0,0.0
12400266,construction.tools.drill,makita,945.66,1,0,0.0,0.0
21409716,electronics.clocks,zeppelin,435.02,1,0,0.0,0.0
28715766,apparel.shoes,nexpero,51.22,1,0,0.0,0.0
12300982,construction.tools.drill,bosch,280.57,1,0,0.0,0.0
1004293,electronics.smartphone,bq,93.93,1,0,0.0,0.0
28715852,apparel.shoes,respect,128.45,1,0,0.0,0.0
53900034,construction.tools.saw,crown,83.32,1,0,0.0,0.0
8901172,kids.toys,chicco,41.17,1,0,0.0,0.0
28714830,apparel.shoes.keds,escan,51.22,1,0,0.0,0.0
16200441,kids.fmcg.diapers,huggies,9.03,1,0,0.0,0.0
3701498,appliances.environment.vacuum,polaris,106.72,1,0,0.0,0.0
28715763,apparel.shoes.keds,nexpero,51.22,1,0,0.0,0.0
28720636,apparel.shoes,native,144.12,1,0,0.0,0.0
5701072,auto.accessories.player,pioneer,177.35,1,0,0.0,0.0
13200324,furniture.bedroom.bed,domini,320.47,1,0,0.0,0.0
44400191,apparel.jeans,noppies,54.06,1,0,0.0,0.0
6300758,appliances.kitchen.kettle,polaris,61.75,1,0,0.0,0.0
6500951,computers.components.motherboard,gigabyte,162.94,1,0,0.0,0.0
8700249,appliances.personal.hair_cutter,galaxy,13.61,1,0,0.0,0.0
8801057,electronics.telephone,bq,15.42,1,0,0.0,0.0
39800127,apparel.shirt,dion,29.6,1,0,0.0,0.0
28719195,apparel.shoes,salamander,146.46,1,0,0.0,0.0
28716491,apparel.shoes,respect,128.45,1,0,0.0,0.0
21406161,electronics.clocks,momentum,150.84,1,0,0.0,0.0
13200190,furniture.bedroom.bed,brw,207.47,1,0,0.0,0.0
12301246,construction.tools.drill,hitachi,136.84,1,0,0.0,0.0
5000780,appliances.sewing_machine,janome,162.14,1,0,0.0,0.0
7900151,furniture.kitchen.chair,selby,36.01,1,0,0.0,0.0
21401557,electronics.clocks,casio,49.16,1,0,0.0,0.0
17800002,computers.desktop,dxracer,231.41,1,0,0.0,0.0
4802897,electronics.audio.headphone,xiaomi,39.9,1,0,0.0,0.0
12300649,construction.tools.drill,makita,487.51,1,0,0.0,0.0
14300001,electronics.audio.music_tools.piano,casio,155.71,1,0,0.0,0.0
1306412,computers.notebook,lenovo,669.18,1,0,0.0,0.0
12300082,construction.tools.drill,dewalt,71.34,1,0,0.0,0.0
5000703,appliances.sewing_machine,chayka,97.5,1,0,0.0,0.0
21404879,electronics.clocks,orient,227.03,1,0,0.0,0.0
6500842,computers.components.motherboard,gigabyte,62.99,1,0,0.0,0.0
6701189,computers.components.videocards,palit,507.84,1,0,0.0,0.0
1004823,electronics.smartphone,bq,43.5,1,0,0.0,0.0
4501880,appliances.kitchen.hob,hotpoint-ariston,306.26,1,0,0.0,0.0
10201025,kids.dolls,barbie,32.66,1,0,0.0,0.0
1306756,computers.notebook,asus,1223.74,1,0,0.0,0.0
6000246,auto.accessories.alarm,tec,286.2,1,0,0.0,0.0
28719493,apparel.shoes.keds,baden,51.22,1,0,0.0,0.0
7006350,kids.carriage,rant,128.68,1,0,0.0,0.0
28711655,apparel.shoes.sandals,burgerschuhe,60.49,1,0,0.0,0.0
16200446,kids.fmcg.diapers,huggies,4.75,1,0,0.0,0.0
27600192,country_yard.lawn_mower,al-ko,255.14,1,0,0.0,0.0
21408898,electronics.clocks,boccia,110.68,1,0,0.0,0.0
4501864,appliances.kitchen.hob,luxell,98.83,1,0,0.0,0.0
3000082,appliances.kitchen.steam_cooker,smeg,1802.56,1,0,0.0,0.0
21402837,electronics.clocks,orient,116.09,1,0,0.0,0.0
2501452,appliances.kitchen.oven,asel,56.6,1,0,0.0,0.0
28715294,apparel.shoes,rheinberger,34.49,1,0,0.0,0.0
4700394,auto.accessories.videoregister,neoline,229.81,1,0,0.0,0.0
30901096,computers.components.cooler,aerocool,7.5,1,0,0.0,0.0
13900093,construction.components.faucet,decoroom,39.82,1,0,0.0,0.0
6800598,computers.components.hdd,seagate,84.6,1,0,0.0,0.0
28720354,apparel.shoes.keds,nike,145.41,1,0,0.0,0.0
21401027,electronics.clocks,seiko,373.75,1,0,0.0,0.0
4803164,electronics.audio.headphone,sony,141.55,1,0,0.0,0.0
7901044,furniture.kitchen.chair,barty,43.73,1,0,0.0,0.0
21403739,electronics.clocks,casio,65.64,1,0,0.0,0.0
1500077,computers.peripherals.printer,epson,354.96,1,0,0.0,0.0
12202598,sport.bicycle,forward,120.21,1,0,0.0,0.0
12900407,stationery.cartrige,canon,90.07,1,0,0.0,0.0
18900182,electronics.camera.photo,sony,727.19,1,0,0.0,0.0
6300972,appliances.kitchen.kettle,bosch,48.32,1,0,0.0,0.0
3100072,appliances.kitchen.blender,philips,66.9,1,0,0.0,0.0
52900180,accessories.bag,stanley,75.06,1,0,0.0,0.0
28717873,apparel.shoes,cover,121.5,1,0,0.0,0.0
4502263,appliances.kitchen.hob,darina,97.79,1,0,0.0,0.0
17900081,construction.tools.generator,ryobi,617.58,1,0,0.0,0.0
2501703,appliances.kitchen.oven,artel,71.87,1,0,0.0,0.0
7900801,furniture.kitchen.chair,pituso,128.68,1,0,0.0,0.0
2702348,appliances.kitchen.refrigerators,lg,823.67,1,0,0.0,0.0
1600436,computers.peripherals.printer,ricoh,85.69,1,0,0.0,0.0
48200273,apparel.dress,mltl,30.86,1,0,0.0,0.0
4803462,electronics.audio.headphone,bose,247.08,1,0,0.0,0.0
30000123,construction.tools.welding,redbo,1698.76,1,0,0.0,0.0
28718024,apparel.shoes.keds,respect,59.2,1,0,0.0,0.0
4803691,electronics.audio.headphone,audio-technica,25.86,1,0,0.0,0.0
6501049,computers.components.motherboard,asus,138.82,1,0,0.0,0.0
4700382,auto.accessories.videoregister,neoline,154.42,1,0,0.0,0.0
28719605,apparel.shoes,baden,51.22,1,0,0.0,0.0
28720388,apparel.shoes,cover,153.67,1,0,0.0,0.0
28717927,apparel.shoes,rieker,78.51,1,0,0.0,0.0
2402365,appliances.kitchen.hood,elikor,122.72,1,0,0.0,0.0
22900007,furniture.bedroom.pillow,vegas,82.63,1,0,0.0,0.0
19100399,construction.tools.saw,dewalt,1151.75,1,0,0.0,0.0
35107554,apparel.underwear,milavitsa,28.2,1,0,0.0,0.0
21410899,electronics.clocks,swatch,121.75,1,0,0.0,0.0
12201138,sport.bicycle,giant,926.41,1,0,0.0,0.0
12301308,construction.tools.drill,bosch,127.51,1,0,0.0,0.0
1004452,electronics.smartphone,nokia,374.12,1,0,0.0,0.0
7005418,kids.carriage,indigo,77.2,1,0,0.0,0.0
21401610,electronics.clocks,casio,417.0,1,0,0.0,0.0
4600519,appliances.kitchen.dishwasher,bosch,457.98,1,0,0.0,0.0
21400760,electronics.clocks,casio,132.05,1,0,0.0,0.0
1307123,computers.notebook,dell,1524.11,1,0,0.0,0.0
28720310,apparel.shoes.keds,reebok,118.15,1,0,0.0,0.0
6700961,computers.components.videocards,asus,483.67,1,0,0.0,0.0
25100340,construction.tools.light,xiaomi,90.07,1,0,0.0,0.0
9101527,computers.peripherals.mouse,lenovo,69.9,1,0,0.0,0.0
3701530,appliances.environment.vacuum,hoover,118.38,1,0,0.0,0.0
28717283,apparel.shoes,baden,61.01,1,0,0.0,0.0
3801287,appliances.iron,braun,67.93,1,0,0.0,0.0
6300423,appliances.kitchen.kettle,polaris,17.48,1,0,0.0,0.0
28718115,apparel.shoes,respect,102.71,1,0,0.0,0.0
9100333,computers.peripherals.mouse,genius,7.7,1,0,0.0,0.0
18900151,electronics.camera.photo,nikon,427.05,1,0,0.0,0.0
18900356,electronics.camera.photo,nikon,1318.9,1,0,0.0,0.0
3900846,appliances.environment.water_heater,garanterm,92.64,1,0,0.0,0.0
5800183,electronics.audio.subwoofer,kenwood,41.19,1,0,0.0,0.0
12400350,construction.tools.drill,crown,84.94,1,0,0.0,0.0
18200080,electronics.audio.acoustic,sony,694.97,1,0,0.0,0.0
21407677,electronics.clocks,casio,39.64,1,0,0.0,0.0
3100599,appliances.kitchen.blender,tristar,31.3,1,0,0.0,0.0
21403938,electronics.clocks,calypso,58.69,1,0,0.0,0.0
21407966,electronics.clocks,casio,129.73,1,0,0.0,0.0
28710795,apparel.shoes.slipons,tamaris,13.9,1,0,0.0,0.0
12400195,construction.tools.drill,ivt,66.0,1,0,0.0,0.0
6300328,appliances.kitchen.kettle,tefal,38.87,1,0,0.0,0.0
1002662,electronics.smartphone,xiaomi,203.09,1,0,0.0,0.0
11300000,electronics.telephone,texet,17.02,1,0,0.0,0.0
2401941,appliances.kitchen.hood,elikor,97.66,1,0,0.0,0.0
6801136,computers.components.hdd,micron,146.46,1,0,0.0,0.0
6302009,appliances.kitchen.kettle,kitfort,51.35,1,0,0.0,0.0
28719250,apparel.shoes,rieker,96.53,1,0,0.0,0.0
28707806,apparel.shoes,respect,33.98,1,0,0.0,0.0
4502743,appliances.kitchen.hob,dauscher,100.36,1,0,0.0,0.0
1701190,computers.peripherals.monitor,hp,282.89,1,0,0.0,0.0
50600019,auto.accessories.compressor,denzel,116.26,1,0,0.0,0.0
1004481,electronics.smartphone,google,874.93,1,0,0.0,0.0
28718042,apparel.shoes.keds,millionaire,79.02,1,0,0.0,0.0
50600059,auto.accessories.compressor,schneider,219.17,1,0,0.0,0.0
5800362,electronics.audio.subwoofer,kicx,49.16,1,0,0.0,0.0
12100425,kids.skates,longway,177.61,1,0,0.0,0.0
21400847,electronics.clocks,casio,460.24,1,0,0.0,0.0
6301763,appliances.kitchen.kettle,maunfeld,42.45,1,0,0.0,0.0
6701173,computers.components.videocards,sinotex,39.11,1,0,0.0,0.0
8801034,electronics.telephone,irbis,13.34,1,0,0.0,0.0
9101037,computers.peripherals.mouse,defender,4.35,1,0,0.0,0.0
28712060,apparel.shoes,legre,118.15,1,0,0.0,0.0
18300700,accessories.bag,trust,56.37,1,0,0.0,0.0
3701497,appliances.environment.vacuum,samsung,334.6,1,0,0.0,0.0
9200258,computers.peripherals.keyboard,crown,4.45,1,0,0.0,0.0
35103771,apparel.underwear,milavitsa,28.2,1,0,0.0,0.0
19100177,construction.tools.saw,makita,628.18,1,0,0.0,0.0
12400259,construction.tools.drill,makita,482.62,1,0,0.0,0.0
21406710,electronics.clocks,tissot,643.52,1,0,0.0,0.0
21403534,electronics.clocks,casio,51.74,1,0,0.0,0.0
28717148,apparel.shoes,escan,51.22,1,0,0.0,0.0
12201463,sport.bicycle,dk,514.56,1,0,0.0,0.0
22900156,furniture.bedroom.pillow,askona,168.44,1,0,0.0,0.0
7900405,furniture.kitchen.chair,selby,36.01,1,0,0.0,0.0
1307460,computers.notebook,hp,923.81,1,0,0.0,0.0
28716668,apparel.shoes,respect,97.56,1,0,0.0,0.0
25800006,medicine.tools.tonometer,omron,69.99,1,0,0.0,0.0
5000625,appliances.sewing_machine,janome,1119.46,1,0,0.0,0.0
28719147,apparel.shoes,ag,93.95,1,0,0.0,0.0
19200092,construction.tools.saw,makita,356.77,1,0,0.0,0.0
4800668,electronics.audio.headphone,sony,16.8,1,0,0.0,0.0
40900062,construction.tools.painting,schneider,253.73,1,0,0.0,0.0
2402050,appliances.kitchen.hood,akpo,116.05,1,0,0.0,0.0
28720614,apparel.shoes.keds,nike,126.1,1,0,0.0,0.0
6501067,computers.components.motherboard,msi,94.64,1,0,0.0,0.0
28720399,apparel.shoes,burgerschuhe,105.28,1,0,0.0,0.0
3100268,appliances.kitchen.blender,maxwell,25.71,1,0,0.0,0.0
28718458,apparel.shoes,strobbs,51.22,1,0,0.0,0.0
35200029,apparel.underwear,milavitsa,9.52,1,0,0.0,0.0
9100459,computers.peripherals.mouse,logitech,11.17,1,0,0.0,0.0
50600023,auto.accessories.compressor,denzel,362.83,1,0,0.0,0.0
12100365,kids.skates,kugoo,262.04,1,0,0.0,0.0
4900234,appliances.kitchen.juicer,maxwell,15.42,1,0,0.0,0.0
5000661,appliances.sewing_machine,brother,296.02,1,0,0.0,0.0
28719612,apparel.shoes,baden,89.84,1,0,0.0,0.0
5000734,appliances.sewing_machine,brother,350.07,1,0,0.0,0.0
21403655,electronics.clocks,citizen,616.23,1,0,0.0,0.0
22900151,furniture.bedroom.pillow,askona,64.05,1,0,0.0,0.0
47200195,furniture.living_room.cabinet,alterna,58.06,1,0,0.0,0.0
22900195,furniture.bedroom.pillow,askona,98.2,1,0,0.0,0.0
14700996,furniture.living_room.cabinet,brw,268.99,1,0,0.0,0.0
28716424,apparel.shoes,respect,123.3,1,0,0.0,0.0
30000167,construction.tools.welding,magnetta,1226.94,1,0,0.0,0.0
2900596,appliances.kitchen.microwave,bosch,914.09,1,0,0.0,0.0
1801554,electronics.video.tv,lg,694.97,1,0,0.0,0.0
25900016,computers.components.cooler,almacom,83.12,1,0,0.0,0.0
5800933,electronics.audio.subwoofer,hertz,51.48,1,0,0.0,0.0
2402426,appliances.kitchen.hood,mbs,66.9,1,0,0.0,0.0
21408230,electronics.clocks,tissot,669.26,1,0,0.0,0.0
18500059,electronics.tablet,huion,661.51,1,0,0.0,0.0
1305098,computers.notebook,hp,1427.96,1,0,0.0,0.0
27600394,country_yard.lawn_mower,hyundai,205.93,1,0,0.0,0.0
1500478,computers.peripherals.printer,hp,2164.78,1,0,0.0,0.0
13200484,furniture.bedroom.bed,brw,134.11,1,0,0.0,0.0
13200322,furniture.bedroom.bed,domini,209.79,1,0,0.0,0.0
4801134,electronics.audio.headphone,sony,11.97,1,0,0.0,0.0
13200400,furniture.bedroom.bed,brw,100.9,1,0,0.0,0.0
28719498,apparel.shoes,respect,118.15,1,0,0.0,0.0
28400976,accessories.bag,shoiberg,64.09,1,0,0.0,0.0
12301353,construction.tools.drill,crown,38.1,1,0,0.0,0.0
21402673,electronics.clocks,casio,46.59,1,0,0.0,0.0
12300981,construction.tools.drill,bosch,259.9,1,0,0.0,0.0
21400080,electronics.clocks,boccia,162.17,1,0,0.0,0.0
3800051,appliances.iron,braun,74.62,1,0,0.0,0.0
7004618,kids.carriage,bertoni,55.1,1,0,0.0,0.0
1801705,electronics.video.tv,sony,509.41,1,0,0.0,0.0
5801430,electronics.audio.subwoofer,gladen,113.26,1,0,0.0,0.0
7005628,kids.carriage,alis,102.94,1,0,0.0,0.0
28720387,apparel.shoes,cover,153.67,1,0,0.0,0.0
3701354,appliances.environment.vacuum,dyson,404.1,1,0,0.0,0.0
4700729,auto.accessories.videoregister,ritmix,33.33,1,0,0.0,0.0
2501196,appliances.kitchen.oven,midea,250.95,1,0,0.0,0.0
6600258,computers.components.memory,crucial,48.78,1,0,0.0,0.0
30500015,country_yard.cultivator,viking,711.99,1,0,0.0,0.0
11200266,appliances.personal.scales,xiaomi,25.74,1,0,0.0,0.0
35102453,apparel.underwear,milavitsa,35.25,1,0,0.0,0.0
4900270,appliances.kitchen.juicer,kenwood,270.25,1,0,0.0,0.0
2700389,appliances.kitchen.refrigerators,atlant,401.29,1,0,0.0,0.0
8800933,electronics.telephone,inoi,14.11,1,0,0.0,0.0
13200716,furniture.bedroom.bed,redford,236.3,1,0,0.0,0.0
2800103,appliances.kitchen.refrigerators,midea,288.3,1,0,0.0,0.0
30901088,computers.components.cooler,aerocool,102.92,1,0,0.0,0.0
19200224,construction.tools.saw,carver,114.8,1,0,0.0,0.0
28712248,apparel.shoes,baden,86.49,1,0,0.0,0.0
5000051,appliances.sewing_machine,toyota,161.52,1,0,0.0,0.0
4803985,electronics.audio.headphone,huawei,17.68,1,0,0.0,0.0
12301074,construction.tools.drill,makita,123.56,1,0,0.0,0.0
17800216,computers.desktop,zeta,48.37,1,0,0.0,0.0
1700018,computers.peripherals.monitor,acer,70.48,1,0,0.0,0.0
28715667,apparel.shoes,greyder,104.25,1,0,0.0,0.0
28715452,apparel.shoes.keds,remonte,57.92,1,0,0.0,0.0
2500923,appliances.kitchen.oven,polaris,98.56,1,0,0.0,0.0
6301492,appliances.kitchen.kettle,willmark,15.42,1,0,0.0,0.0
18500030,electronics.tablet,huion,122.27,1,0,0.0,0.0
21800133,computers.peripherals.mouse,x-game,5.45,1,0,0.0,0.0
3601003,appliances.kitchen.washer,beko,257.38,1,0,0.0,0.0
28400277,accessories.bag,karya,72.07,1,0,0.0,0.0
6302034,appliances.kitchen.kettle,kitfort,88.83,1,0,0.0,0.0
7002200,kids.carriage,mima,1016.76,1,0,0.0,0.0
7001168,kids.carriage,babyzen,435.02,1,0,0.0,0.0
21400610,electronics.clocks,casio,146.46,1,0,0.0,0.0
6301376,appliances.kitchen.kettle,bene,20.73,1,0,0.0,0.0
2100079,electronics.video.tv,samsung,231.64,1,0,0.0,0.0
5000492,appliances.sewing_machine,brother,2194.65,1,0,0.0,0.0
9700231,computers.components.power_supply,aerocool,25.1,1,0,0.0,0.0
7005617,kids.carriage,chicco,108.09,1,0,0.0,0.0
13903421,construction.components.faucet,parus,22.91,1,0,0.0,0.0
1802110,electronics.video.tv,blaupunkt,347.47,1,0,0.0,0.0
6500806,computers.components.motherboard,msi,164.91,1,0,0.0,0.0
35103214,apparel.underwear,milavitsa,31.88,1,0,0.0,0.0
28712184,apparel.shoes,respect,90.35,1,0,0.0,0.0
5801501,electronics.audio.subwoofer,hertz,58.38,1,0,0.0,0.0
2300327,electronics.camera.video,canon,1284.1,1,0,0.0,0.0
6601000,computers.components.memory,geil,225.4,1,0,0.0,0.0
5800388,electronics.audio.subwoofer,alpine,89.84,1,0,0.0,0.0
1004778,electronics.smartphone,xiaomi,242.79,1,0,0.0,0.0
6400131,computers.components.cpu,intel,142.02,1,0,0.0,0.0
1401734,computers.desktop,hp,954.53,1,0,0.0,0.0
28705758,apparel.shoes.keds,strobbs,30.63,1,0,0.0,0.0
51000027,appliances.environment.vacuum,bosch,122.52,1,0,0.0,0.0
7006162,kids.carriage,inglesina,494.22,1,0,0.0,0.0
3601367,appliances.kitchen.washer,artel,125.05,1,0,0.0,0.0
5000016,appliances.sewing_machine,jaguar,114.18,1,0,0.0,0.0
4802679,electronics.audio.headphone,xiaomi,53.15,1,0,0.0,0.0
16700057,furniture.kitchen.chair,domini,97.81,1,0,0.0,0.0
28717984,apparel.shoes,salamander,79.54,1,0,0.0,0.0
11600165,computers.desktop,microlab,41.57,1,0,0.0,0.0
30900396,computers.components.cooler,gembird,1.26,1,0,0.0,0.0
2501800,appliances.kitchen.oven,redmond,136.4,1,0,0.0,0.0
12100619,kids.skates,longway,111.97,1,0,0.0,0.0
26900024,sport.trainer,housefit,496.79,1,0,0.0,0.0
1004348,electronics.smartphone,bq,40.13,1,0,0.0,0.0
4501468,appliances.kitchen.hob,hansa,208.91,1,0,0.0,0.0
21402125,electronics.clocks,adriatica,159.33,1,0,0.0,0.0
6500892,computers.components.motherboard,asus,103.71,1,0,0.0,0.0
6000068,auto.accessories.alarm,pandora,637.85,1,0,0.0,0.0
2401536,appliances.kitchen.hood,elikor,93.25,1,0,0.0,0.0
2501146,appliances.kitchen.oven,gefest,282.89,1,0,0.0,0.0
45600197,apparel.shoes,shagovita,71.03,1,0,0.0,0.0
28720877,apparel.shoes,romax,146.72,1,0,0.0,0.0
1201515,electronics.tablet,bq,97.79,1,0,0.0,0.0
28716348,apparel.shoes,respect,113.0,1,0,0.0,0.0
21411002,electronics.clocks,armani,225.49,1,0,0.0,0.0
3700071,appliances.environment.vacuum,samsung,73.19,1,0,0.0,0.0
7005622,kids.carriage,chicco,141.55,1,0,0.0,0.0
28714352,apparel.shoes.keds,nike,111.95,1,0,0.0,0.0
3600757,appliances.kitchen.washer,midea,360.32,1,0,0.0,0.0
8801095,electronics.telephone,bq,25.48,1,0,0.0,0.0
12100463,kids.skates,cityrover,244.28,1,0,0.0,0.0
2403040,appliances.kitchen.hood,indesit,208.47,1,0,0.0,0.0
4802526,electronics.audio.headphone,beats,151.84,1,0,0.0,0.0
1306709,computers.notebook,dell,967.59,1,0,0.0,0.0
4802382,electronics.audio.headphone,panasonic,27.94,1,0,0.0,0.0
10200871,kids.dolls,llorens,59.06,1,0,0.0,0.0
11300058,electronics.telephone,texet,28.03,1,0,0.0,0.0
32900060,accessories.bag,fisherman,63.71,1,0,0.0,0.0
11600329,computers.desktop,defender,8.06,1,0,0.0,0.0
2900379,appliances.kitchen.microwave,midea,105.51,1,0,0.0,0.0
10201724,kids.dolls,fisher-price,47.34,1,0,0.0,0.0
39900026,apparel.trousers,jordan,73.34,1,0,0.0,0.0
1500091,computers.peripherals.printer,canon,235.09,1,0,0.0,0.0
1307283,computers.notebook,hp,1474.68,1,0,0.0,0.0
7002039,kids.carriage,riko,334.6,1,0,0.0,0.0
30900312,computers.components.cooler,gamemax,86.87,1,0,0.0,0.0
7003891,kids.carriage,adamex,522.52,1,0,0.0,0.0
4501998,appliances.kitchen.hob,darina,102.94,1,0,0.0,0.0
11200017,appliances.personal.scales,polaris,20.57,1,0,0.0,0.0
2800160,appliances.kitchen.refrigerators,pozis,388.11,1,0,0.0,0.0
4803192,electronics.audio.headphone,xiaomi,15.42,1,0,0.0,0.0
21407234,electronics.clocks,rado,2368.14,1,0,0.0,0.0
28721026,apparel.shoes,salamander,131.02,1,0,0.0,0.0
28715468,apparel.shoes,rieker,73.36,1,0,0.0,0.0
1600157,computers.peripherals.printer,xerox,200.52,1,0,0.0,0.0
1201506,electronics.tablet,lenovo,84.66,1,0,0.0,0.0
2900833,appliances.kitchen.microwave,willmark,67.93,1,0,0.0,0.0
4600444,appliances.kitchen.dishwasher,smeg,505.65,1,0,0.0,0.0
12202488,sport.bicycle,trinx,146.72,1,0,0.0,0.0
28717913,apparel.shoes,burgerschuhe,102.45,1,0,0.0,0.0
17900277,construction.tools.generator,denzel,236.55,1,0,0.0,0.0
12201770,sport.bicycle,author,437.33,1,0,0.0,0.0
32900056,accessories.bag,fisherman,20.85,1,0,0.0,0.0
45600221,apparel.shoes,shagovita,52.5,1,0,0.0,0.0
28716201,apparel.shoes,respect,51.22,1,0,0.0,0.0
28401069,accessories.bag,respect,66.67,1,0,0.0,0.0
13901963,construction.components.faucet,calorie,23.91,1,0,0.0,0.0
5100500,electronics.clocks,suunto,504.26,1,0,0.0,0.0
9700227,computers.components.power_supply,aerocool,56.86,1,0,0.0,0.0
28712610,apparel.shoes,baden,73.88,1,0,0.0,0.0
32900001,accessories.bag,flambeau,97.79,1,0,0.0,0.0
28711819,apparel.shoes,rieker,62.81,1,0,0.0,0.0
1600527,computers.peripherals.printer,hp,72.05,1,0,0.0,0.0
18300610,accessories.bag,sumdex,17.99,1,0,0.0,0.0
7006141,kids.carriage,cam,203.87,1,0,0.0,0.0
4803750,electronics.audio.headphone,jbl,8.98,1,0,0.0,0.0
5801071,electronics.audio.subwoofer,audison,316.22,1,0,0.0,0.0
1401587,computers.desktop,avalon,637.68,1,0,0.0,0.0
29100041,appliances.personal.massager,polaris,38.56,1,0,0.0,0.0
30000081,construction.tools.welding,redbo,221.37,1,0,0.0,0.0
21409722,electronics.clocks,zeppelin,460.76,1,0,0.0,0.0
2702603,appliances.kitchen.refrigerators,candy,746.45,1,0,0.0,0.0
10900112,appliances.kitchen.mixer,philips,54.03,1,0,0.0,0.0
4800168,electronics.audio.headphone,kingston,72.05,1,0,0.0,0.0
1005146,electronics.smartphone,nokia,154.19,1,0,0.0,0.0
28719244,apparel.shoes,remonte,107.85,1,0,0.0,0.0
5800144,electronics.audio.subwoofer,alphard,75.94,1,0,0.0,0.0
21406081,electronics.clocks,versace,992.82,1,0,0.0,0.0
17900311,construction.tools.generator,firman,1115.97,1,0,0.0,0.0
4900387,appliances.kitchen.juicer,scarlett,51.46,1,0,0.0,0.0
8800936,electronics.telephone,inoi,15.13,1,0,0.0,0.0
21409321,electronics.clocks,casio,32.18,1,0,0.0,0.0
1701366,computers.peripherals.monitor,acer,411.08,1,0,0.0,0.0
28714061,apparel.shoes.keds,nike,66.67,1,0,0.0,0.0
10201176,kids.dolls,llorens,32.14,1,0,0.0,0.0
28400752,accessories.bag,baden,61.52,1,0,0.0,0.0
6500681,computers.components.motherboard,gigabyte,295.99,1,0,0.0,0.0
5100216,electronics.clocks,pebble,154.42,1,0,0.0,0.0
9700237,computers.components.power_supply,cougar,72.54,1,0,0.0,0.0
5000527,appliances.sewing_machine,toyota,447.86,1,0,0.0,0.0
1480260,computers.desktop,lenovo,724.68,1,0,0.0,0.0
8700372,appliances.personal.hair_cutter,saturn,10.9,1,0,0.0,0.0
7005710,kids.carriage,adamex,615.2,1,0,0.0,0.0
2800280,appliances.kitchen.refrigerators,smeg,1529.44,1,0,0.0,0.0
14100144,electronics.audio.acoustic,takamine,1261.04,1,0,0.0,0.0
35101360,apparel.underwear,milavitsa,33.35,1,0,0.0,0.0
21407616,electronics.clocks,certina,772.22,1,0,0.0,0.0
16200429,kids.fmcg.diapers,manuoki,13.62,1,0,0.0,0.0
7006030,kids.carriage,glamvers,153.91,1,0,0.0,0.0
4801418,electronics.audio.headphone,meizu,25.71,1,0,0.0,0.0
28717910,apparel.shoes,burgerschuhe,102.45,1,0,0.0,0.0
39900037,apparel.trousers,jordan,87.49,1,0,0.0,0.0
45600263,apparel.shoes,shagovita,61.76,1,0,0.0,0.0
4900272,appliances.kitchen.juicer,polaris,71.28,1,0,0.0,0.0
4801583,electronics.audio.headphone,kingston,61.48,1,0,0.0,0.0
46900029,accessories.bag,dometic,258.9,1,0,0.0,0.0
4804322,electronics.audio.headphone,plantronics,124.97,1,0,0.0,0.0
9500140,computers.peripherals.camera,logitech,179.53,1,0,0.0,0.0
1701395,computers.peripherals.monitor,acer,297.3,1,0,0.0,0.0
4800964,electronics.audio.headphone,defender,3.84,1,0,0.0,0.0
10400294,kids.toys,rastar,15.44,1,0,0.0,0.0
2100104,electronics.video.tv,samsung,437.57,1,0,0.0,0.0
1801985,electronics.video.tv,lg,822.22,1,0,0.0,0.0
5100341,electronics.clocks,huawei,334.94,1,0,0.0,0.0
21402834,electronics.clocks,casio,52.77,1,0,0.0,0.0
7005377,kids.carriage,stokke,1356.46,1,0,0.0,0.0
56300006,apparel.jumper,persona,203.35,1,0,0.0,0.0
4500152,appliances.kitchen.hob,gorenje,213.62,1,0,0.0,0.0
28719436,apparel.shoes,baden,51.22,1,0,0.0,0.0
45500010,computers.notebook,deepcool,14.65,1,0,0.0,0.0
3601631,appliances.kitchen.washer,indesit,229.07,1,0,0.0,0.0
7006254,kids.carriage,anex,640.94,1,0,0.0,0.0
2800497,appliances.kitchen.refrigerators,almacom,261.07,1,0,0.0,0.0
4800590,electronics.audio.headphone,sennheiser,83.44,1,0,0.0,0.0
35103892,apparel.underwear,milavitsa,29.99,1,0,0.0,0.0
4600534,appliances.kitchen.dishwasher,dauscher,257.15,1,0,0.0,0.0
8902459,kids.toys,henglei,29.34,1,0,0.0,0.0
5701353,auto.accessories.player,ams,221.37,1,0,0.0,0.0
28713903,apparel.shoes.keds,nike,174.78,1,0,0.0,0.0
4803084,electronics.audio.headphone,razer,290.84,1,0,0.0,0.0
4803902,electronics.audio.headphone,marshall,337.2,1,0,0.0,0.0
1801950,electronics.video.tv,sony,797.45,1,0,0.0,0.0
45600105,apparel.shoes,shagovita,52.6,1,0,0.0,0.0
3100305,appliances.kitchen.blender,kitchenaid,244.02,1,0,0.0,0.0
21401484,electronics.clocks,casio,21.11,1,0,0.0,0.0
6801322,computers.components.hdd,hpe,326.93,1,0,0.0,0.0
21400585,electronics.clocks,orient,222.66,1,0,0.0,0.0
12300445,construction.tools.drill,wortex,38.59,1,0,0.0,0.0
12300156,construction.tools.drill,stanley,123.59,1,0,0.0,0.0
39900043,apparel.trousers,jordan,60.23,1,0,0.0,0.0
28719591,apparel.shoes,baden,94.98,1,0,0.0,0.0
10900310,appliances.kitchen.mixer,zelmer,45.02,1,0,0.0,0.0
21400643,electronics.clocks,orient,93.44,1,0,0.0,0.0
7006196,kids.carriage,hp,69.5,1,0,0.0,0.0
1003456,electronics.smartphone,vertex,102.71,1,0,0.0,0.0
2702509,appliances.kitchen.refrigerators,hotpoint-ariston,1189.1,1,0,0.0,0.0
14100109,electronics.audio.acoustic,admira,606.45,1,0,0.0,0.0
6201203,appliances.environment.air_heater,electrolux,352.57,1,0,0.0,0.0
21404127,electronics.clocks,casio,51.74,1,0,0.0,0.0
4803556,electronics.audio.headphone,hoco,15.42,1,0,0.0,0.0
21408821,electronics.clocks,boccia,104.25,1,0,0.0,0.0
4801451,electronics.audio.headphone,xiaomi,38.59,1,0,0.0,0.0
1700872,computers.peripherals.monitor,samsung,514.79,1,0,0.0,0.0
22600045,auto.accessories.compressor,autoprofi,35.93,1,0,0.0,0.0
5100501,electronics.clocks,suunto,669.0,1,0,0.0,0.0
5701093,auto.accessories.player,jvc,93.95,1,0,0.0,0.0
3600982,appliances.kitchen.washer,bosch,385.57,1,0,0.0,0.0
9900430,electronics.video.projector,optoma,2128.75,1,0,0.0,0.0
35200017,apparel.underwear,milavitsa,9.0,1,0,0.0,0.0
5100754,electronics.clocks,polar,346.98,1,0,0.0,0.0
1480513,computers.desktop,pulser,236.79,1,0,0.0,0.0
21405417,electronics.clocks,casio,164.48,1,0,0.0,0.0
1004612,electronics.smartphone,bq,53.16,1,0,0.0,0.0
6301621,appliances.kitchen.kettle,elenberg,72.05,1,0,0.0,0.0
4600648,appliances.kitchen.dishwasher,teka,542.89,1,0,0.0,0.0
9500109,computers.peripherals.camera,defender,21.25,1,0,0.0,0.0
6700963,computers.components.videocards,asus,2180.03,1,0,0.0,0.0
27700784,construction.tools.pump,denzel,164.85,1,0,0.0,0.0
4803159,electronics.audio.headphone,defender,17.12,1,0,0.0,0.0
28713612,apparel.shoes.keds,tuffoni,74.91,1,0,0.0,0.0
28300064,accessories.wallet,picard,54.06,1,0,0.0,0.0
12301349,construction.tools.drill,bosch,157.15,1,0,0.0,0.0
9002713,kids.toys,gulliver,12.87,1,0,0.0,0.0
21411084,electronics.clocks,edox,772.22,1,0,0.0,0.0
13900830,construction.components.faucet,lemark,68.92,1,0,0.0,0.0
35104357,apparel.underwear,milavitsa,29.98,1,0,0.0,0.0
14100460,electronics.audio.acoustic,stagg,81.08,1,0,0.0,0.0
28721179,apparel.shoes,nexpero,113.0,1,0,0.0,0.0
28400302,accessories.bag,karya,50.19,1,0,0.0,0.0
9200588,computers.peripherals.keyboard,microsoft,51.45,1,0,0.0,0.0
30000212,construction.tools.welding,crown,109.08,1,0,0.0,0.0
3701180,appliances.environment.vacuum,polaris,149.93,1,0,0.0,0.0
1701376,computers.peripherals.monitor,acer,369.08,1,0,0.0,0.0
28719162,apparel.shoes,salamander,127.93,1,0,0.0,0.0
6701106,computers.components.videocards,msi,197.95,1,0,0.0,0.0
3000040,appliances.kitchen.steam_cooker,braun,100.36,1,0,0.0,0.0
3601283,appliances.kitchen.washer,lg,625.19,1,0,0.0,0.0
10900162,appliances.kitchen.mixer,scarlett,12.84,1,0,0.0,0.0
1801591,electronics.video.tv,sony,643.21,1,0,0.0,0.0
2401362,appliances.kitchen.hood,bosch,396.38,1,0,0.0,0.0
28716615,apparel.shoes,respect,38.35,1,0,0.0,0.0
21405209,electronics.clocks,fossil,191.51,1,0,0.0,0.0
28712377,apparel.shoes,baden,120.72,1,0,0.0,0.0
43300127,apparel.tshirt,nike,45.02,1,0,0.0,0.0
4802995,electronics.audio.headphone,plantronics,102.94,1,0,0.0,0.0
28714227,apparel.shoes.keds,vans,52.74,1,0,0.0,0.0
7101843,furniture.bedroom.bed,lorelli,71.54,1,0,0.0,0.0
28711701,apparel.shoes,rieker,38.35,1,0,0.0,0.0
6201056,appliances.environment.air_heater,ditreex,43.17,1,0,0.0,0.0
35108975,apparel.underwear,noppies,23.17,1,0,0.0,0.0
11200315,appliances.personal.scales,saturn,10.97,1,0,0.0,0.0
28713109,apparel.shoes,legre,67.7,1,0,0.0,0.0
1307520,computers.notebook,lenovo,848.67,1,0,0.0,0.0
28401140,accessories.bag,karya,61.26,1,0,0.0,0.0
28716631,apparel.shoes.keds,respect,31.92,1,0,0.0,0.0
3801220,appliances.iron,polti,200.46,1,0,0.0,0.0
22900061,furniture.bedroom.pillow,belashoff,25.74,1,0,0.0,0.0
1480616,computers.desktop,acer,669.0,1,0,0.0,0.0
14700234,furniture.living_room.cabinet,brw,469.51,1,0,0.0,0.0
1307403,computers.notebook,lenovo,445.59,1,0,0.0,0.0
28721153,apparel.shoes,rieker,92.41,1,0,0.0,0.0
6900275,furniture.living_room.chair,bambola,37.32,1,0,0.0,0.0
28721260,apparel.shoes,legre,118.15,1,0,0.0,0.0
39800004,apparel.shirt,dion,29.6,1,0,0.0,0.0
28716145,apparel.shoes,caprice,67.7,1,0,0.0,0.0
28400301,accessories.bag,karya,50.19,1,0,0.0,0.0
12200122,sport.bicycle,mars,83.4,1,0,0.0,0.0
1201417,electronics.tablet,lenovo,164.96,1,0,0.0,0.0
28719194,apparel.shoes,burgerschuhe,123.3,1,0,0.0,0.0
7003579,kids.carriage,alis,128.68,1,0,0.0,0.0
6200762,appliances.environment.air_heater,saturn,40.9,1,1,40.9,100.0
10400598,kids.toys,silverlit,114.29,1,0,0.0,0.0
45600182,apparel.shoes.keds,puma,39.87,1,0,0.0,0.0
10201215,kids.dolls,barbie,32.15,1,0,0.0,0.0
3101090,appliances.kitchen.blender,vitek,25.48,1,0,0.0,0.0
28716220,apparel.shoes.moccasins,respect,55.34,1,0,0.0,0.0
3901184,appliances.environment.water_heater,haier,100.36,1,1,100.36,100.0
28706007,apparel.shoes.sandals,rieker,34.49,1,0,0.0,0.0
28400763,accessories.bag,baden,61.52,1,0,0.0,0.0
21402890,electronics.clocks,orient,305.54,1,0,0.0,0.0
8901992,kids.toys,castorland,4.07,1,0,0.0,0.0
1700781,computers.peripherals.monitor,samsung,102.5,1,0,0.0,0.0
10900170,appliances.kitchen.mixer,kitchenaid,212.1,1,0,0.0,0.0
6301073,appliances.kitchen.kettle,vitek,13.62,1,0,0.0,0.0
28719202,apparel.shoes,alpina,220.08,1,0,0.0,0.0
1480376,computers.desktop,lenovo,696.57,1,0,0.0,0.0
6600561,computers.components.memory,geil,51.48,1,0,0.0,0.0
5701034,auto.accessories.player,winca,424.72,1,0,0.0,0.0
2502218,appliances.kitchen.oven,gorenje,1158.31,1,0,0.0,0.0
1201433,electronics.tablet,microsoft,1286.78,1,0,0.0,0.0
11200502,appliances.personal.scales,dauscher,8.98,1,0,0.0,0.0
19300123,appliances.ironing_board,nika,56.63,1,0,0.0,0.0
2500562,appliances.kitchen.oven,darina,223.92,1,0,0.0,0.0
11600111,computers.desktop,microlab,25.71,1,0,0.0,0.0
5100827,electronics.clocks,aimoto,55.34,1,0,0.0,0.0
3701365,appliances.environment.vacuum,snowcap,34.04,1,0,0.0,0.0
32900081,accessories.bag,scierra,48.47,1,0,0.0,0.0
11600124,computers.desktop,logitech,32.18,1,0,0.0,0.0
12100972,kids.skates,graffiti,46.63,1,0,0.0,0.0
35103661,apparel.underwear,milavitsa,31.88,1,0,0.0,0.0
9101567,computers.peripherals.mouse,hp,10.5,1,0,0.0,0.0
28712098,apparel.shoes,rieker,55.34,1,0,0.0,0.0
6500797,computers.components.motherboard,asrock,86.26,1,0,0.0,0.0
9200599,computers.peripherals.keyboard,razer,110.66,1,0,0.0,0.0
11300055,electronics.telephone,texet,20.9,1,0,0.0,0.0
21408321,electronics.clocks,seiko,559.09,1,0,0.0,0.0
13901848,construction.components.faucet,lemark,542.93,1,0,0.0,0.0
1802124,electronics.video.tv,artel,136.17,1,0,0.0,0.0
45600065,apparel.shoes,shagovita,45.57,1,0,0.0,0.0
8800527,electronics.telephone,fly,23.14,1,0,0.0,0.0
3900817,appliances.environment.water_heater,regent,102.34,1,0,0.0,0.0
1480140,computers.desktop,neo,385.85,1,0,0.0,0.0
9002780,kids.toys,disney,10.35,1,0,0.0,0.0
4501505,appliances.kitchen.hob,hansa,226.49,1,0,0.0,0.0
7005726,kids.carriage,adamex,615.18,1,0,0.0,0.0
14300318,electronics.audio.music_tools.piano,roland,925.92,1,0,0.0,0.0
21800004,computers.peripherals.mouse,asus,47.6,1,0,0.0,0.0
4201417,appliances.environment.air_conditioner,samsung,450.44,1,0,0.0,0.0
21405339,electronics.clocks,casio,39.64,1,0,0.0,0.0
8801013,electronics.telephone,nobby,20.25,1,0,0.0,0.0
21407255,electronics.clocks,rado,1338.52,1,0,0.0,0.0
17900166,construction.tools.generator,fubag,817.78,1,0,0.0,0.0
5700898,auto.accessories.player,kenwood,51.22,1,0,0.0,0.0
7001197,kids.carriage,maxi-cosi,446.23,1,0,0.0,0.0
21409809,electronics.clocks,certina,617.78,1,0,0.0,0.0
21409441,electronics.clocks,casio,122.01,1,0,0.0,0.0
8700573,appliances.personal.hair_cutter,babyliss,61.47,1,0,0.0,0.0
20200240,sport.snowboard,ride,221.11,1,0,0.0,0.0
8800697,electronics.telephone,maxvi,34.75,1,0,0.0,0.0
21401381,electronics.clocks,casio,141.83,1,0,0.0,0.0
21401378,electronics.clocks,casio,35.26,1,0,0.0,0.0
20500299,sport.ski,elan,372.98,1,0,0.0,0.0
28717870,apparel.shoes,cover,121.5,1,0,0.0,0.0
5800126,electronics.audio.subwoofer,mystery,133.85,1,0,0.0,0.0
1201449,electronics.tablet,apple,823.44,1,0,0.0,0.0
12301303,construction.tools.drill,kolner,66.9,1,0,0.0,0.0
2700199,appliances.kitchen.refrigerators,lg,1692.31,1,0,0.0,0.0
2501027,appliances.kitchen.oven,gefest,401.48,1,0,0.0,0.0
8800682,electronics.telephone,maxvi,35.78,1,0,0.0,0.0
28720353,apparel.shoes.keds,nike,145.41,1,0,0.0,0.0
14300331,electronics.audio.music_tools.piano,medeli,185.33,1,0,0.0,0.0
28715570,apparel.shoes.keds,adidas,71.56,1,0,0.0,0.0
2702497,appliances.kitchen.refrigerators,hitachi,1029.05,1,0,0.0,0.0
28719844,apparel.shoes,tesoro,47.34,1,0,0.0,0.0
7005967,kids.carriage,adamex,404.13,1,0,0.0,0.0
2400612,appliances.kitchen.hood,gefest,42.96,1,0,0.0,0.0
6500755,computers.components.motherboard,asrock,71.12,1,0,0.0,0.0
28716911,apparel.shoes,respect,61.01,1,0,0.0,0.0
14100521,electronics.audio.acoustic,enya,254.83,1,0,0.0,0.0
4804591,electronics.audio.headphone,asus,127.87,1,0,0.0,0.0
28719174,apparel.shoes,salamander,127.42,1,0,0.0,0.0
28401269,accessories.bag,picard,101.68,1,0,0.0,0.0
4502709,appliances.kitchen.hob,electrolux,695.11,1,0,0.0,0.0
1480660,computers.desktop,alser,707.87,1,0,0.0,0.0
14500077,appliances.kitchen.coffee_grinder,galaxy,15.68,1,0,0.0,0.0
7004006,kids.carriage,alis,128.68,1,0,0.0,0.0
21408243,electronics.clocks,tissot,494.22,1,0,0.0,0.0
28716511,apparel.shoes,respect,128.45,1,0,0.0,0.0
19100422,construction.tools.saw,dwt,49.42,1,0,0.0,0.0
4804421,electronics.audio.headphone,jbl,67.34,1,0,0.0,0.0
18300409,accessories.bag,continent,17.5,1,0,0.0,0.0
3700866,appliances.environment.vacuum,danke,48.65,1,0,0.0,0.0
35108475,apparel.underwear,milavitsa,37.97,1,0,0.0,0.0
3701367,appliances.environment.vacuum,ilife,306.31,1,0,0.0,0.0
5800115,electronics.audio.subwoofer,hertz,74.26,1,0,0.0,0.0
5701179,auto.accessories.player,swat,28.83,1,0,0.0,0.0
28717108,apparel.shoes,respect,89.84,1,0,0.0,0.0
1004288,electronics.smartphone,bq,74.01,1,0,0.0,0.0
1306082,computers.notebook,hp,1052.77,1,0,0.0,0.0
1600445,computers.peripherals.printer,epson,265.1,1,0,0.0,0.0
12400208,construction.tools.drill,makita,136.43,1,0,0.0,0.0
18300215,accessories.bag,xiaomi,9.76,1,0,0.0,0.0
1307309,computers.notebook,dell,617.0,1,0,0.0,0.0
10400190,kids.toys,rastar,20.31,1,0,0.0,0.0
28717792,apparel.shoes.keds,puma,84.69,1,0,0.0,0.0
28720332,apparel.shoes.keds,reebok,118.15,1,0,0.0,0.0
20500237,sport.ski,elan,231.41,1,0,0.0,0.0
7005698,kids.carriage,lorelli,146.23,1,0,0.0,0.0
19100173,construction.tools.saw,metabo,1179.18,1,0,0.0,0.0
28717123,apparel.shoes.keds,respect,51.22,1,0,0.0,0.0
28704505,apparel.shoes.moccasins,etor,92.67,1,0,0.0,0.0
12900455,stationery.cartrige,superfine,8.47,1,0,0.0,0.0
11600315,computers.desktop,edifier,668.48,1,0,0.0,0.0
28721156,apparel.shoes,rieker,85.46,1,0,0.0,0.0
2900033,appliances.kitchen.microwave,samsung,127.41,1,0,0.0,0.0
1701152,computers.peripherals.monitor,dell,314.29,1,0,0.0,0.0
18900078,electronics.camera.photo,canon,1001.42,1,0,0.0,0.0
8800745,electronics.telephone,maxvi,33.21,1,0,0.0,0.0
6200066,appliances.environment.air_heater,ballu,54.06,1,0,0.0,0.0
25001647,furniture.universal.light,mica,37.32,1,0,0.0,0.0
4200510,appliances.environment.air_conditioner,midea,195.37,1,0,0.0,0.0
45600185,apparel.shoes.keds,nike,57.89,1,0,0.0,0.0
21410727,electronics.clocks,tissot,247.11,1,0,0.0,0.0
6902570,furniture.living_room.chair,chicco,152.36,1,0,0.0,0.0
28718285,apparel.shoes,tamaris,80.83,1,0,0.0,0.0
21401249,electronics.clocks,casio,37.58,1,0,0.0,0.0
28718052,apparel.shoes,baden,128.45,1,0,0.0,0.0
28715786,apparel.shoes,nexpero,51.22,1,0,0.0,0.0
13800004,furniture.bathroom.toilet,sanita,66.97,1,0,0.0,0.0
4400597,appliances.kitchen.coffee_machine,vinzer,29.72,1,0,0.0,0.0
36000077,appliances.kitchen.kettle,gipfel,91.97,1,0,0.0,0.0
2501394,appliances.kitchen.oven,bosch,591.96,1,0,0.0,0.0
18300169,accessories.bag,hp,19.54,1,0,0.0,0.0
30500020,country_yard.cultivator,hyundai,305.67,1,0,0.0,0.0
45600102,apparel.shoes,shagovita,52.6,1,0,0.0,0.0
2701891,appliances.kitchen.refrigerators,beko,940.41,1,0,0.0,0.0
21000001,accessories.bag,thule,257.38,1,0,0.0,0.0
4803578,electronics.audio.headphone,plantronics,100.11,1,0,0.0,0.0
12300005,construction.tools.drill,bosch,53.67,1,0,0.0,0.0
28713783,apparel.shoes.sandals,greyder,56.63,1,0,0.0,0.0
21408770,electronics.clocks,seiko,504.77,1,0,0.0,0.0
45600579,apparel.shoes,crosby,48.37,1,0,0.0,0.0
12301107,construction.tools.drill,crown,66.02,1,0,0.0,0.0
21403635,electronics.clocks,orient,258.18,1,0,0.0,0.0
2900695,appliances.kitchen.microwave,maunfeld,266.78,1,0,0.0,0.0
1306221,computers.notebook,haier,324.31,1,0,0.0,0.0
1701031,computers.peripherals.monitor,qmax,61.21,1,0,0.0,0.0
28704579,apparel.shoes,etor,100.39,1,0,0.0,0.0
21410745,electronics.clocks,tissot,205.93,1,0,0.0,0.0
12400443,construction.tools.drill,makita,282.55,1,0,0.0,0.0
22600078,auto.accessories.compressor,kolner,8.57,1,0,0.0,0.0
6301696,appliances.kitchen.kettle,tefal,43.73,1,0,0.0,0.0
2401513,appliances.kitchen.hood,falmec,383.32,1,0,0.0,0.0
1480673,computers.desktop,hp,1109.17,1,0,0.0,0.0
12300845,construction.tools.drill,kolner,30.63,1,0,0.0,0.0
10400418,kids.toys,hb,25.71,1,0,0.0,0.0
45600168,apparel.shoes.keds,nike,59.18,1,0,0.0,0.0
7901001,furniture.kitchen.chair,joie,165.51,1,0,0.0,0.0
28720203,apparel.shoes.keds,asics,173.75,1,0,0.0,0.0
35103627,apparel.underwear,milavitsa,31.88,1,0,0.0,0.0
9000975,kids.toys,ty,6.41,1,0,0.0,0.0
52900093,accessories.bag,stanley,6.92,1,0,0.0,0.0
28718475,apparel.shoes.keds,strobbs,51.22,1,0,0.0,0.0
3601582,appliances.kitchen.washer,candy,420.83,1,0,0.0,0.0
1307469,computers.notebook,msi,962.13,1,0,0.0,0.0
12301133,construction.tools.drill,makita,197.73,1,0,0.0,0.0
21409805,electronics.clocks,certina,658.96,1,0,0.0,0.0
12201499,sport.bicycle,axis,175.04,1,0,0.0,0.0
8902600,kids.toys,alilo,53.54,1,0,0.0,0.0
19200125,construction.tools.saw,patriot,93.01,1,0,0.0,0.0
9101479,computers.peripherals.mouse,redragon,21.85,1,0,0.0,0.0
1701280,computers.peripherals.monitor,acer,169.12,1,0,0.0,0.0
14701150,furniture.living_room.cabinet,bts,123.27,1,0,0.0,0.0
45600781,apparel.shoes,garvalin,46.33,1,0,0.0,0.0
9700103,computers.components.power_supply,thermaltake,68.73,1,0,0.0,0.0
12202605,sport.bicycle,stels,173.86,1,0,0.0,0.0
16800323,furniture.kitchen.table,mamadoma,215.71,1,0,0.0,0.0
17200912,furniture.living_room.sofa,aero,411.85,1,0,0.0,0.0
9100529,computers.peripherals.mouse,crown,8.85,1,0,0.0,0.0
12300450,construction.tools.drill,dewalt,76.42,1,0,0.0,0.0
43300106,apparel.tshirt,nike,32.18,1,0,0.0,0.0
17800531,computers.desktop,dxracer,324.05,1,0,0.0,0.0
52900057,accessories.bag,stayer,25.56,1,0,0.0,0.0
4502738,appliances.kitchen.hob,hotpoint-ariston,601.53,1,0,0.0,0.0
12300968,construction.tools.drill,milwaukee,374.08,1,0,0.0,0.0
1701206,computers.peripherals.monitor,asus,1082.15,1,0,0.0,0.0
4400550,appliances.kitchen.coffee_machine,galaxy,17.22,1,0,0.0,0.0
17900292,construction.tools.generator,tarlan,1140.84,1,0,0.0,0.0
35101042,apparel.underwear,milavitsa,28.31,1,0,0.0,0.0
11100223,appliances.personal.scales,elenberg,14.13,1,0,0.0,0.0
1701046,computers.peripherals.monitor,hp,985.84,1,0,0.0,0.0
10900210,appliances.kitchen.mixer,braun,87.26,1,0,0.0,0.0
21411455,electronics.clocks,armani,393.83,1,0,0.0,0.0
9100914,computers.peripherals.mouse,hp,14.06,1,0,0.0,0.0
7101818,furniture.bedroom.bed,lorelli,82.09,1,0,0.0,0.0
21410401,electronics.clocks,tissot,576.59,1,0,0.0,0.0
28718811,apparel.shoes,respect,128.45,1,0,0.0,0.0
12400131,construction.tools.drill,bosch,143.12,1,0,0.0,0.0
16700532,furniture.kitchen.chair,ikea,19.28,1,0,0.0,0.0
39800044,apparel.shirt,dion,29.6,1,0,0.0,0.0
18301070,accessories.bag,hama,15.56,1,0,0.0,0.0
28712869,apparel.shoes,rieker,94.73,1,0,0.0,0.0
1306535,computers.notebook,xiaomi,939.28,1,0,0.0,0.0
21408794,electronics.clocks,orient,270.28,1,0,0.0,0.0
28717664,apparel.shoes,greyder,115.83,1,0,0.0,0.0
8800998,electronics.telephone,bq,8.75,1,0,0.0,0.0
28719285,apparel.shoes.keds,fila,95.32,1,0,0.0,0.0
2401589,appliances.kitchen.hood,beko,89.86,1,0,0.0,0.0
1401959,computers.desktop,basic,375.79,1,0,0.0,0.0
13902958,construction.components.faucet,genebre,77.38,1,0,0.0,0.0
8901479,kids.toys,chicco,36.01,1,0,0.0,0.0
14100462,electronics.audio.acoustic,stagg,120.98,1,0,0.0,0.0
1003509,electronics.smartphone,xiaomi,175.29,1,0,0.0,0.0
18300605,accessories.bag,xiaomi,11.58,1,0,0.0,0.0
1307448,computers.notebook,hp,982.24,1,0,0.0,0.0
3100780,appliances.kitchen.blender,moulinex,53.75,1,0,0.0,0.0
9200687,computers.peripherals.keyboard,redragon,45.56,1,0,0.0,0.0
3701557,appliances.environment.vacuum,roborock,483.67,1,0,0.0,0.0
4201403,appliances.environment.air_conditioner,klima,213.65,1,0,0.0,0.0
32900083,accessories.bag,a-elita,8.49,1,0,0.0,0.0
4501148,appliances.kitchen.hob,indesit,200.49,1,0,0.0,0.0
32900149,accessories.bag,salmo,14.43,1,0,0.0,0.0
18300159,accessories.bag,tucano,36.01,1,0,0.0,0.0
12300516,construction.tools.drill,patriot,122.06,1,0,0.0,0.0
5801485,electronics.audio.subwoofer,alphard,115.83,1,0,0.0,0.0
5100693,electronics.clocks,mykronoz,154.42,1,0,0.0,0.0
28719434,apparel.shoes,baden,51.22,1,0,0.0,0.0
25100024,construction.tools.light,mantra,102.03,1,0,0.0,0.0
28721604,apparel.shoes,respect,71.82,1,0,0.0,0.0
1801978,electronics.video.tv,lg,524.33,1,0,0.0,0.0
21408696,electronics.clocks,casio,52.25,1,0,0.0,0.0
9000158,computers.peripherals.keyboard,logitech,20.57,1,0,0.0,0.0
28716242,apparel.shoes,respect,55.34,1,0,0.0,0.0
4700525,auto.accessories.videoregister,ritmix,29.72,1,0,0.0,0.0
13600021,furniture.bathroom.bath,antika,86.12,1,0,0.0,0.0
46200006,apparel.skirt,aivengo,23.41,1,0,0.0,0.0
4502006,appliances.kitchen.hob,candy,297.35,1,0,0.0,0.0
2300225,electronics.camera.video,sony,1055.11,1,0,0.0,0.0
4501175,appliances.kitchen.hob,gefest,205.67,1,0,0.0,0.0
11700086,electronics.audio.acoustic,krk,803.11,1,0,0.0,0.0
21401735,electronics.clocks,casio,23.42,1,0,0.0,0.0
12301034,construction.tools.drill,metabo,222.93,1,0,0.0,0.0
21407886,electronics.clocks,tissot,705.29,1,0,0.0,0.0
22400211,electronics.audio.microphone,rode,239.39,1,0,0.0,0.0
5000786,appliances.sewing_machine,janome,278.86,1,0,0.0,0.0
9101480,computers.peripherals.mouse,redragon,48.14,1,0,0.0,0.0
28717002,apparel.shoes.keds,respect,71.82,1,0,0.0,0.0
1600541,computers.peripherals.printer,canon,453.01,1,0,0.0,0.0
1306317,computers.notebook,hp,868.7,1,0,0.0,0.0
4200570,appliances.environment.air_conditioner,gree,483.66,1,0,0.0,0.0
6200991,appliances.environment.air_heater,alteco,20.59,1,0,0.0,0.0
6700502,computers.components.videocards,gigabyte,149.04,1,0,0.0,0.0
7900865,furniture.kitchen.chair,chicco,268.96,1,0,0.0,0.0
21401686,electronics.clocks,casio,49.42,1,0,0.0,0.0
28718125,apparel.shoes,respect,51.22,1,0,0.0,0.0
6000105,auto.accessories.alarm,starline,173.75,1,0,0.0,0.0
1802025,electronics.video.tv,samsung,1261.01,1,0,0.0,0.0
13201304,furniture.bedroom.bed,mebelson,372.7,1,0,0.0,0.0
1700579,computers.peripherals.monitor,samsung,154.42,1,0,0.0,0.0
8800200,electronics.telephone,maxvi,19.13,1,0,0.0,0.0
8800975,electronics.telephone,texet,19.43,1,0,0.0,0.0
28713853,apparel.shoes.step_ins,greyder,43.76,1,0,0.0,0.0
28718553,apparel.shoes.moccasins,etor,92.67,1,0,0.0,0.0
1004672,electronics.smartphone,meizu,133.59,1,0,0.0,0.0
28712352,apparel.shoes.keds,millionaire,82.11,1,0,0.0,0.0
4802471,electronics.audio.headphone,plantronics,44.66,1,0,0.0,0.0
21404494,electronics.clocks,orient,132.31,1,0,0.0,0.0
28716191,apparel.shoes,respect,113.0,1,0,0.0,0.0
28401177,accessories.bag,karya,90.09,1,0,0.0,0.0
21000065,accessories.bag,roncato,92.67,1,0,0.0,0.0
21400816,electronics.clocks,casio,151.36,1,0,0.0,0.0
18900432,electronics.camera.photo,canon,1619.43,1,0,0.0,0.0
1701144,computers.peripherals.monitor,lg,429.84,1,0,0.0,0.0
1600321,computers.peripherals.printer,epson,381.95,1,0,0.0,0.0
11700367,electronics.audio.acoustic,headrush,359.87,1,0,0.0,0.0
12200543,sport.bicycle,phoenix,127.03,1,0,0.0,0.0
14701894,furniture.living_room.cabinet,bts,147.73,1,0,0.0,0.0
12202055,sport.bicycle,sunday,411.59,1,0,0.0,0.0
28300061,accessories.wallet,picard,70.79,1,0,0.0,0.0
28401152,accessories.bag,karya,54.06,1,0,0.0,0.0
21408261,electronics.clocks,tissot,844.29,1,0,0.0,0.0
7000147,kids.carriage,bumbleride,460.76,1,0,0.0,0.0
11200407,appliances.personal.scales,scarlett,9.76,1,0,0.0,0.0
28713590,apparel.shoes,greyder,151.87,1,0,0.0,0.0
21403805,electronics.clocks,casio,16.47,1,0,0.0,0.0
6200554,appliances.environment.air_heater,ballu,38.61,1,0,0.0,0.0
18500067,electronics.tablet,huion,213.04,1,0,0.0,0.0
4501950,appliances.kitchen.hob,indesit,221.34,1,0,0.0,0.0
7006452,kids.carriage,indigo,146.3,1,0,0.0,0.0
36000046,appliances.kitchen.kettle,bergner,31.56,1,0,0.0,0.0
12400052,construction.tools.drill,bosch,102.71,1,0,0.0,0.0
5100892,electronics.clocks,garmin,1248.14,1,0,0.0,0.0
5801690,electronics.audio.subwoofer,alphard,74.65,1,0,0.0,0.0
21405083,electronics.clocks,fossil,123.56,1,0,0.0,0.0
30000195,construction.tools.welding,laston,79.77,1,0,0.0,0.0
53900024,construction.tools.saw,dwt,66.39,1,0,0.0,0.0
2402021,appliances.kitchen.hood,oasis,42.19,1,0,0.0,0.0
27000006,sport.trainer,housefit,254.83,1,0,0.0,0.0
5100383,electronics.clocks,suunto,524.89,1,0,0.0,0.0
6700973,computers.components.videocards,palit,359.31,1,0,0.0,0.0
28718057,apparel.shoes,baden,138.74,1,0,0.0,0.0
28715977,apparel.shoes.keds,reebok,108.11,1,0,0.0,0.0
35103669,apparel.underwear,milavitsa,30.16,1,0,0.0,0.0
1801726,electronics.video.tv,harper,282.37,1,0,0.0,0.0
13900186,construction.components.faucet,lemark,76.6,1,0,0.0,0.0
25900018,computers.components.cooler,almacom,53.77,1,0,0.0,0.0
9101542,computers.peripherals.mouse,logitech,137.85,1,0,0.0,0.0
7004284,kids.carriage,dsland,636.57,1,0,0.0,0.0
46800018,appliances.kitchen.refrigerators,dometic,571.24,1,0,0.0,0.0
13600131,furniture.bathroom.bath,santek,221.45,1,0,0.0,0.0
3801272,appliances.iron,polaris,38.33,1,0,0.0,0.0
25900002,computers.components.cooler,ecocool,141.55,1,0,0.0,0.0
12400328,construction.tools.drill,dewalt,377.04,1,0,0.0,0.0
6600884,computers.components.memory,patriot,38.22,1,0,0.0,0.0
6801266,computers.components.hdd,micron,479.15,1,0,0.0,0.0
21410833,electronics.clocks,casio,135.91,1,0,0.0,0.0
28718080,apparel.shoes.keds,respect,66.67,1,0,0.0,0.0
5801211,electronics.audio.subwoofer,sony,46.33,1,0,0.0,0.0
21403846,electronics.clocks,orient,103.73,1,0,0.0,0.0
3701050,appliances.environment.vacuum,tefal,92.64,1,0,0.0,0.0
6201263,appliances.environment.air_heater,volcano,518.9,1,0,0.0,0.0
1201437,electronics.tablet,apple,916.09,1,0,0.0,0.0
6500877,computers.components.motherboard,asus,90.38,1,0,0.0,0.0
1701145,computers.peripherals.monitor,acer,295.99,1,0,0.0,0.0
25000655,furniture.universal.light,lidonet,14.93,1,0,0.0,0.0
28718189,apparel.shoes,salamander,51.22,1,0,0.0,0.0
28300721,accessories.wallet,muqajankz,30.89,1,0,0.0,0.0
14300373,electronics.audio.music_tools.piano,akai,109.97,1,0,0.0,0.0
1005250,electronics.smartphone,inoi,114.52,1,0,0.0,0.0
6801134,computers.components.hdd,samsung,506.28,1,0,0.0,0.0
21400163,electronics.clocks,casio,562.18,1,0,0.0,0.0
12201701,sport.bicycle,wethepeople,385.85,1,0,0.0,0.0
6600873,computers.components.memory,geil,96.53,1,0,0.0,0.0
27700132,construction.tools.pump,sti,36.47,1,0,0.0,0.0
4600503,appliances.kitchen.dishwasher,smeg,517.14,1,0,0.0,0.0
1801683,electronics.video.tv,sony,746.2,1,0,0.0,0.0
12300991,construction.tools.drill,tch,30.89,1,0,0.0,0.0
4201423,appliances.environment.air_conditioner,samsung,733.58,1,0,0.0,0.0
28717115,apparel.shoes.keds,escan,42.99,1,0,0.0,0.0
9700322,computers.components.power_supply,enermax,247.37,1,0,0.0,0.0
28715744,apparel.shoes.keds,escan,51.22,1,0,0.0,0.0
4400317,appliances.kitchen.coffee_machine,delonghi,2059.23,1,0,0.0,0.0
6200047,appliances.environment.air_heater,almacom,267.19,1,0,0.0,0.0
9700100,computers.components.power_supply,thermaltake,50.45,1,0,0.0,0.0
14500066,appliances.kitchen.coffee_grinder,scarlett,15.93,1,0,0.0,0.0
40900057,construction.tools.painting,metabo,84.61,1,0,0.0,0.0
46300035,apparel.dress,sly,46.83,1,0,0.0,0.0
6700989,computers.components.videocards,palit,411.57,1,0,0.0,0.0
1480293,computers.desktop,hp,823.44,1,0,0.0,0.0
28718182,apparel.shoes,salamander,66.67,1,0,0.0,0.0
28711902,apparel.shoes.slipons,bugatti,47.62,1,0,0.0,0.0
5000056,appliances.sewing_machine,bernina,267.44,1,0,0.0,0.0
6601001,computers.components.memory,apacer,39.9,1,0,0.0,0.0
6500595,computers.components.motherboard,asrock,50.53,1,0,0.0,0.0
1500412,computers.peripherals.printer,hp,1521.26,1,0,0.0,0.0
3601564,appliances.kitchen.washer,electrolux,1156.4,1,0,0.0,0.0
2402715,appliances.kitchen.hood,kronasteel,70.27,1,0,0.0,0.0
9101370,computers.peripherals.mouse,hp,13.87,1,0,0.0,0.0
28716451,apparel.shoes,respect,123.3,1,0,0.0,0.0
12300274,construction.tools.drill,bosch,175.67,1,0,0.0,0.0
5801660,electronics.audio.subwoofer,hertz,225.41,1,0,0.0,0.0
9100774,computers.peripherals.mouse,hp,893.56,1,0,0.0,0.0
6700759,computers.components.videocards,gigabyte,249.77,1,0,0.0,0.0
16700509,furniture.kitchen.chair,barneo,83.4,1,0,0.0,0.0
45601715,apparel.shoes,babybotte,63.06,1,0,0.0,0.0
4400519,appliances.kitchen.coffee_machine,polaris,21.11,1,0,0.0,0.0
45601375,apparel.shoes.moccasins,pablosky,58.69,1,0,0.0,0.0
4201442,appliances.environment.air_conditioner,gree,200.6,1,0,0.0,0.0
1306868,computers.notebook,dell,617.52,1,0,0.0,0.0
1307038,computers.notebook,dell,848.67,1,0,0.0,0.0
52900151,accessories.bag,stanley,29.6,1,0,0.0,0.0
1701433,computers.peripherals.monitor,lenovo,213.31,1,0,0.0,0.0
12400348,construction.tools.drill,crown,86.33,1,0,0.0,0.0
6801195,computers.components.hdd,samsung,173.79,1,0,0.0,0.0
2300100,electronics.camera.video,panasonic,218.51,1,0,0.0,0.0
6200711,appliances.environment.air_heater,oasis,45.12,1,0,0.0,0.0
27701110,construction.tools.pump,leo,119.99,1,0,0.0,0.0
18900451,electronics.camera.photo,canon,246.75,1,0,0.0,0.0
1307246,computers.notebook,hp,1248.17,1,0,0.0,0.0
28721599,apparel.shoes,respect,89.84,1,0,0.0,0.0
6201122,appliances.environment.air_heater,hyundai,21.91,1,0,0.0,0.0
7005515,kids.carriage,cybex,476.18,1,0,0.0,0.0
8902303,kids.toys,gulliver,111.2,1,0,0.0,0.0
7004564,kids.carriage,joie,177.1,1,0,0.0,0.0
21404242,electronics.clocks,otan,424.72,1,0,0.0,0.0
6801278,computers.components.hdd,kingston,118.82,1,0,0.0,0.0
2702208,appliances.kitchen.refrigerators,smeg,978.9,1,0,0.0,0.0
2702264,appliances.kitchen.refrigerators,bosch,1104.02,1,0,0.0,0.0
3701538,appliances.environment.vacuum,irobot,1878.81,1,0,0.0,0.0
10201196,kids.dolls,gulliver,12.87,1,0,0.0,0.0
6400345,computers.components.cpu,intel,257.54,1,0,0.0,0.0
45600062,apparel.shoes.keds,shagovita,44.85,1,0,0.0,0.0
43300079,apparel.tshirt,fila,30.63,1,0,0.0,0.0
4201229,appliances.environment.air_conditioner,panasonic,625.24,1,0,0.0,0.0
18900028,electronics.camera.photo,sony,295.5,1,0,0.0,0.0
13902212,construction.components.faucet,grohe,111.62,1,0,0.0,0.0
1304868,computers.notebook,apple,1544.42,1,0,0.0,0.0
7101871,furniture.bedroom.bed,chicco,308.86,1,0,0.0,0.0
1201478,electronics.tablet,lenovo,205.6,1,0,0.0,0.0
4501343,appliances.kitchen.hob,bosch,499.09,1,0,0.0,0.0
2700452,appliances.kitchen.refrigerators,atlant,265.22,1,0,0.0,0.0
21400888,electronics.clocks,casio,600.53,1,0,0.0,0.0
2500731,appliances.kitchen.oven,smeg,2021.05,1,0,0.0,0.0
35103633,apparel.underwear,milavitsa,31.88,1,0,0.0,0.0
16700975,furniture.kitchen.chair,aero,149.3,1,0,0.0,0.0
16200451,kids.fmcg.diapers,pampers,5.51,1,0,0.0,0.0
35100867,apparel.underwear,milavitsa,28.2,1,0,0.0,0.0
7006074,kids.carriage,lorelli,128.16,1,0,0.0,0.0
52900178,accessories.bag,stanley,7.41,1,0,0.0,0.0
7005143,kids.carriage,tutis,389.71,1,0,0.0,0.0
21408265,electronics.clocks,tissot,360.37,1,0,0.0,0.0
7005328,kids.carriage,rant,113.23,1,0,0.0,0.0
6701122,computers.components.videocards,powercolor,257.15,1,0,0.0,0.0
45601327,apparel.shoes,biomecanics,69.5,1,0,0.0,0.0
13600079,furniture.bathroom.bath,triton,308.68,1,0,0.0,0.0
7901066,furniture.kitchen.chair,shenma,56.63,1,0,0.0,0.0
1480132,computers.desktop,acer,682.5,1,0,0.0,0.0
45601508,apparel.shoes,babybotte,33.46,1,0,0.0,0.0
11600349,computers.desktop,logitech,140.52,1,0,0.0,0.0
1307472,computers.notebook,msi,1366.67,1,0,0.0,0.0
3801404,appliances.iron,braun,66.9,1,0,0.0,0.0
11200282,appliances.personal.scales,redmond,73.34,1,0,0.0,0.0
6601071,computers.components.memory,amd,37.65,1,0,0.0,0.0
12300996,construction.tools.drill,tch,23.16,1,0,0.0,0.0
21800282,computers.peripherals.mouse,msi,21.85,1,0,0.0,0.0
3100671,appliances.kitchen.blender,elenberg,12.84,1,0,0.0,0.0
4804039,electronics.audio.headphone,jbl,179.93,1,0,0.0,0.0
18300024,accessories.bag,rivacase,17.99,1,0,0.0,0.0
49800021,accessories.bag,ritmix,13.33,1,0,0.0,0.0
21406579,electronics.clocks,tissot,377.87,1,0,0.0,0.0
18200038,electronics.audio.acoustic,sony,486.48,1,0,0.0,0.0
18500046,electronics.tablet,huion,96.51,1,0,0.0,0.0
6300646,appliances.kitchen.kettle,saturn,11.04,1,0,0.0,0.0
35102090,apparel.underwear,milavitsa,35.25,1,0,0.0,0.0
5801117,electronics.audio.subwoofer,mystery,59.2,1,0,0.0,0.0
3701065,appliances.environment.vacuum,samsung,69.47,1,0,0.0,0.0
3701221,appliances.environment.vacuum,dauscher,48.37,1,0,0.0,0.0
1306826,computers.notebook,lenovo,1673.12,1,0,0.0,0.0
28718048,apparel.shoes,baden,51.22,1,0,0.0,0.0
10400045,kids.toys,rastar,16.96,1,0,0.0,0.0
27701102,construction.tools.pump,senci,350.96,1,0,0.0,0.0
21408707,electronics.clocks,casio,105.28,1,0,0.0,0.0
18900057,electronics.camera.photo,canon,1333.83,1,0,0.0,0.0
7900165,furniture.kitchen.chair,babys,43.73,1,0,0.0,0.0
8700176,appliances.personal.hair_cutter,panasonic,20.3,1,0,0.0,0.0
35108763,apparel.underwear,milavitsa,17.16,1,0,0.0,0.0
13200235,furniture.bedroom.bed,brw,143.38,1,0,0.0,0.0
2900687,appliances.kitchen.microwave,gorenje,334.6,1,0,0.0,0.0
2401364,appliances.kitchen.hood,bosch,643.34,1,0,0.0,0.0
6902058,furniture.living_room.chair,chicco,257.38,1,0,0.0,0.0
21411805,electronics.clocks,tissot,185.33,1,0,0.0,0.0
8801042,electronics.telephone,inoi,15.21,1,0,0.0,0.0
2401860,appliances.kitchen.hood,shivaki,62.59,1,0,0.0,0.0
21407207,electronics.clocks,longines,1287.03,1,0,0.0,0.0
9000176,computers.peripherals.keyboard,logitech,27.81,1,0,0.0,0.0
21406536,electronics.clocks,armani,297.56,1,0,0.0,0.0
6300419,appliances.kitchen.kettle,saturn,12.33,1,0,0.0,0.0
4804417,electronics.audio.headphone,jbl,46.31,1,0,0.0,0.0
28717456,apparel.shoes.keds,respect,87.26,1,0,0.0,0.0
3801132,appliances.iron,redmond,69.47,1,0,0.0,0.0
9002731,kids.toys,monchhichi,39.13,1,0,0.0,0.0
12301144,construction.tools.drill,makita,90.05,1,0,0.0,0.0
21405477,electronics.clocks,skagen,236.81,1,0,0.0,0.0
21406519,electronics.clocks,armani,441.97,1,0,0.0,0.0
9101042,computers.peripherals.mouse,ritmix,1.91,1,0,0.0,0.0
13500429,furniture.bedroom.bed,astrid,33.18,1,0,0.0,0.0
4803158,electronics.audio.headphone,defender,7.62,1,0,0.0,0.0
22900030,furniture.bedroom.pillow,ecotex,9.91,1,0,0.0,0.0
7102055,furniture.bedroom.bed,chicco,334.6,1,0,0.0,0.0
9900158,electronics.video.projector,epson,1136.97,1,0,0.0,0.0
45601177,apparel.shoes,pablosky,59.2,1,0,0.0,0.0
28708081,apparel.shoes,respect,23.17,1,0,0.0,0.0
6500965,computers.components.motherboard,asrock,100.13,1,0,0.0,0.0
1307466,computers.notebook,msi,1553.04,1,0,0.0,0.0
36000001,appliances.kitchen.kettle,vinzer,34.1,1,0,0.0,0.0
10900185,appliances.kitchen.mixer,kitchenaid,989.21,1,0,0.0,0.0
27700012,construction.tools.pump,gardena,106.92,1,0,0.0,0.0
28721560,apparel.shoes,respect,123.3,1,0,0.0,0.0
45300093,kids.swing,chicco,123.53,1,0,0.0,0.0
40900055,construction.tools.painting,metabo,303.28,1,0,0.0,0.0
9100400,computers.peripherals.mouse,razer,137.45,1,0,0.0,0.0
28711885,apparel.shoes,caprice,58.69,1,0,0.0,0.0
10900302,appliances.kitchen.mixer,scarlett,17.99,1,0,0.0,0.0
11200321,appliances.personal.scales,scarlett,23.75,1,0,0.0,0.0
10400422,kids.toys,hb,36.01,1,0,0.0,0.0
22400067,electronics.audio.microphone,audio-technica,64.35,1,0,0.0,0.0
21403956,electronics.clocks,casio,35.26,1,0,0.0,0.0
3801367,appliances.iron,braun,334.6,1,0,0.0,0.0
13800026,furniture.bathroom.toilet,cersanit,188.06,1,0,0.0,0.0
25800025,medicine.tools.tonometer,omron,46.1,1,0,0.0,0.0
9000211,computers.peripherals.keyboard,logitech,77.2,1,0,0.0,0.0
18300322,accessories.bag,xiaomi,20.08,1,0,0.0,0.0
18900427,electronics.camera.photo,canon,1454.35,1,0,0.0,0.0
6400366,computers.components.cpu,hpe,1152.69,1,0,0.0,0.0
25800022,medicine.tools.tonometer,omron,292.56,1,0,0.0,0.0
21401615,electronics.clocks,casio,24.45,1,0,0.0,0.0
4700624,auto.accessories.videoregister,garmin,374.76,1,0,0.0,0.0
51000038,appliances.environment.vacuum,zubr,69.43,1,0,0.0,0.0
28720652,apparel.shoes,respect,118.15,1,0,0.0,0.0
8902684,kids.toys,playgro,4.86,1,0,0.0,0.0
4700728,auto.accessories.videoregister,ritmix,21.44,1,0,0.0,0.0
1480311,computers.desktop,hp,874.93,1,0,0.0,0.0
10900338,appliances.kitchen.mixer,bosch,77.2,1,0,0.0,0.0
6700982,computers.components.videocards,palit,450.2,1,0,0.0,0.0
10900312,appliances.kitchen.mixer,galaxy,14.39,1,0,0.0,0.0
1500345,computers.peripherals.printer,ricoh,95.21,1,0,0.0,0.0
21000004,accessories.bag,thule,119.05,1,0,0.0,0.0
28703876,apparel.shoes.keds,nike,57.45,1,0,0.0,0.0
16200065,kids.fmcg.diapers,merries,20.71,1,0,0.0,0.0
7900419,furniture.kitchen.chair,selby,43.73,1,0,0.0,0.0
47500003,construction.tools.light,ansmann,17.99,1,0,0.0,0.0
4801968,electronics.audio.headphone,xiaomi,17.76,1,0,0.0,0.0
2502122,appliances.kitchen.oven,candy,396.38,1,0,0.0,0.0
5100909,electronics.clocks,suunto,349.82,1,0,0.0,0.0
28400746,accessories.bag,baden,61.52,1,0,0.0,0.0
28400307,accessories.bag,karya,50.19,1,0,0.0,0.0
22900137,furniture.bedroom.pillow,askona,116.15,1,0,0.0,0.0
6600412,computers.components.memory,kingston,84.43,1,0,0.0,0.0
5800968,electronics.audio.subwoofer,kicx,83.14,1,0,0.0,0.0
5000563,appliances.sewing_machine,janome,1492.93,1,0,0.0,0.0
28718916,apparel.shoes.keds,nexpero,51.22,1,0,0.0,0.0
2401103,appliances.kitchen.hood,jetair,162.44,1,1,162.44,100.0
35200559,apparel.underwear,milavitsa,13.58,1,0,0.0,0.0
1600434,computers.peripherals.printer,hp,226.39,1,0,0.0,0.0
28717782,apparel.shoes.keds,puma,110.43,1,0,0.0,0.0
28718388,apparel.shoes,rieker,103.99,1,0,0.0,0.0
35102092,apparel.underwear,milavitsa,35.25,1,0,0.0,0.0
28720420,apparel.shoes,baden,51.22,1,0,0.0,0.0
2100028,electronics.video.tv,sony,298.33,1,0,0.0,0.0
23700082,furniture.bedroom.blanket,arua,62.81,1,0,0.0,0.0
28400513,accessories.bag,remonte,71.82,1,0,0.0,0.0
14701670,furniture.living_room.cabinet,brw,152.9,1,0,0.0,0.0
28400046,accessories.bag,rieker,39.64,1,0,0.0,0.0
6400355,computers.components.cpu,intel,641.4,1,0,0.0,0.0
1005189,electronics.smartphone,prestigio,66.64,1,0,0.0,0.0
21411001,electronics.clocks,armani,270.79,1,0,0.0,0.0
30901062,computers.components.cooler,corsair,110.41,1,0,0.0,0.0
6600624,computers.components.memory,hyperx,41.6,1,0,0.0,0.0
21406909,electronics.clocks,tissot,885.48,1,0,0.0,0.0
21408343,electronics.clocks,romanson,121.5,1,0,0.0,0.0
30900189,computers.components.cooler,msi,106.05,1,0,0.0,0.0
4804483,electronics.audio.headphone,plantronics,83.18,1,0,0.0,0.0
1307538,computers.notebook,asus,1256.12,1,0,0.0,0.0
21405730,electronics.clocks,fossil,236.81,1,0,0.0,0.0
3700903,appliances.environment.vacuum,polaris,128.45,1,0,0.0,0.0
21408443,electronics.clocks,tissot,319.18,1,0,0.0,0.0
7006224,kids.carriage,babytime,92.36,1,0,0.0,0.0
6700972,computers.components.videocards,msi,1338.26,1,0,0.0,0.0
1801643,electronics.video.tv,lg,1287.01,1,0,0.0,0.0
30900460,computers.components.cooler,thermaltake,33.21,1,0,0.0,0.0
3701151,appliances.environment.vacuum,felisatti,231.11,1,0,0.0,0.0
28714686,apparel.shoes.keds,adidas,114.52,1,0,0.0,0.0
7901102,furniture.kitchen.chair,peg-perego,23.17,1,0,0.0,0.0
28401202,accessories.bag,karya,84.94,1,0,0.0,0.0
28720740,apparel.shoes,rooman,51.22,1,0,0.0,0.0
6302195,appliances.kitchen.kettle,kitfort,20.15,1,0,0.0,0.0
18300955,accessories.bag,samsonite,195.11,1,0,0.0,0.0
8901297,kids.toys,henglei,45.29,1,0,0.0,0.0
5000582,appliances.sewing_machine,brother,91.89,1,0,0.0,0.0
45300084,kids.swing,stokke,226.49,1,0,0.0,0.0
1303193,computers.notebook,lenovo,1339.11,1,0,0.0,0.0
17800005,computers.desktop,aerocool,195.28,1,0,0.0,0.0
28721008,apparel.shoes,cavaletto,217.51,1,0,0.0,0.0
18300255,accessories.bag,portcase,9.52,1,0,0.0,0.0
5100734,electronics.clocks,garmin,759.34,1,0,0.0,0.0
5000019,appliances.sewing_machine,jaguar,102.71,1,0,0.0,0.0
4500323,appliances.kitchen.hob,hansa,154.16,1,0,0.0,0.0
43300102,apparel.tshirt,nike,35.78,1,0,0.0,0.0
21409652,electronics.clocks,tissot,792.81,1,0,0.0,0.0
21408326,electronics.clocks,lorus,67.44,1,0,0.0,0.0
4502342,appliances.kitchen.hob,dauscher,141.55,1,0,0.0,0.0
43200110,apparel.tshirt,goodloot,17.22,1,0,0.0,0.0
3100298,appliances.kitchen.blender,polaris,24.69,1,0,0.0,0.0
30000254,construction.tools.welding,resanta,408.74,1,0,0.0,0.0
4700573,auto.accessories.videoregister,playme,128.45,1,0,0.0,0.0
17900186,construction.tools.generator,tch,378.65,1,0,0.0,0.0
11700455,electronics.audio.acoustic,apart,68.81,1,0,0.0,0.0
10201519,kids.dolls,llorens,65.61,1,0,0.0,0.0
14701421,furniture.living_room.cabinet,brw,101.93,1,0,0.0,0.0
28718706,apparel.shoes,respect,151.61,1,0,0.0,0.0
16800477,furniture.kitchen.table,mamadoma,125.36,1,0,0.0,0.0
1600620,computers.peripherals.printer,epson,143.89,1,0,0.0,0.0
12901427,stationery.cartrige,epson,5.64,1,0,0.0,0.0
11200512,appliances.personal.scales,xiaomi,40.9,1,0,0.0,0.0
4803983,electronics.audio.headphone,huawei,38.93,1,0,0.0,0.0
5801707,electronics.audio.subwoofer,machete,141.57,1,0,0.0,0.0
28718561,apparel.shoes,etor,100.39,1,0,0.0,0.0
28300427,accessories.wallet,petek,74.13,1,0,0.0,0.0
6200307,appliances.environment.air_heater,timberk,36.6,1,0,0.0,0.0
14700376,furniture.living_room.cabinet,permanence,988.42,1,0,0.0,0.0
22400162,electronics.audio.microphone,trust,19.02,1,0,0.0,0.0
22400049,electronics.audio.microphone,ritmix,19.42,1,0,0.0,0.0
28716839,apparel.shoes,rieker,101.68,1,0,0.0,0.0
10201647,kids.dolls,hasbro,17.05,1,0,0.0,0.0
28300559,accessories.wallet,petek,83.4,1,0,0.0,0.0
3801222,appliances.iron,polti,189.58,1,0,0.0,0.0
12202019,sport.bicycle,trek,554.71,1,0,0.0,0.0
6301801,appliances.kitchen.kettle,scarlett,23.91,1,0,0.0,0.0
14300207,electronics.audio.music_tools.piano,yamaha,334.0,1,0,0.0,0.0
10201322,kids.dolls,spinmaster,139.0,1,0,0.0,0.0
1304736,computers.notebook,lenovo,337.43,1,0,0.0,0.0
1004524,electronics.smartphone,nokia,141.32,1,0,0.0,0.0
5800969,electronics.audio.subwoofer,alphard,82.37,1,0,0.0,0.0
11100264,appliances.personal.scales,scarlett,9.74,1,0,0.0,0.0
6200483,appliances.environment.air_heater,ballu,56.63,1,0,0.0,0.0
21400097,electronics.clocks,casio,72.33,1,0,0.0,0.0
28718748,apparel.shoes,respect,113.0,1,0,0.0,0.0
4200276,appliances.environment.air_conditioner,gree,255.05,1,0,0.0,0.0
40900008,construction.tools.painting,fubag,31.4,1,0,0.0,0.0
19200082,construction.tools.saw,p.i.t.,171.43,1,0,0.0,0.0
3100924,appliances.kitchen.blender,braun,60.16,1,0,0.0,0.0
7005629,kids.carriage,lorelli,361.4,1,0,0.0,0.0
9100540,computers.peripherals.mouse,acme,12.61,1,0,0.0,0.0
28721323,apparel.shoes,rooman,49.16,1,0,0.0,0.0
1802108,electronics.video.tv,blaupunkt,283.12,1,0,0.0,0.0
13900536,construction.components.faucet,rubineta,64.87,1,0,0.0,0.0
5801144,electronics.audio.subwoofer,morel,51.48,1,0,0.0,0.0
10201470,kids.dolls,mattel,14.39,1,0,0.0,0.0
28716624,apparel.shoes,respect,42.21,1,0,0.0,0.0
4804179,electronics.audio.headphone,trust,98.77,1,0,0.0,0.0
11700211,electronics.audio.acoustic,peavey,330.9,1,0,0.0,0.0
1304776,computers.notebook,dell,789.49,1,0,0.0,0.0
11200331,appliances.personal.scales,scarlett,27.82,1,0,0.0,0.0
21401055,electronics.clocks,casio,142.35,1,0,0.0,0.0
12300656,construction.tools.drill,makita,126.06,1,0,0.0,0.0
7901101,furniture.kitchen.chair,teknum,77.22,1,0,0.0,0.0
30000017,construction.tools.welding,fubag,129.73,1,0,0.0,0.0
28721263,apparel.shoes,legre,118.15,1,0,0.0,0.0
6000213,auto.accessories.alarm,starline,281.09,1,0,0.0,0.0
13600015,furniture.bathroom.bath,triton,257.77,1,0,0.0,0.0
4803660,electronics.audio.headphone,sennheiser,18.25,1,0,0.0,0.0
5000577,appliances.sewing_machine,elna,324.31,1,0,0.0,0.0
1004464,electronics.smartphone,jinga,94.97,1,0,0.0,0.0
8700487,appliances.personal.hair_cutter,moser,36.76,1,0,0.0,0.0
3700876,appliances.environment.vacuum,shivaki,68.32,1,0,0.0,0.0
1306313,computers.notebook,hp,566.27,1,0,0.0,0.0
6700897,computers.components.videocards,gigabyte,669.0,1,0,0.0,0.0
11700132,electronics.audio.acoustic,leem,211.07,1,0,0.0,0.0
6801158,computers.components.hdd,kingmax,37.32,1,0,0.0,0.0
11700109,electronics.audio.acoustic,dsppa,68.21,1,0,0.0,0.0
28717871,apparel.shoes,cover,121.5,1,0,0.0,0.0
1600548,computers.peripherals.printer,hp,136.12,1,0,0.0,0.0
4700461,auto.accessories.videoregister,playme,159.1,1,0,0.0,0.0
21410413,electronics.clocks,orient,161.14,1,0,0.0,0.0
30000201,construction.tools.welding,fubag,352.9,1,0,0.0,0.0
12202669,sport.bicycle,racer,134.62,1,0,0.0,0.0
28300221,accessories.wallet,petek,97.81,1,0,0.0,0.0
18900464,electronics.camera.photo,nikon,851.06,1,0,0.0,0.0
28711616,apparel.shoes,ara,70.79,1,0,0.0,0.0
2401392,appliances.kitchen.hood,faber,87.02,1,0,0.0,0.0
4700640,auto.accessories.videoregister,neoline,360.11,1,0,0.0,0.0
16700756,furniture.kitchen.chair,aero,102.96,1,0,0.0,0.0
12200540,sport.bicycle,phoenix,231.38,1,0,0.0,0.0
28704163,apparel.shoes.keds,nike,118.15,1,0,0.0,0.0
3800665,appliances.iron,gorenje,17.99,1,0,0.0,0.0
28715608,apparel.shoes.keds,fila,119.67,1,0,0.0,0.0
21409035,electronics.clocks,cover,231.67,1,0,0.0,0.0
13800301,furniture.bathroom.toilet,rosa,77.34,1,0,0.0,0.0
19200182,construction.tools.saw,bosch,280.43,1,0,0.0,0.0
6500848,computers.components.motherboard,gigabyte,58.94,1,0,0.0,0.0
3701243,appliances.environment.vacuum,elenberg,46.31,1,0,0.0,0.0
4700413,auto.accessories.videoregister,prestigio,51.44,1,0,0.0,0.0
6701027,computers.components.videocards,gigabyte,1354.73,1,0,0.0,0.0
9200564,computers.peripherals.keyboard,sven,19.07,1,0,0.0,0.0
2700120,appliances.kitchen.refrigerators,samsung,1068.21,1,0,0.0,0.0
21410349,electronics.clocks,lorus,69.24,1,0,0.0,0.0
18300945,accessories.bag,deluxe,20.05,1,0,0.0,0.0
28714828,apparel.shoes.keds,escan,51.22,1,0,0.0,0.0
21401862,electronics.clocks,seiko,665.65,1,0,0.0,0.0
25900013,computers.components.cooler,ecocool,141.55,1,0,0.0,0.0
2900691,appliances.kitchen.microwave,dauscher,162.14,1,0,0.0,0.0
2702540,appliances.kitchen.refrigerators,atlantic,120.96,1,0,0.0,0.0
4900376,appliances.kitchen.juicer,redmond,216.2,1,0,0.0,0.0
29700032,accessories.umbrella,fabretti,25.48,1,0,0.0,0.0
21411777,electronics.clocks,tissot,216.22,1,0,0.0,0.0
19200084,construction.tools.saw,bosch,459.01,1,0,0.0,0.0
4600717,appliances.kitchen.dishwasher,indesit,440.14,1,0,0.0,0.0
12400294,construction.tools.drill,metabo,158.25,1,0,0.0,0.0
7900959,furniture.kitchen.chair,chicco,141.57,1,0,0.0,0.0
28713151,apparel.shoes,respect,86.23,1,0,0.0,0.0
3100966,appliances.kitchen.blender,kitfort,42.17,1,0,0.0,0.0
28718334,apparel.shoes,respect,86.23,1,0,0.0,0.0
4201294,appliances.environment.air_conditioner,haier,154.42,1,0,0.0,0.0
28300893,accessories.wallet,coccinelle,56.89,1,0,0.0,0.0
1005274,electronics.smartphone,huawei,128.43,1,0,0.0,0.0
56300073,apparel.jumper,conceptclub,22.91,1,0,0.0,0.0
4804425,electronics.audio.headphone,marshall,169.12,1,0,0.0,0.0
3100281,appliances.kitchen.blender,braun,30.63,1,0,0.0,0.0
1801781,electronics.video.tv,horizont,398.72,1,0,0.0,0.0
28715589,apparel.shoes.keds,fila,102.94,1,0,0.0,0.0
18900053,electronics.camera.photo,canon,2052.58,1,0,0.0,0.0
1600362,computers.peripherals.printer,hp,154.96,1,0,0.0,0.0
17200966,furniture.living_room.sofa,mebberi,772.19,1,0,0.0,0.0
3601637,appliances.kitchen.washer,arg,100.36,1,0,0.0,0.0
9002800,kids.toys,fancy,8.31,1,0,0.0,0.0
2402006,appliances.kitchen.hood,hansa,231.38,1,0,0.0,0.0
39900034,apparel.trousers,jordan,73.34,1,0,0.0,0.0
2401581,appliances.kitchen.hood,elica,269.66,1,0,0.0,0.0
11700370,electronics.audio.acoustic,cvgaudio,29.27,1,0,0.0,0.0
6200731,appliances.environment.air_heater,ecoterm,21.65,1,0,0.0,0.0
28718717,apparel.shoes,respect,143.89,1,0,0.0,0.0
28711371,apparel.shoes.slipons,rieker,42.21,1,0,0.0,0.0
5200066,computers.ebooks,amazon,172.27,1,0,0.0,0.0
27000026,sport.trainer,domyos,463.33,1,0,0.0,0.0
2702557,appliances.kitchen.refrigerators,samsung,1029.34,1,0,0.0,0.0
21410237,electronics.clocks,orient,100.9,1,0,0.0,0.0
3701263,appliances.environment.vacuum,arnica,195.93,1,0,0.0,0.0
9100466,computers.peripherals.mouse,logitech,130.03,1,0,0.0,0.0
3701583,appliances.environment.vacuum,makita,704.09,1,0,0.0,0.0
2800591,appliances.kitchen.refrigerators,leadbros,189.71,1,0,0.0,0.0
28718046,apparel.shoes,baden,51.22,1,0,0.0,0.0
30900420,computers.components.cooler,deepcool,3.81,1,0,0.0,0.0
6701084,computers.components.videocards,msi,994.16,1,0,0.0,0.0
1003438,electronics.smartphone,gionee,74.65,1,0,0.0,0.0
28715455,apparel.shoes.keds,remonte,57.92,1,0,0.0,0.0
7005831,kids.carriage,adamex,370.67,1,0,0.0,0.0
6902981,furniture.living_room.chair,nania,63.32,1,0,0.0,0.0
28719052,apparel.shoes,baden,51.22,1,0,0.0,0.0
53900013,construction.tools.saw,metabo,247.7,1,0,0.0,0.0
10900030,appliances.kitchen.mixer,bosch,66.9,1,0,0.0,0.0
1801794,electronics.video.tv,elenberg,295.99,1,0,0.0,0.0
13900095,construction.components.faucet,decoroom,23.88,1,0,0.0,0.0
1004457,electronics.smartphone,meizu,386.08,1,0,0.0,0.0
45600082,apparel.shoes,shagovita,52.6,1,0,0.0,0.0
20500475,sport.ski,elan,272.59,1,0,0.0,0.0
3801109,appliances.iron,tefal,437.57,1,0,0.0,0.0
9500142,computers.peripherals.camera,genius,38.87,1,0,0.0,0.0
28719267,apparel.shoes,rieker,73.36,1,0,0.0,0.0
20700553,apparel.shoes,rossignol,153.41,1,0,0.0,0.0
18800024,auto.accessories.parktronic,erisson,36.04,1,0,0.0,0.0
4801961,electronics.audio.headphone,beats,140.03,1,0,0.0,0.0
12300514,construction.tools.drill,patriot,54.53,1,0,0.0,0.0
21410212,electronics.clocks,casio,40.41,1,0,0.0,0.0
30600094,appliances.environment.vacuum,ryobi,54.8,1,0,0.0,0.0
7006184,kids.carriage,hp,61.78,1,0,0.0,0.0
28712612,apparel.shoes,respect,53.54,1,0,0.0,0.0
2240112,electronics.audio.microphone,laudio,123.56,1,0,0.0,0.0
12201690,sport.bicycle,axis,100.39,1,0,0.0,0.0
7006242,kids.carriage,bumbleride,476.79,1,0,0.0,0.0
12202340,sport.bicycle,axis,195.63,1,0,0.0,0.0
2702549,appliances.kitchen.refrigerators,pozis,373.75,1,0,0.0,0.0
4800035,electronics.audio.headphone,beats,102.94,1,0,0.0,0.0
18300594,accessories.bag,xiaomi,37.58,1,0,0.0,0.0
2702524,appliances.kitchen.refrigerators,dauscher,622.41,1,0,0.0,0.0
21405217,electronics.clocks,armani,236.81,1,0,0.0,0.0
28718996,apparel.shoes,baden,120.72,1,0,0.0,0.0
1305233,computers.notebook,hp,1662.57,1,0,0.0,0.0
1801603,electronics.video.tv,samsung,616.49,1,0,0.0,0.0
10400419,kids.toys,hb,25.71,1,0,0.0,0.0
13201188,furniture.bedroom.bed,brw,455.61,1,0,0.0,0.0
1004123,electronics.smartphone,bq,91.71,1,0,0.0,0.0
18301050,accessories.bag,apple,283.12,1,0,0.0,0.0
28716664,apparel.shoes,respect,128.45,1,0,0.0,0.0
1802058,electronics.video.tv,philips,1132.56,1,0,0.0,0.0
16800479,furniture.kitchen.table,domini,146.72,1,0,0.0,0.0
8700162,appliances.personal.hair_cutter,philips,23.14,1,0,0.0,0.0
7900938,furniture.kitchen.chair,peg-perego,171.47,1,0,0.0,0.0
9900217,electronics.video.projector,optoma,810.83,1,0,0.0,0.0
28300815,accessories.wallet,picard,63.06,1,0,0.0,0.0
45600761,apparel.shoes,garvalin,64.35,1,0,0.0,0.0
6800226,appliances.kitchen.kettle,braun,48.88,1,0,0.0,0.0
21406041,electronics.clocks,versace,700.6,1,0,0.0,0.0
4900399,appliances.kitchen.juicer,smeg,544.79,1,0,0.0,0.0
52900083,accessories.bag,stanley,8.82,1,0,0.0,0.0
16800353,furniture.kitchen.table,domini,339.78,1,0,0.0,0.0
30900127,computers.components.cooler,deepcool,9.83,1,0,0.0,0.0
4400053,appliances.kitchen.coffee_machine,bork,1065.64,1,0,0.0,0.0
2402146,appliances.kitchen.hood,maunfeld,174.24,1,0,0.0,0.0
10400420,kids.toys,hb,25.71,1,0,0.0,0.0
2402230,appliances.kitchen.hood,electrolux,205.33,1,0,0.0,0.0
2502176,appliances.kitchen.oven,kuppersberg,841.94,1,0,0.0,0.0
1004593,electronics.smartphone,irbis,71.48,1,0,0.0,0.0
21409235,electronics.clocks,casio,27.28,1,0,0.0,0.0
28300760,accessories.wallet,picard,45.05,1,0,0.0,0.0
2400468,appliances.kitchen.hood,crown,73.42,1,0,0.0,0.0
2502281,appliances.kitchen.oven,dauscher,162.14,1,0,0.0,0.0
21405683,electronics.clocks,casio,48.65,1,0,0.0,0.0
16900042,furniture.kitchen.table,brw,103.48,1,0,0.0,0.0
28718071,apparel.shoes,caprice,115.58,1,0,0.0,0.0
3700715,appliances.environment.vacuum,artel,47.27,1,0,0.0,0.0
4800141,electronics.audio.headphone,sony,90.07,1,0,0.0,0.0
19100417,construction.tools.saw,tch,41.18,1,0,0.0,0.0
45601405,apparel.shoes,garvalin,41.96,1,0,0.0,0.0
4600650,appliances.kitchen.dishwasher,gorenje,373.21,1,0,0.0,0.0
2900475,appliances.kitchen.microwave,gorenje,293.69,1,0,0.0,0.0
14100651,electronics.audio.acoustic,fender,244.28,1,0,0.0,0.0
2500925,appliances.kitchen.oven,polaris,91.12,1,0,0.0,0.0
28713994,apparel.shoes,caprice,42.73,1,0,0.0,0.0
4804074,electronics.audio.headphone,inkax,3.86,1,0,0.0,0.0
46900009,accessories.bag,ezetil,66.9,1,0,0.0,0.0
13201284,furniture.bedroom.bed,brw,429.87,1,0,0.0,0.0
28718377,apparel.shoes,respect,51.22,1,0,0.0,0.0
45600281,apparel.shoes,shagovita,51.47,1,0,0.0,0.0
18300185,accessories.bag,xiaomi,48.14,1,0,0.0,0.0
14500108,appliances.kitchen.coffee_grinder,kitfort,20.05,1,0,0.0,0.0
28716869,apparel.shoes,rieker,94.98,1,0,0.0,0.0
4803956,electronics.audio.headphone,sven,5.64,1,0,0.0,0.0
1801593,electronics.video.tv,sony,1132.33,1,0,0.0,0.0
1307483,computers.notebook,xiaomi,1248.17,1,0,0.0,0.0
28720989,apparel.shoes,salamander,108.37,1,0,0.0,0.0
45601489,apparel.shoes,babybotte,31.66,1,0,0.0,0.0
4802118,electronics.audio.headphone,urbanears,34.06,1,0,0.0,0.0
1005248,electronics.smartphone,inoi,46.05,1,0,0.0,0.0
28716434,apparel.shoes,respect,128.45,1,0,0.0,0.0
11200518,appliances.personal.scales,scarlett,14.13,1,0,0.0,0.0
21408722,electronics.clocks,casio,76.45,1,0,0.0,0.0
6900405,furniture.living_room.chair,cybex,272.83,1,0,0.0,0.0
6400330,computers.components.cpu,amd,270.53,1,0,0.0,0.0
28708251,apparel.shoes.sandals,respect,34.49,1,0,0.0,0.0
3900713,appliances.environment.water_heater,thermex,115.81,1,0,0.0,0.0
34900054,appliances.kitchen.grill,char-broil,695.0,1,0,0.0,0.0
28716954,apparel.shoes,respect,118.15,1,0,0.0,0.0
6800500,computers.components.hdd,seagate,87.49,1,0,0.0,0.0
21410443,electronics.clocks,orient,125.61,1,0,0.0,0.0
28720377,apparel.shoes,fly,89.58,1,0,0.0,0.0
11700082,electronics.audio.acoustic,behringer,406.7,1,0,0.0,0.0
6400179,computers.components.cpu,intel,187.88,1,0,0.0,0.0
28714292,apparel.shoes.keds,nike,144.12,1,0,0.0,0.0
1307303,computers.notebook,lenovo,360.34,1,0,0.0,0.0
21411819,electronics.clocks,tissot,566.3,1,0,0.0,0.0
28400703,accessories.bag,muqajankz,56.63,1,0,0.0,0.0
1480672,computers.desktop,hp,432.19,1,0,0.0,0.0
28704492,apparel.shoes.moccasins,etor,92.67,1,0,0.0,0.0
7004078,kids.carriage,lonex,285.72,1,0,0.0,0.0
4801791,electronics.audio.headphone,panasonic,5.92,1,0,0.0,0.0
12300646,construction.tools.drill,dewalt,243.37,1,0,0.0,0.0
7001511,kids.carriage,joie,109.91,1,0,0.0,0.0
9700243,computers.components.power_supply,thermaltake,159.44,1,0,0.0,0.0
21400472,electronics.clocks,boccia,149.3,1,0,0.0,0.0
5000679,appliances.sewing_machine,janome,132.79,1,0,0.0,0.0
6601019,computers.components.memory,hyperx,847.17,1,0,0.0,0.0
18300752,accessories.bag,hp,26.3,1,0,0.0,0.0
13200706,furniture.bedroom.bed,brw,258.18,1,0,0.0,0.0
28300510,accessories.wallet,petek,43.24,1,0,0.0,0.0
21408245,electronics.clocks,tissot,772.22,1,0,0.0,0.0
21406573,electronics.clocks,tissot,331.54,1,0,0.0,0.0
48200470,apparel.dress,annaanna,25.48,1,0,0.0,0.0
14300344,electronics.audio.music_tools.piano,kurzweil,265.64,1,0,0.0,0.0
28300675,accessories.wallet,picard,90.09,1,0,0.0,0.0
5100807,electronics.clocks,alpina,929.24,1,0,0.0,0.0
28300704,accessories.wallet,muqajankz,18.02,1,0,0.0,0.0
18200063,electronics.audio.acoustic,bose,730.22,1,0,0.0,0.0
45500019,computers.notebook,trust,33.1,1,0,0.0,0.0
28714629,apparel.shoes.keds,reebok,59.19,1,0,0.0,0.0
9100923,computers.peripherals.mouse,delux,19.53,1,0,0.0,0.0
28300570,accessories.wallet,petek,90.61,1,0,0.0,0.0
5100599,electronics.clocks,suunto,308.63,1,0,0.0,0.0
21401374,electronics.clocks,casio,51.74,1,0,0.0,0.0
21411790,electronics.clocks,tissot,226.52,1,0,0.0,0.0
21406320,electronics.clocks,casio,51.22,1,0,0.0,0.0
4802067,electronics.audio.headphone,plantronics,51.45,1,0,0.0,0.0
1480481,computers.desktop,dell,758.91,1,0,0.0,0.0
18900000,electronics.camera.photo,canon,648.24,1,0,0.0,0.0
20200015,sport.snowboard,ride,246.85,1,0,0.0,0.0
6700895,computers.components.videocards,asus,767.65,1,0,0.0,0.0
6200723,appliances.environment.air_heater,luxell,74.0,1,0,0.0,0.0
28717595,apparel.shoes,catunltd,95.24,1,0,0.0,0.0
21403530,electronics.clocks,orient,176.07,1,0,0.0,0.0
6601101,computers.components.memory,gigabyte,103.73,1,0,0.0,0.0
6200080,appliances.environment.air_heater,almacom,46.22,1,0,0.0,0.0
45600645,apparel.shoes,pablosky,60.49,1,0,0.0,0.0
45600541,apparel.shoes,pablosky,56.63,1,0,0.0,0.0
8800288,electronics.telephone,elari,40.75,1,0,0.0,0.0
21408112,electronics.clocks,citizen,1228.09,1,0,0.0,0.0
2402994,appliances.kitchen.hood,turbo,102.94,1,0,0.0,0.0
2701595,appliances.kitchen.refrigerators,haier,785.07,1,0,0.0,0.0
2300138,electronics.camera.video,panasonic,386.08,1,0,0.0,0.0
2300319,electronics.camera.video,sony,462.05,1,0,0.0,0.0
20300136,sport.snowboard,ride,128.45,1,0,0.0,0.0
28715680,apparel.shoes,greyder,110.68,1,0,0.0,0.0
45600697,apparel.shoes,pablosky,65.38,1,0,0.0,0.0
28400757,accessories.bag,baden,46.08,1,0,0.0,0.0
16800036,furniture.kitchen.table,bts,66.9,1,0,0.0,0.0
17900233,construction.tools.generator,kronwerk,215.66,1,0,0.0,0.0
6601032,computers.components.memory,kingston,57.66,1,0,0.0,0.0
9100580,computers.peripherals.mouse,crown,9.52,1,0,0.0,0.0
4700606,auto.accessories.videoregister,inspector,127.42,1,0,0.0,0.0
1500371,computers.peripherals.printer,epson,443.39,1,0,0.0,0.0
26900064,sport.trainer,housefit,383.28,1,0,0.0,0.0
21411719,electronics.clocks,danielklein,52.25,1,0,0.0,0.0
20200043,sport.snowboard,ride,231.41,1,0,0.0,0.0
36000030,appliances.kitchen.kettle,maunfeld,38.33,1,0,0.0,0.0
23700132,furniture.bedroom.blanket,alvitek,30.89,1,0,0.0,0.0
21411764,electronics.clocks,danielklein,48.65,1,0,0.0,0.0
18500057,electronics.tablet,huion,949.57,1,0,0.0,0.0
28300533,accessories.wallet,petek,65.9,1,0,0.0,0.0
18800028,auto.accessories.parktronic,erisson,36.04,1,0,0.0,0.0
17800102,computers.desktop,zeta,43.86,1,0,0.0,0.0
28400354,accessories.bag,roncato,35.26,1,0,0.0,0.0
1802103,electronics.video.tv,arg,154.02,1,0,0.0,0.0
3600854,appliances.kitchen.washer,lg,451.49,1,0,0.0,0.0
6801147,computers.components.hdd,toshiba,116.68,1,0,0.0,0.0
5700837,auto.accessories.player,jvc,141.57,1,0,0.0,0.0
11100134,appliances.personal.scales,elenberg,10.27,1,0,0.0,0.0
1801400,electronics.video.tv,haier,437.33,1,0,0.0,0.0
17800336,computers.desktop,dxracer,306.03,1,0,0.0,0.0
1701295,computers.peripherals.monitor,gamemax,540.68,1,0,0.0,0.0
6600804,computers.components.memory,hyperx,50.45,1,0,0.0,0.0
4400480,appliances.kitchen.coffee_machine,philips,1698.81,1,0,0.0,0.0
28720180,apparel.shoes.keds,asics,109.91,1,0,0.0,0.0
1701561,computers.peripherals.monitor,qmax,77.84,1,0,0.0,0.0
22900232,furniture.bedroom.pillow,xiaomi,19.87,1,0,0.0,0.0
8800775,electronics.telephone,irbis,13.3,1,0,0.0,0.0
3100916,appliances.kitchen.blender,sakura,26.74,1,0,0.0,0.0
6701247,computers.components.videocards,asus,498.48,1,0,0.0,0.0
21408949,electronics.clocks,casio,28.06,1,0,0.0,0.0
7901059,furniture.kitchen.chair,lorelli-bertoni,81.05,1,0,0.0,0.0
1480668,computers.desktop,hp,686.99,1,0,0.0,0.0
35200108,apparel.underwear,milavitsa,14.35,1,0,0.0,0.0
21411774,electronics.clocks,tissot,252.26,1,0,0.0,0.0
28710318,apparel.shoes,respect,25.48,1,0,0.0,0.0
4400470,appliances.kitchen.coffee_machine,krups,694.97,1,0,0.0,0.0
4801746,electronics.audio.headphone,sony,12.84,1,0,0.0,0.0
1701345,computers.peripherals.monitor,hp,173.69,1,0,0.0,0.0
2402345,appliances.kitchen.hood,gorenje,141.55,1,0,0.0,0.0
8800714,electronics.telephone,prestigio,13.0,1,0,0.0,0.0
13900189,construction.components.faucet,rossinka,31.0,1,0,0.0,0.0
52900077,accessories.bag,stanley,200.52,1,0,0.0,0.0
2700414,appliances.kitchen.refrigerators,indesit,286.47,1,0,0.0,0.0
4600670,appliances.kitchen.dishwasher,electrolux,373.21,1,0,0.0,0.0
3700605,appliances.environment.vacuum,vitek,51.4,1,0,0.0,0.0
12301453,construction.tools.drill,makita,425.91,1,0,0.0,0.0
6701235,computers.components.videocards,gigabyte,1386.33,1,0,0.0,0.0
6801185,computers.components.hdd,crucial,62.81,1,0,0.0,0.0
2900711,appliances.kitchen.microwave,ava,74.3,1,0,0.0,0.0
11700351,electronics.audio.acoustic,presonus,476.2,1,0,0.0,0.0
52900174,accessories.bag,dewalt,45.16,1,0,0.0,0.0
4500276,appliances.kitchen.hob,hansa,308.61,1,0,0.0,0.0
1304520,computers.notebook,lenovo,1879.07,1,0,0.0,0.0
1700462,computers.peripherals.monitor,qmax,96.14,1,0,0.0,0.0
1003978,electronics.smartphone,oneplus,646.03,1,0,0.0,0.0
21409869,electronics.clocks,bomberg,1222.68,1,0,0.0,0.0
18500066,electronics.tablet,huion,126.85,1,0,0.0,0.0
4700727,auto.accessories.videoregister,navitel,51.46,1,0,0.0,0.0
21409309,electronics.clocks,casio,44.79,1,0,0.0,0.0
21405071,electronics.clocks,fossil,146.21,1,0,0.0,0.0
7004108,kids.carriage,adamex,404.13,1,0,0.0,0.0
6200162,appliances.environment.air_heater,swissline,16.94,1,0,0.0,0.0
1801987,electronics.video.tv,lg,1982.01,1,0,0.0,0.0
28719342,apparel.shoes,tesoro,61.75,1,0,0.0,0.0
6201308,appliances.environment.air_heater,oasis,41.16,1,0,0.0,0.0
1307156,computers.notebook,apple,1544.18,1,0,0.0,0.0
2401480,appliances.kitchen.hood,elikor,82.16,1,0,0.0,0.0
28704402,apparel.shoes.keds,adidas,51.48,1,0,0.0,0.0
12600043,appliances.kitchen.grill,bork,746.45,1,0,0.0,0.0
14700309,furniture.living_room.cabinet,brw,190.22,1,0,0.0,0.0
5000645,appliances.sewing_machine,elna,118.38,1,0,0.0,0.0
5000637,appliances.sewing_machine,janome,133.28,1,0,0.0,0.0
1801570,electronics.video.tv,sony,604.65,1,0,0.0,0.0
3701066,appliances.environment.vacuum,gorenje,64.33,1,0,0.0,0.0
3601258,appliances.kitchen.washer,optima,126.83,1,0,0.0,0.0
22400124,electronics.audio.microphone,akg,167.31,1,0,0.0,0.0
1801953,electronics.video.tv,sony,899.87,1,0,0.0,0.0
6800480,computers.components.hdd,kingston,153.79,1,0,0.0,0.0
9200117,computers.peripherals.keyboard,defender,16.19,1,0,0.0,0.0
4400006,appliances.kitchen.coffee_machine,philips,77.2,1,0,0.0,0.0
9101038,computers.peripherals.mouse,trust,16.7,1,0,0.0,0.0
5801092,electronics.audio.subwoofer,hertz,81.57,1,0,0.0,0.0
28718020,apparel.shoes,respect,50.71,1,0,0.0,0.0
18300703,accessories.bag,apple,257.38,1,0,0.0,0.0
16800324,furniture.kitchen.table,mamadoma,215.71,1,0,0.0,0.0
6000174,auto.accessories.alarm,starline,241.71,1,0,0.0,0.0
3701143,appliances.environment.vacuum,karcher,514.53,1,0,0.0,0.0
6903016,furniture.living_room.chair,zlatek,61.75,1,0,0.0,0.0
1307241,computers.notebook,hp,1055.11,1,0,0.0,0.0
17800030,computers.desktop,dxracer,253.8,1,0,0.0,0.0
29100058,appliances.personal.massager,maxwell,28.29,1,0,0.0,0.0
3701458,appliances.environment.vacuum,dewalt,1109.09,1,0,0.0,0.0
19200106,construction.tools.saw,stihl,306.31,1,0,0.0,0.0
2501094,appliances.kitchen.oven,bosch,1072.87,1,0,0.0,0.0
19200045,construction.tools.saw,patriot,119.77,1,0,0.0,0.0
1802100,electronics.video.tv,arg,360.34,1,0,0.0,0.0
1701013,computers.peripherals.monitor,samsung,516.57,1,0,0.0,0.0
1701277,computers.peripherals.monitor,acer,118.15,1,0,0.0,0.0
18300165,accessories.bag,tucano,28.29,1,0,0.0,0.0
3701403,appliances.environment.vacuum,dauscher,51.4,1,0,0.0,0.0
9200463,computers.peripherals.keyboard,razer,193.3,1,0,0.0,0.0
30000163,construction.tools.welding,magnetta,375.18,1,0,0.0,0.0
2702246,appliances.kitchen.refrigerators,bosch,1109.87,1,0,0.0,0.0
2701892,appliances.kitchen.refrigerators,bosch,699.89,1,0,0.0,0.0
12202117,sport.bicycle,cannondale,540.3,1,0,0.0,0.0
12900085,stationery.cartrige,hp,13.1,1,0,0.0,0.0
28717029,apparel.shoes.keds,strobbs,34.49,1,0,0.0,0.0
4900379,appliances.kitchen.juicer,scarlett,94.98,1,0,0.0,0.0
8700233,appliances.personal.hair_cutter,vitek,17.76,1,0,0.0,0.0
4600330,appliances.kitchen.dishwasher,hansa,411.77,1,0,0.0,0.0
6600621,computers.components.memory,kingston,43.24,1,0,0.0,0.0
12300875,construction.tools.drill,makita,497.84,1,0,0.0,0.0
48200439,apparel.dress,persona,254.83,1,0,0.0,0.0
12201594,sport.bicycle,giant,591.78,1,0,0.0,0.0
16200338,kids.fmcg.diapers,huggies,4.02,1,0,0.0,0.0
21410832,electronics.clocks,casio,89.06,1,0,0.0,0.0
4802873,electronics.audio.headphone,beats,344.9,1,0,0.0,0.0
1307541,computers.notebook,asus,494.2,1,0,0.0,0.0
12400463,construction.tools.drill,bosch,361.57,1,0,0.0,0.0
11300054,electronics.telephone,texet,21.85,1,0,0.0,0.0
2701938,appliances.kitchen.refrigerators,atlant,407.99,1,0,0.0,0.0
6901288,furniture.living_room.chair,bambola,61.32,1,0,0.0,0.0
48100002,sport.bicycle,hycell,25.64,1,0,0.0,0.0
7004830,kids.carriage,lorelli,183.55,1,0,0.0,0.0
4400381,appliances.kitchen.coffee_machine,polaris,113.77,1,0,0.0,0.0
14700162,furniture.living_room.cabinet,brw,145.69,1,0,0.0,0.0
9002553,kids.toys,hasbro,42.47,1,0,0.0,0.0
7006068,kids.carriage,lorelli,85.68,1,0,0.0,0.0
4900394,appliances.kitchen.juicer,scarlett,147.25,1,0,0.0,0.0
1480747,computers.desktop,pulser,779.92,1,0,0.0,0.0
14701897,furniture.living_room.cabinet,stolplit,65.61,1,0,0.0,0.0
5801507,electronics.audio.subwoofer,kicx,42.99,1,0,0.0,0.0
4500019,appliances.kitchen.hob,hansa,180.16,1,0,0.0,0.0
4600471,appliances.kitchen.dishwasher,hotpoint-ariston,486.32,1,0,0.0,0.0
28716629,apparel.shoes.keds,respect,31.92,1,0,0.0,0.0
9001016,kids.toys,aurora,13.39,1,0,0.0,0.0
3100310,appliances.kitchen.blender,bosch,42.7,1,0,0.0,0.0
14300306,electronics.audio.music_tools.piano,kurzweil,391.0,1,0,0.0,0.0
5000523,appliances.sewing_machine,janome,180.16,1,0,0.0,0.0
18300122,accessories.bag,sumdex,51.46,1,0,0.0,0.0
4500681,appliances.kitchen.hob,darina,180.16,1,0,0.0,0.0
11200514,appliances.personal.scales,momert,58.17,1,0,0.0,0.0
21410729,electronics.clocks,tissot,295.5,1,0,0.0,0.0
2401588,appliances.kitchen.hood,hansa,51.46,1,0,0.0,0.0
28300842,accessories.wallet,karya,33.46,1,0,0.0,0.0
5000546,appliances.sewing_machine,janome,169.63,1,0,0.0,0.0
2702553,appliances.kitchen.refrigerators,pozis,382.51,1,0,0.0,0.0
5000789,appliances.sewing_machine,chayka,128.68,1,0,0.0,0.0
1701185,computers.peripherals.monitor,hp,210.81,1,0,0.0,0.0
6800210,appliances.kitchen.kettle,polaris,45.28,1,0,0.0,0.0
4802440,electronics.audio.headphone,steelseries,128.68,1,0,0.0,0.0
6700974,computers.components.videocards,palit,447.89,1,0,0.0,0.0
17200523,furniture.living_room.sofa,rivalli,694.74,1,0,0.0,0.0
1480359,computers.desktop,asus,167.11,1,0,0.0,0.0
20700257,apparel.shoes,salomon,231.41,1,0,0.0,0.0
1701497,computers.peripherals.monitor,iiyama,120.96,1,0,0.0,0.0
6301908,appliances.kitchen.kettle,scarlett,15.93,1,0,0.0,0.0
21404577,electronics.clocks,casio,33.2,1,0,0.0,0.0
7004973,kids.carriage,babyzen,630.65,1,0,0.0,0.0
5100884,electronics.clocks,garmin,1248.66,1,0,0.0,0.0
3701448,appliances.environment.vacuum,samsung,334.6,1,0,0.0,0.0
1801695,electronics.video.tv,hisense,591.78,1,0,0.0,0.0
13201012,furniture.bedroom.bed,imperial,295.48,1,0,0.0,0.0
28720527,apparel.shoes,baratto,93.95,1,0,0.0,0.0
5600058,appliances.environment.air_heater,ballu,101.91,1,0,0.0,0.0
30000251,construction.tools.welding,jasic,373.24,1,0,0.0,0.0
6600183,computers.components.memory,geil,21.33,1,0,0.0,0.0
39800153,apparel.shirt,dion,28.31,1,0,0.0,0.0
12100830,kids.skates,joyor,332.05,1,0,0.0,0.0
21411275,electronics.clocks,versus,295.14,1,0,0.0,0.0
21401525,electronics.clocks,casio,49.16,1,0,0.0,0.0
28300422,accessories.wallet,petek,43.24,1,0,0.0,0.0
6000282,auto.accessories.alarm,starline,60.23,1,0,0.0,0.0
6700795,computers.components.videocards,msi,173.39,1,0,0.0,0.0
28719046,apparel.shoes,baden,51.22,1,0,0.0,0.0
35200531,apparel.underwear,milavitsa,16.11,1,0,0.0,0.0
3700911,appliances.environment.vacuum,philips,283.12,1,0,0.0,0.0
4801571,electronics.audio.headphone,panasonic,15.44,1,0,0.0,0.0
1307258,computers.notebook,hp,411.59,1,0,0.0,0.0
35200629,apparel.underwear,noppies,10.3,1,0,0.0,0.0
11600002,computers.desktop,sven,15.42,1,0,0.0,0.0
1600470,computers.peripherals.printer,epson,617.86,1,0,0.0,0.0
11100214,appliances.personal.scales,redmond,26.87,1,0,0.0,0.0
28701241,apparel.shoes.sandals,spur,24.2,1,0,0.0,0.0
11200260,appliances.personal.scales,redmond,25.69,1,0,0.0,0.0
4804541,electronics.audio.headphone,ritmix,1.13,1,0,0.0,0.0
2400288,appliances.kitchen.hood,gorenje,204.36,1,0,0.0,0.0
28718192,apparel.shoes,salamander,51.22,1,0,0.0,0.0
28300129,accessories.wallet,petek,68.99,1,0,0.0,0.0
2403038,appliances.kitchen.hood,oasis,55.83,1,0,0.0,0.0
2900006,appliances.kitchen.microwave,samsung,115.81,1,0,0.0,0.0
1307308,computers.notebook,hp,1196.68,1,0,0.0,0.0
30900321,computers.components.cooler,deepcool,5.02,1,0,0.0,0.0
5800778,electronics.audio.subwoofer,kicx,15.44,1,0,0.0,0.0
12300526,construction.tools.drill,dwt,44.72,1,0,0.0,0.0
3801309,appliances.iron,tefal,244.51,1,0,0.0,0.0
28715956,apparel.shoes.moccasins,etor,92.67,1,0,0.0,0.0
10201228,kids.dolls,barbie,13.36,1,0,0.0,0.0
9200055,computers.peripherals.keyboard,x-game,4.45,1,0,0.0,0.0
5801498,electronics.audio.subwoofer,kicx,56.89,1,0,0.0,0.0
12400260,construction.tools.drill,makita,219.72,1,0,0.0,0.0
12300365,construction.tools.drill,felisatti,110.53,1,0,0.0,0.0
28719607,apparel.shoes,baden,51.22,1,0,0.0,0.0
4502005,appliances.kitchen.hob,candy,204.4,1,0,0.0,0.0
3800849,appliances.iron,marta,25.14,1,0,0.0,0.0
1306722,computers.notebook,lenovo,761.9,1,0,0.0,0.0
6302025,appliances.kitchen.kettle,polaris,97.79,1,0,0.0,0.0
11700298,electronics.audio.acoustic,yamaha,835.01,1,0,0.0,0.0
19200209,construction.tools.saw,edon,35.52,1,0,0.0,0.0
3100747,appliances.kitchen.blender,electrolux,102.71,1,0,0.0,0.0
60500002,construction.tools.welding,resanta,42.19,1,0,0.0,0.0
6701212,computers.components.videocards,palit,186.31,1,0,0.0,0.0
28707240,apparel.shoes.slipons,respect,22.91,1,0,0.0,0.0
28715721,apparel.shoes,caprice,64.61,1,0,0.0,0.0
19100157,construction.tools.saw,makita,790.02,1,0,0.0,0.0
1801544,electronics.video.tv,lg,638.11,1,0,0.0,0.0
45600250,apparel.shoes,shagovita,43.75,1,0,0.0,0.0
28300821,accessories.wallet,picard,100.39,1,0,0.0,0.0
13201311,furniture.bedroom.bed,mebelson,204.36,1,0,0.0,0.0
12300889,construction.tools.drill,crown,25.48,1,0,0.0,0.0
22900065,furniture.bedroom.pillow,belashoff,15.44,1,0,0.0,0.0
45601881,apparel.shoes,kapika,34.75,1,0,0.0,0.0
16700361,furniture.kitchen.chair,sv,28.57,1,0,0.0,0.0
28716945,apparel.shoes,nexpero,110.43,1,0,0.0,0.0
7006049,kids.carriage,tako,643.52,1,0,0.0,0.0
2500530,appliances.kitchen.oven,hansa,445.85,1,0,0.0,0.0
8600156,appliances.environment.fan,tefal,55.32,1,0,0.0,0.0
3601094,appliances.kitchen.washer,shivaki,97.84,1,0,0.0,0.0
12301441,construction.tools.drill,metabo,1097.26,1,0,0.0,0.0
6500607,computers.components.motherboard,msi,213.46,1,0,0.0,0.0
6701121,computers.components.videocards,powercolor,295.76,1,0,0.0,0.0
52900189,accessories.bag,stanley,54.39,1,0,0.0,0.0
1701552,computers.peripherals.monitor,acer,217.51,1,0,0.0,0.0
21408787,electronics.clocks,orient,188.42,1,0,0.0,0.0
14701216,furniture.living_room.cabinet,brw,192.54,1,0,0.0,0.0
11700140,electronics.audio.acoustic,m-audio,241.96,1,0,0.0,0.0
28704121,apparel.shoes.keds,nike,179.93,1,0,0.0,0.0
52900168,accessories.bag,stanley,35.86,1,0,0.0,0.0
45600995,apparel.shoes,minimen,38.61,1,0,0.0,0.0
5100415,electronics.clocks,garmin,624.23,1,0,0.0,0.0
18300848,accessories.bag,roncato,272.08,1,0,0.0,0.0
21411816,electronics.clocks,tissot,339.78,1,0,0.0,0.0
13200337,furniture.bedroom.bed,domini,199.49,1,0,0.0,0.0
8901554,kids.toys,chicco,45.17,1,0,0.0,0.0
12300476,construction.tools.drill,crown,48.52,1,0,0.0,0.0
21400666,electronics.clocks,orient,108.63,1,0,0.0,0.0
9101354,computers.peripherals.mouse,x-game,5.12,1,0,0.0,0.0
28714096,apparel.shoes.moccasins,caprice,55.34,1,0,0.0,0.0
28713616,apparel.shoes,caprice,58.69,1,0,0.0,0.0
28704583,apparel.shoes,etor,100.39,1,0,0.0,0.0
4801611,electronics.audio.headphone,jabra,37.56,1,0,0.0,0.0
28711976,apparel.shoes,rieker,50.19,1,0,0.0,0.0
9101157,computers.peripherals.mouse,asus,37.93,1,0,0.0,0.0
12201845,sport.bicycle,haro,427.04,1,0,0.0,0.0
18300693,accessories.bag,hp,19.54,1,0,0.0,0.0
12202357,sport.bicycle,haro,308.63,1,0,0.0,0.0
28719475,apparel.shoes,baden,51.22,1,0,0.0,0.0
17200290,furniture.living_room.sofa,rivalli,694.74,1,0,0.0,0.0
4400468,appliances.kitchen.coffee_machine,scarlett,90.04,1,0,0.0,0.0
8800710,electronics.telephone,texet,27.62,1,0,0.0,0.0
6701188,computers.components.videocards,palit,478.52,1,0,0.0,0.0
6500914,computers.components.motherboard,asus,308.66,1,0,0.0,0.0
1004454,electronics.smartphone,meizu,334.35,1,0,0.0,0.0
9700257,computers.components.power_supply,thermaltake,119.95,1,0,0.0,0.0
28718862,apparel.shoes,respect,113.0,1,0,0.0,0.0
32900137,accessories.bag,plano,21.42,1,0,0.0,0.0
11700227,electronics.audio.acoustic,m-audio,101.64,1,0,0.0,0.0
9700359,computers.components.power_supply,deepcool,38.35,1,0,0.0,0.0
28401335,accessories.bag,karya,133.85,1,0,0.0,0.0
28720990,apparel.shoes,salamander,108.37,1,0,0.0,0.0
5100401,electronics.clocks,garmin,308.86,1,0,0.0,0.0
12301458,construction.tools.drill,metabo,251.37,1,0,0.0,0.0
6900241,furniture.living_room.chair,nania,41.19,1,0,0.0,0.0
28719592,apparel.shoes,baden,89.84,1,0,0.0,0.0
11600176,computers.desktop,logitech,31.43,1,0,0.0,0.0
30901181,computers.components.cooler,deepcool,119.67,1,0,0.0,0.0
21400536,electronics.clocks,casio,70.53,1,0,0.0,0.0
1004185,electronics.smartphone,meizu,334.37,1,0,0.0,0.0
1201362,electronics.tablet,acer,179.93,1,0,0.0,0.0
28717879,apparel.shoes,cover,136.17,1,0,0.0,0.0
4500454,appliances.kitchen.hob,hansa,205.64,1,0,0.0,0.0
12202612,sport.bicycle,progress,221.82,1,0,0.0,0.0
1802127,electronics.video.tv,samsung,2059.23,1,0,0.0,0.0
20500376,sport.ski,elan,128.45,1,0,0.0,0.0
5000505,appliances.sewing_machine,janome,121.96,1,0,0.0,0.0
22900080,furniture.bedroom.pillow,belashoff,16.73,1,0,0.0,0.0
2501670,appliances.kitchen.oven,bosch,384.8,1,0,0.0,0.0
28401162,accessories.bag,karya,59.2,1,0,0.0,0.0
47500013,construction.tools.light,puckator,20.59,1,0,0.0,0.0
13200685,furniture.bedroom.bed,brw,207.47,1,0,0.0,0.0
13201325,furniture.bedroom.bed,giornonotte,686.5,1,0,0.0,0.0
28716988,apparel.shoes,respect,118.15,1,0,0.0,0.0
4900337,appliances.kitchen.juicer,moulinex,31.32,1,0,0.0,0.0
5000478,appliances.sewing_machine,janome,278.72,1,0,0.0,0.0
13200160,furniture.bedroom.bed,brw,215.45,1,0,0.0,0.0
28401159,accessories.bag,karya,43.76,1,0,0.0,0.0
5801477,electronics.audio.subwoofer,alphard,102.96,1,0,0.0,0.0
28719751,apparel.shoes,betsy,42.19,1,0,0.0,0.0
5701073,auto.accessories.player,pioneer,64.35,1,0,0.0,0.0
28715783,apparel.shoes,nexpero,51.22,1,0,0.0,0.0
1307455,computers.notebook,hp,568.61,1,0,0.0,0.0
1701352,computers.peripherals.monitor,asus,927.99,1,0,0.0,0.0
28720693,apparel.shoes,baden,102.71,1,0,0.0,0.0
1400888,computers.desktop,hp,665.14,1,0,0.0,0.0
12201602,sport.bicycle,giant,643.26,1,0,0.0,0.0
14701564,furniture.living_room.cabinet,brw,207.47,1,0,0.0,0.0
6301296,appliances.kitchen.kettle,redmond,38.56,1,0,0.0,0.0
22400034,electronics.audio.microphone,shure,327.42,1,0,0.0,0.0
1306695,computers.notebook,asus,587.0,1,0,0.0,0.0
6200655,appliances.environment.air_heater,lumme,39.28,1,0,0.0,0.0
28719494,apparel.shoes.keds,baden,84.69,1,0,0.0,0.0
4400580,appliances.kitchen.coffee_machine,ariete,86.9,1,0,0.0,0.0
28714190,apparel.shoes,greyder,87.52,1,0,0.0,0.0
10900125,appliances.kitchen.mixer,clatronic,38.35,1,0,0.0,0.0
1801615,electronics.video.tv,samsung,514.53,1,0,0.0,0.0
2900789,appliances.kitchen.microwave,willmark,61.23,1,0,0.0,0.0
28300232,accessories.wallet,picard,24.45,1,0,0.0,0.0
28717498,apparel.shoes,respect,64.61,1,0,0.0,0.0
43200119,apparel.tshirt,goodloot,17.22,1,0,0.0,0.0
1306752,computers.notebook,lenovo,741.31,1,0,0.0,0.0
39800065,apparel.shirt,dion,29.6,1,0,0.0,0.0
6500957,computers.components.motherboard,gigabyte,125.54,1,0,0.0,0.0
6100236,auto.accessories.radar,fujida,71.71,1,0,0.0,0.0
30000249,construction.tools.welding,jasic,270.28,1,0,0.0,0.0
2401546,appliances.kitchen.hood,turbo,43.91,1,0,0.0,0.0
13900077,construction.components.faucet,decoroom,16.37,1,0,0.0,0.0
9002726,kids.toys,gulliver,12.87,1,0,0.0,0.0
6200583,appliances.environment.air_heater,hyundai,63.43,1,0,0.0,0.0
3700932,appliances.environment.vacuum,philips,249.66,1,0,0.0,0.0
19300024,appliances.ironing_board,worwo,30.73,1,0,0.0,0.0
6200429,appliances.environment.air_heater,hyundai,36.6,1,0,0.0,0.0
6201135,appliances.environment.air_heater,hyundai,88.39,1,0,0.0,0.0
28720401,apparel.shoes,burgerschuhe,105.28,1,0,0.0,0.0
2300331,electronics.camera.video,gopro,730.31,1,0,0.0,0.0
36000005,appliances.kitchen.kettle,vinzer,46.3,1,0,0.0,0.0
13600010,furniture.bathroom.bath,triton,327.35,1,0,0.0,0.0
28719309,apparel.shoes.keds,fila,142.17,1,0,0.0,0.0
3801219,appliances.iron,polti,393.58,1,0,0.0,0.0
5000824,appliances.sewing_machine,jack,455.01,1,0,0.0,0.0
6500754,computers.components.motherboard,asrock,87.26,1,0,0.0,0.0
3200376,appliances.kitchen.meat_grinder,moulinex,117.09,1,0,0.0,0.0
20200019,sport.snowboard,burton,669.0,1,0,0.0,0.0
21411000,electronics.clocks,armani,157.53,1,0,0.0,0.0
28711909,apparel.shoes,baratto,37.32,1,0,0.0,0.0
2702547,appliances.kitchen.refrigerators,dauscher,532.81,1,0,0.0,0.0
5100908,electronics.clocks,garmin,2522.59,1,0,0.0,0.0
4803768,electronics.audio.headphone,hyperx,90.61,1,0,0.0,0.0
12301454,construction.tools.drill,makita,621.62,1,0,0.0,0.0
5100354,electronics.clocks,suunto,540.3,1,0,0.0,0.0
13901566,construction.components.faucet,grohe,643.32,1,0,0.0,0.0
3800159,appliances.iron,bosch,87.49,1,0,0.0,0.0
4501352,appliances.kitchen.hob,gefest,214.06,1,0,0.0,0.0
18300524,accessories.bag,trust,17.05,1,0,0.0,0.0
6301433,appliances.kitchen.kettle,bene,54.93,1,0,0.0,0.0
1701341,computers.peripherals.monitor,hp,177.48,1,0,0.0,0.0
28401314,accessories.bag,karya,90.09,1,0,0.0,0.0
28721265,apparel.shoes,legre,118.15,1,0,0.0,0.0
6300879,appliances.kitchen.kettle,vitek,41.16,1,0,0.0,0.0
8700269,appliances.personal.hair_cutter,vitek,20.57,1,0,0.0,0.0
21405052,electronics.clocks,dkny,146.21,1,0,0.0,0.0
3901051,appliances.environment.water_heater,oasis,90.07,1,0,0.0,0.0
6200924,appliances.environment.air_heater,tefal,61.75,1,0,0.0,0.0
6902895,furniture.living_room.chair,lorelli,51.22,1,0,0.0,0.0
4800773,electronics.audio.headphone,samsung,12.33,1,0,0.0,0.0
8901769,kids.toys,chicco,43.73,1,0,0.0,0.0
28716416,apparel.shoes,respect,123.3,1,0,0.0,0.0
28719448,apparel.shoes,baden,51.22,1,0,0.0,0.0
12201256,sport.bicycle,trek,823.44,1,0,0.0,0.0
7900669,furniture.kitchen.chair,chicco,156.48,1,0,0.0,0.0
3601085,appliances.kitchen.washer,candy,257.38,1,0,0.0,0.0
2500437,appliances.kitchen.oven,whirlpool,298.57,1,0,0.0,0.0
43300144,apparel.tshirt,goodloot,17.22,1,0,0.0,0.0
1480574,computers.desktop,hp,970.44,1,0,0.0,0.0
28711674,apparel.shoes,rieker,38.35,1,0,0.0,0.0
9100121,computers.peripherals.mouse,logitech,5.77,1,0,0.0,0.0
9000237,computers.peripherals.mouse,logitech,4.79,1,0,0.0,0.0
5701116,auto.accessories.player,prology,36.04,1,0,0.0,0.0
16200138,kids.fmcg.diapers,pampers,13.44,1,0,0.0,0.0
13800284,furniture.bathroom.toilet,cersanit,98.07,1,0,0.0,0.0
13200979,furniture.bedroom.bed,bts,128.68,1,0,0.0,0.0
16800240,furniture.kitchen.table,domini,249.68,1,0,0.0,0.0
1004303,electronics.smartphone,bq,110.14,1,0,0.0,0.0
21406997,electronics.clocks,tissot,1060.52,1,0,0.0,0.0
4502752,appliances.kitchen.hob,gorenje,283.12,1,0,0.0,0.0
13800190,furniture.bathroom.toilet,kale,130.07,1,0,0.0,0.0
6501115,computers.components.motherboard,gigabyte,351.88,1,0,0.0,0.0
1307307,computers.notebook,hp,980.46,1,0,0.0,0.0
1480699,computers.desktop,hp,742.84,1,0,0.0,0.0
1701503,computers.peripherals.monitor,aoc,411.08,1,0,0.0,0.0
6400259,computers.components.cpu,intel,63.58,1,0,0.0,0.0
22400050,electronics.audio.microphone,shure,218.28,1,0,0.0,0.0
16800474,furniture.kitchen.table,mamadoma,237.84,1,0,0.0,0.0
4804546,electronics.audio.headphone,audio-technica,158.61,1,0,0.0,0.0
7900995,furniture.kitchen.chair,lorelli,45.55,1,0,0.0,0.0
12301002,construction.tools.drill,metabo,178.89,1,0,0.0,0.0
21410723,electronics.clocks,tissot,247.11,1,0,0.0,0.0
28714331,apparel.shoes.keds,puma,126.1,1,0,0.0,0.0
16700627,furniture.kitchen.chair,domini,73.36,1,0,0.0,0.0
3100273,appliances.kitchen.blender,braun,104.33,1,0,0.0,0.0
16700076,furniture.kitchen.chair,domini,77.22,1,0,0.0,0.0
3900775,appliances.environment.water_heater,artel,95.48,1,0,0.0,0.0
6400188,computers.components.cpu,intel,43.5,1,0,0.0,0.0
4502215,appliances.kitchen.hob,smile,41.32,1,0,0.0,0.0
16200070,kids.fmcg.diapers,merries,11.13,1,0,0.0,0.0
28703646,apparel.shoes.keds,nike,120.72,1,0,0.0,0.0
40900006,construction.tools.painting,hp,20.75,1,0,0.0,0.0
8902355,kids.toys,lorelli,34.75,1,0,0.0,0.0
7900869,furniture.kitchen.chair,chicco,231.64,1,0,0.0,0.0
13600072,furniture.bathroom.bath,triton,214.86,1,0,0.0,0.0
28717685,apparel.shoes,greyder,92.67,1,0,0.0,0.0
3600931,appliances.kitchen.washer,haier,205.9,1,0,0.0,0.0
14300064,electronics.audio.music_tools.piano,casio,664.11,1,0,0.0,0.0
21401744,electronics.clocks,leatherman,469.51,1,0,0.0,0.0
2900570,appliances.kitchen.microwave,lg,120.98,1,0,0.0,0.0
1201547,electronics.tablet,bq,92.64,1,0,0.0,0.0
12100592,kids.skates,maxi,30.63,1,0,0.0,0.0
4400366,appliances.kitchen.coffee_machine,krups,1056.63,1,0,0.0,0.0
6200784,appliances.environment.air_heater,ballu,24.2,1,0,0.0,0.0
3900809,appliances.environment.water_heater,ariston,102.71,1,0,0.0,0.0
28704135,apparel.shoes.keds,nike,159.33,1,0,0.0,0.0
6201164,appliances.environment.air_heater,ballu,66.67,1,0,0.0,0.0
4802365,electronics.audio.headphone,bose,211.05,1,0,0.0,0.0
6200780,appliances.environment.air_heater,ballu,263.84,1,0,0.0,0.0
1306850,computers.notebook,lenovo,433.09,1,1,433.09,100.0
6400349,computers.components.cpu,intel,157.66,1,0,0.0,0.0
21404524,electronics.clocks,casio,48.39,1,0,0.0,0.0
9200195,computers.peripherals.keyboard,logitech,28.22,1,0,0.0,0.0
1701204,computers.peripherals.monitor,asus,797.7,1,0,0.0,0.0
48200453,apparel.dress,conceptclub,37.32,1,0,0.0,0.0
8901713,kids.toys,keenway,128.62,1,0,0.0,0.0
25001077,furniture.universal.light,lidonet,15.42,1,0,0.0,0.0
30000135,construction.tools.welding,alteco,184.69,1,0,0.0,0.0
25001648,furniture.universal.light,lidonet,21.85,1,0,0.0,0.0
8900452,kids.toys,chicco,12.84,1,0,0.0,0.0
21406072,electronics.clocks,versace,1128.73,1,0,0.0,0.0
28715590,apparel.shoes.keds,fila,102.94,1,0,0.0,0.0
4201108,appliances.environment.air_conditioner,almacom,461.85,1,0,0.0,0.0
6500884,computers.components.motherboard,asrock,204.12,1,0,0.0,0.0
12202297,sport.bicycle,cube,1158.07,1,0,0.0,0.0
28716346,apparel.shoes,respect,113.0,1,0,0.0,0.0
21409865,electronics.clocks,bomberg,586.89,1,0,0.0,0.0
17200953,furniture.living_room.sofa,bellamebel,1029.22,1,0,0.0,0.0
12202358,sport.bicycle,haro,334.37,1,0,0.0,0.0
1307166,computers.notebook,lenovo,372.73,1,0,0.0,0.0
13902919,construction.components.faucet,omoikiri,108.51,1,0,0.0,0.0
5000775,appliances.sewing_machine,singer,316.69,1,0,0.0,0.0
35200201,apparel.underwear,milavitsa,15.71,1,0,0.0,0.0
6701089,computers.components.videocards,gigabyte,1255.18,1,0,0.0,0.0
28300398,accessories.wallet,petek,49.42,1,0,0.0,0.0
6301341,appliances.kitchen.kettle,galaxy,20.08,1,0,0.0,0.0
9200160,computers.peripherals.keyboard,rapoo,13.86,1,0,0.0,0.0
3600857,appliances.kitchen.washer,atlant,224.71,1,0,0.0,0.0
1700997,computers.peripherals.monitor,lg,463.05,1,0,0.0,0.0
13200339,furniture.bedroom.bed,domini,150.84,1,0,0.0,0.0
6201061,appliances.environment.air_heater,almacom,60.35,1,0,0.0,0.0
2401711,appliances.kitchen.hood,teka,95.88,1,0,0.0,0.0
28717734,apparel.shoes,greyder,113.26,1,0,0.0,0.0
6301501,appliances.kitchen.kettle,gorenje,61.75,1,0,0.0,0.0
2400298,appliances.kitchen.hood,gorenje,223.49,1,0,0.0,0.0
2402869,appliances.kitchen.hood,gorenje,84.92,1,0,0.0,0.0
21408044,electronics.clocks,romanson,92.67,1,0,0.0,0.0
21800097,computers.peripherals.mouse,steelseries,17.76,1,0,0.0,0.0
12301471,construction.tools.drill,milwaukee,1547.89,1,0,0.0,0.0
1500372,computers.peripherals.printer,epson,628.84,1,0,0.0,0.0
4802710,electronics.audio.headphone,creative,265.75,1,0,0.0,0.0
4502741,appliances.kitchen.hob,dauscher,205.9,1,0,0.0,0.0
12202397,sport.bicycle,racer,134.88,1,0,0.0,0.0
45300071,kids.swing,nuna,256.63,1,0,0.0,0.0
5700947,auto.accessories.player,mydean,90.09,1,0,0.0,0.0
45600174,apparel.shoes.keds,jordan,72.05,1,0,0.0,0.0
17800036,computers.desktop,dxracer,239.36,1,0,0.0,0.0
3801181,appliances.iron,tefal,46.08,1,0,0.0,0.0
28718019,apparel.shoes,respect,50.71,1,0,0.0,0.0
1307552,computers.notebook,acer,499.46,1,0,0.0,0.0
2702494,appliances.kitchen.refrigerators,dauscher,823.68,1,0,0.0,0.0
21400644,electronics.clocks,orient,109.66,1,0,0.0,0.0
28704399,apparel.shoes.keds,adidas,51.48,1,0,0.0,0.0
4600377,appliances.kitchen.dishwasher,electrolux,504.49,1,0,0.0,0.0
28707905,apparel.shoes.moccasins,respect,42.21,1,0,0.0,0.0
1800579,electronics.video.tv,samsung,2201.68,1,0,0.0,0.0
12301579,construction.tools.drill,bosch,171.69,1,0,0.0,0.0
9900421,electronics.video.projector,optoma,960.64,1,0,0.0,0.0
7006243,kids.carriage,bumbleride,476.79,1,0,0.0,0.0
8700481,appliances.personal.hair_cutter,moser,112.74,1,0,0.0,0.0
6300085,appliances.kitchen.kettle,vitek,30.86,1,0,0.0,0.0
12202521,sport.bicycle,trinx,157.02,1,0,0.0,0.0
4201006,appliances.environment.air_conditioner,fantasia,478.75,1,0,0.0,0.0
14100588,electronics.audio.acoustic,stagg,167.31,1,0,0.0,0.0
12100242,kids.skates,e-twow,481.83,1,0,0.0,0.0
28718002,apparel.shoes,respect,89.84,1,0,0.0,0.0
4502722,appliances.kitchen.hob,oasis,124.56,1,0,0.0,0.0
28704652,apparel.shoes,etor,100.39,1,0,0.0,0.0
28300778,accessories.wallet,karya,33.46,1,0,0.0,0.0
21406672,electronics.clocks,tissot,267.7,1,0,0.0,0.0
28705514,apparel.shoes,respect,23.94,1,0,0.0,0.0
28300414,accessories.wallet,petek,112.23,1,0,0.0,0.0
3701524,appliances.environment.vacuum,lg,772.19,1,0,0.0,0.0
28718913,apparel.shoes.keds,nexpero,51.22,1,0,0.0,0.0
25100335,construction.tools.light,philips,12.41,1,0,0.0,0.0
28400266,accessories.bag,karya,69.5,1,0,0.0,0.0
22900129,furniture.bedroom.pillow,arua,21.88,1,0,0.0,0.0
16200206,kids.fmcg.diapers,pampers,4.5,1,0,0.0,0.0
4502667,appliances.kitchen.hob,hotpoint-ariston,159.02,1,0,0.0,0.0
3601152,appliances.kitchen.washer,beko,206.93,1,0,0.0,0.0
28704550,apparel.shoes,etor,100.39,1,0,0.0,0.0
3800589,appliances.iron,first,21.62,1,0,0.0,0.0
1802027,electronics.video.tv,lg,485.92,1,0,0.0,0.0
28717068,apparel.shoes.keds,puma,100.13,1,0,0.0,0.0
28719040,apparel.shoes,baden,51.22,1,0,0.0,0.0
1480291,computers.desktop,hp,1158.07,1,0,0.0,0.0
2400844,appliances.kitchen.hood,smeg,922.84,1,0,0.0,0.0
1802091,electronics.video.tv,artel,176.84,1,0,0.0,0.0
9000699,kids.toys,orange,32.41,1,0,0.0,0.0
13600518,furniture.bathroom.bath,triton,299.66,1,0,0.0,0.0
18300575,accessories.bag,continent,24.17,1,0,0.0,0.0
13201189,furniture.bedroom.bed,brw,163.45,1,0,0.0,0.0
1005078,electronics.smartphone,bq,115.49,1,0,0.0,0.0
28716713,apparel.shoes,respect,38.35,1,0,0.0,0.0
2701864,appliances.kitchen.refrigerators,hotpoint-ariston,643.52,1,0,0.0,0.0
28715751,apparel.shoes,nexpero,77.22,1,0,0.0,0.0
28718823,apparel.shoes,rieker,103.99,1,0,0.0,0.0
45601617,apparel.shoes,indigo,41.96,1,0,0.0,0.0
28715788,apparel.shoes,nexpero,51.22,1,0,0.0,0.0
51000005,appliances.environment.vacuum,bosch,583.53,1,0,0.0,0.0
28715679,apparel.shoes,greyder,100.39,1,0,0.0,0.0
28712611,apparel.shoes,respect,53.54,1,0,0.0,0.0
28712564,apparel.shoes,respect,128.45,1,0,0.0,0.0
28701670,apparel.shoes,fassen,17.5,1,0,0.0,0.0
4400418,appliances.kitchen.coffee_machine,jura,869.64,1,0,0.0,0.0
6301521,appliances.kitchen.kettle,redmond,36.65,1,0,0.0,0.0
5701336,auto.accessories.player,ams,167.31,1,0,0.0,0.0
9000688,kids.toys,gulliver,55.61,1,0,0.0,0.0
28718177,apparel.shoes,salamander,37.07,1,0,0.0,0.0
12201208,sport.bicycle,trek,352.39,1,0,0.0,0.0
6800887,computers.components.hdd,seagate,459.29,1,0,0.0,0.0
21405051,electronics.clocks,dkny,180.18,1,0,0.0,0.0
28721539,apparel.shoes.keds,respect,102.71,1,0,0.0,0.0
2701599,appliances.kitchen.refrigerators,haier,707.84,1,0,0.0,0.0
45601714,apparel.shoes,babybotte,63.06,1,0,0.0,0.0
6902786,furniture.living_room.chair,tizo,11.76,1,0,0.0,0.0
6200323,appliances.environment.air_heater,electrolux,63.96,1,0,0.0,0.0
14701115,furniture.living_room.cabinet,bts,124.04,1,0,0.0,0.0
3100470,appliances.kitchen.blender,moulinex,69.42,1,0,0.0,0.0
7006442,kids.carriage,inglesina,276.71,1,0,0.0,0.0
5000827,appliances.sewing_machine,singer,186.79,1,0,0.0,0.0
25800026,medicine.tools.tonometer,omron,38.59,1,0,0.0,0.0
3800731,appliances.iron,vitek,25.97,1,0,0.0,0.0
7005981,kids.carriage,easywalker,475.17,1,0,0.0,0.0
11600219,computers.desktop,jbl,63.06,1,0,0.0,0.0
28300468,accessories.wallet,karya,32.18,1,0,0.0,0.0
27701056,construction.tools.pump,leo,611.45,1,0,0.0,0.0
13500019,furniture.bedroom.bed,sv,12.87,1,0,0.0,0.0
1307273,computers.notebook,hp,1158.07,1,0,0.0,0.0
5100775,electronics.clocks,garmin,874.01,1,0,0.0,0.0
6701018,computers.components.videocards,msi,348.01,1,0,0.0,0.0
28718013,apparel.shoes,respect,62.81,1,0,0.0,0.0
28716500,apparel.shoes,respect,154.19,1,0,0.0,0.0
19300084,appliances.ironing_board,attribute,71.56,1,0,0.0,0.0
22600086,auto.accessories.compressor,goodyear,71.38,1,0,0.0,0.0
6400230,computers.components.cpu,hp,633.22,1,0,0.0,0.0
2700673,appliances.kitchen.refrigerators,indesit,272.83,1,0,0.0,0.0
21401176,electronics.clocks,casio,379.42,1,0,0.0,0.0
47200232,furniture.living_room.cabinet,efp,118.56,1,0,0.0,0.0
6302019,appliances.kitchen.kettle,kitfort,16.69,1,0,0.0,0.0
1004455,electronics.smartphone,meizu,360.34,1,0,0.0,0.0
28717168,apparel.shoes,respect,120.72,1,0,0.0,0.0
6700850,computers.components.videocards,gigabyte,241.71,1,0,0.0,0.0
21400810,electronics.clocks,casio,155.22,1,0,0.0,0.0
2701834,appliances.kitchen.refrigerators,bosch,566.01,1,0,0.0,0.0
28717790,apparel.shoes.keds,puma,84.69,1,0,0.0,0.0
21406511,electronics.clocks,armani,316.87,1,0,0.0,0.0
1306538,computers.notebook,asus,1286.78,1,0,0.0,0.0
17900178,construction.tools.generator,fubag,246.34,1,0,0.0,0.0
1480682,computers.desktop,acer,394.09,1,0,0.0,0.0
1480390,computers.desktop,vectron,334.37,1,0,0.0,0.0
17900237,construction.tools.generator,denzel,525.59,1,0,0.0,0.0
3101093,appliances.kitchen.blender,braun,123.53,1,0,0.0,0.0
7005978,kids.carriage,easywalker,244.54,1,0,0.0,0.0
6200555,appliances.environment.air_heater,ballu,59.2,1,0,0.0,0.0
4803528,electronics.audio.headphone,sony,167.06,1,0,0.0,0.0
6600938,computers.components.memory,ballistix,147.8,1,0,0.0,0.0
2500577,appliances.kitchen.oven,electrolux,377.36,1,0,0.0,0.0
5100673,electronics.clocks,garmin,907.78,1,0,0.0,0.0
28401363,accessories.bag,picard,100.39,1,0,0.0,0.0
3100963,appliances.kitchen.blender,kitfort,127.95,1,0,0.0,0.0
3101041,appliances.kitchen.blender,kitfort,156.13,1,0,0.0,0.0
2701959,appliances.kitchen.refrigerators,midea,952.38,1,0,0.0,0.0
47200206,furniture.living_room.cabinet,opadiris,594.43,1,0,0.0,0.0
13201104,furniture.bedroom.bed,dardav,270.28,1,0,0.0,0.0
47200171,furniture.living_room.cabinet,opadiris,653.74,1,0,0.0,0.0
2700790,appliances.kitchen.refrigerators,midea,849.42,1,0,0.0,0.0
7005849,kids.carriage,babykiss,218.8,1,0,0.0,0.0
4801579,electronics.audio.headphone,sony,24.43,1,0,0.0,0.0
21409600,electronics.clocks,oris,2090.14,1,0,0.0,0.0
7901012,furniture.kitchen.chair,lorelli-bertoni,81.04,1,0,0.0,0.0
2800049,appliances.kitchen.refrigerators,midea,193.03,1,0,0.0,0.0
28718145,apparel.shoes,fassen,51.22,1,0,0.0,0.0
2402560,appliances.kitchen.hood,smeg,881.16,1,0,0.0,0.0
30900263,computers.components.cooler,nzxt,169.8,1,0,0.0,0.0
16700584,furniture.kitchen.chair,barneo,33.21,1,0,0.0,0.0
28717039,apparel.shoes.keds,strobbs,51.22,1,0,0.0,0.0
30600105,appliances.environment.vacuum,makita,177.76,1,0,0.0,0.0
3601529,appliances.kitchen.washer,artel,108.09,1,0,0.0,0.0
28709619,apparel.shoes.sandals,rieker,31.92,1,0,0.0,0.0
23700037,furniture.bedroom.blanket,verossa,46.33,1,0,0.0,0.0
1600612,computers.peripherals.printer,hp,567.5,1,0,0.0,0.0
9200233,computers.peripherals.keyboard,crown,21.77,1,0,0.0,0.0
21409885,electronics.clocks,diesel,293.44,1,0,0.0,0.0
11700356,electronics.audio.acoustic,yamaha,1209.55,1,0,0.0,0.0
13201322,furniture.bedroom.bed,stolplit,169.06,1,0,0.0,0.0
28715225,apparel.shoes,fassen,51.22,1,0,0.0,0.0
6700796,computers.components.videocards,gigabyte,174.78,1,0,0.0,0.0
45500011,computers.notebook,deepcool,29.86,1,0,0.0,0.0
12400522,construction.tools.drill,crown,80.57,1,0,0.0,0.0
44000006,apparel.shoes,onhillsport,48.91,1,0,0.0,0.0
20700464,apparel.shoes,lange,82.11,1,0,0.0,0.0
29700013,accessories.umbrella,fabretti,25.48,1,0,0.0,0.0
28715789,apparel.shoes,nexpero,51.22,1,0,0.0,0.0
16700656,furniture.kitchen.chair,domini,30.89,1,0,0.0,0.0
5100210,electronics.clocks,fitbit,180.16,1,0,0.0,0.0
13200493,furniture.bedroom.bed,brw,196.92,1,0,0.0,0.0
1307507,computers.notebook,dell,1088.57,1,0,0.0,0.0
4000216,construction.tools.generator,bissell,84.57,1,0,0.0,0.0
28703729,apparel.shoes.keds,nike,97.56,1,0,0.0,0.0
6301050,appliances.kitchen.kettle,tefal,95.21,1,0,0.0,0.0
17900061,construction.tools.generator,magnetta,522.15,1,0,0.0,0.0
4804205,electronics.audio.headphone,audio-technica,264.25,1,0,0.0,0.0
10201618,kids.dolls,barbie,19.69,1,0,0.0,0.0
19100164,construction.tools.saw,metabo,563.89,1,0,0.0,0.0
28713323,apparel.shoes,rieker,69.76,1,0,0.0,0.0
28707070,apparel.shoes.slipons,respect,41.19,1,0,0.0,0.0
16200109,kids.fmcg.diapers,sweety,15.45,1,0,0.0,0.0
5100520,electronics.clocks,garmin,898.79,1,0,0.0,0.0
19100022,construction.tools.saw,makita,325.98,1,0,0.0,0.0
5700897,auto.accessories.player,kenwood,64.35,1,0,0.0,0.0
1003953,electronics.smartphone,samsung,200.52,1,0,0.0,0.0
18300900,accessories.bag,defender,12.07,1,0,0.0,0.0
17900106,construction.tools.generator,stanley,892.81,1,0,0.0,0.0
3600759,appliances.kitchen.washer,atlant,227.29,1,0,0.0,0.0
13200381,furniture.bedroom.bed,bts,128.68,1,0,0.0,0.0
43300070,apparel.tshirt,harley-davidson,68.21,1,0,0.0,0.0
10400639,kids.toys,hb,115.81,1,0,0.0,0.0
4000144,construction.tools.generator,clatronic,140.14,1,0,0.0,0.0
16200183,kids.fmcg.diapers,lovular,8.24,1,0,0.0,0.0
7101740,furniture.bedroom.bed,bambini,57.2,1,0,0.0,0.0
10201226,kids.dolls,barbie,18.27,1,0,0.0,0.0
5801091,electronics.audio.subwoofer,hertz,165.41,1,0,0.0,0.0
11200360,appliances.personal.scales,scarlett,11.89,1,0,0.0,0.0
7101469,furniture.bedroom.bed,joie,108.88,1,0,0.0,0.0
6302238,appliances.kitchen.kettle,kitchenaid,269.49,1,0,0.0,0.0
14701568,furniture.living_room.cabinet,brw,439.65,1,0,0.0,0.0
28400756,accessories.bag,baden,51.22,1,0,0.0,0.0
32900006,accessories.bag,shimano,113.23,1,0,0.0,0.0
1305579,computers.notebook,asus,1127.18,1,0,0.0,0.0
16800592,furniture.kitchen.table,komfort-s,39.36,1,0,0.0,0.0
3701511,appliances.environment.vacuum,hoover,159.57,1,0,0.0,0.0
3901011,appliances.environment.water_heater,midea,77.17,1,0,0.0,0.0
2502143,appliances.kitchen.oven,electrolux,2507.12,1,0,0.0,0.0
5801002,electronics.audio.subwoofer,morel,135.14,1,0,0.0,0.0
2701219,appliances.kitchen.refrigerators,smeg,1857.18,1,0,0.0,0.0
13201315,furniture.bedroom.bed,stendmebel,161.91,1,0,0.0,0.0
14701905,furniture.living_room.cabinet,mebelson,64.33,1,0,0.0,0.0
3800889,appliances.iron,philips,25.48,1,0,0.0,0.0
17900007,construction.tools.generator,firman,696.98,1,0,0.0,0.0
2402441,appliances.kitchen.hood,kronasteel,200.7,1,0,0.0,0.0
9002786,kids.toys,bestoy,72.07,1,0,0.0,0.0
11300006,electronics.telephone,panasonic,26.46,1,0,0.0,0.0
48200448,apparel.dress,conceptclub,28.06,1,0,0.0,0.0
8800778,electronics.telephone,bq,10.79,1,0,0.0,0.0
5000735,appliances.sewing_machine,brother,326.91,1,0,0.0,0.0
2900819,appliances.kitchen.microwave,gorenje,225.62,1,0,0.0,0.0
27600165,country_yard.lawn_mower,huter,102.34,1,0,0.0,0.0
1500253,computers.peripherals.printer,epson,200.31,1,0,0.0,0.0
39800227,apparel.shirt,harley-davidson,144.15,1,0,0.0,0.0
1701476,computers.peripherals.monitor,acer,203.09,1,0,0.0,0.0
3701247,appliances.environment.vacuum,artel,70.4,1,0,0.0,0.0
7101904,furniture.bedroom.bed,lorelli,83.87,1,0,0.0,0.0
1701026,computers.peripherals.monitor,hp,101.16,1,0,0.0,0.0
13800414,furniture.bathroom.toilet,santeri,56.87,1,0,0.0,0.0
6800737,computers.components.hdd,samsung,193.8,1,0,0.0,0.0
3200419,appliances.kitchen.meat_grinder,polaris,53.23,1,0,0.0,0.0
6600945,computers.components.memory,zeppelin,9.65,1,0,0.0,0.0
12200973,sport.bicycle,racer,215.96,1,0,0.0,0.0
45601077,apparel.shoes,pablosky,51.48,1,0,0.0,0.0
28720739,apparel.shoes,rooman,51.22,1,0,0.0,0.0
3800930,appliances.iron,willmark,16.92,1,0,0.0,0.0
1003203,electronics.smartphone,gionee,95.21,1,0,0.0,0.0
28300771,accessories.wallet,karya,32.18,1,0,0.0,0.0
1306976,computers.notebook,hp,1015.98,1,0,0.0,0.0
18900065,electronics.camera.photo,canon,1804.12,1,0,0.0,0.0
28715890,apparel.shoes,rieker,110.43,1,0,0.0,0.0
1306982,computers.notebook,lenovo,2059.23,1,0,0.0,0.0
28719392,apparel.shoes,rieker,110.43,1,0,0.0,0.0
18900437,electronics.camera.photo,nikon,2547.39,1,0,0.0,0.0
6800559,computers.components.hdd,seagate,64.47,1,0,0.0,0.0
6900689,furniture.living_room.chair,kiddy,210.82,1,0,0.0,0.0
21407669,electronics.clocks,casio,135.14,1,0,0.0,0.0
1802092,electronics.video.tv,artel,272.59,1,0,0.0,0.0
10400363,kids.toys,yh,51.46,1,0,0.0,0.0
48200395,apparel.dress,weekend,913.79,1,0,0.0,0.0
28714662,apparel.shoes.keds,converse,55.32,1,0,0.0,0.0
3800892,appliances.iron,rowenta,113.23,1,0,0.0,0.0
2701151,appliances.kitchen.refrigerators,smeg,1344.01,1,0,0.0,0.0
4800483,electronics.audio.headphone,koss,70.63,1,0,0.0,0.0
11600344,computers.desktop,defender,18.56,1,0,0.0,0.0
3701044,appliances.environment.vacuum,saturn,38.58,1,0,0.0,0.0
21403672,electronics.clocks,casio,47.88,1,0,0.0,0.0
6501009,computers.components.motherboard,asus,84.66,1,0,0.0,0.0
20300129,sport.snowboard,burton,205.67,1,0,0.0,0.0
1004104,electronics.smartphone,bq,174.53,1,0,0.0,0.0
11200355,appliances.personal.scales,maxwell,11.51,1,0,0.0,0.0
2300243,electronics.camera.video,sjcam,115.62,1,0,0.0,0.0
10201450,kids.dolls,barbie,46.31,1,0,0.0,0.0
6800524,computers.components.hdd,seagate,44.71,1,0,0.0,0.0
6400208,computers.components.cpu,intel,98.2,1,0,0.0,0.0
4900033,appliances.kitchen.juicer,bosch,135.5,1,0,0.0,0.0
6400367,computers.components.cpu,intel,111.71,1,0,0.0,0.0
5100873,electronics.clocks,garmin,213.62,1,0,0.0,0.0
6801232,computers.components.hdd,gigabyte,72.33,1,0,0.0,0.0
6901622,furniture.living_room.chair,maxi-cosi,126.9,1,0,0.0,0.0
6902169,furniture.living_room.chair,joie,143.89,1,0,0.0,0.0
18300130,accessories.bag,crown,25.71,1,0,0.0,0.0
28713657,apparel.shoes.keds,catunltd,64.87,1,0,0.0,0.0
19200195,construction.tools.saw,hyundai,63.02,1,0,0.0,0.0
35102759,apparel.underwear,milavitsa,35.25,1,0,0.0,0.0
12100520,kids.skates,next,19.3,1,0,0.0,0.0
28718301,apparel.shoes.keds,tamaris,55.09,1,0,0.0,0.0
5100915,electronics.clocks,garmin,347.5,1,0,0.0,0.0
1701210,computers.peripherals.monitor,aoc,191.74,1,0,0.0,0.0
45601043,apparel.shoes,pablosky,37.32,1,0,0.0,0.0
5800831,electronics.audio.subwoofer,pioneer,77.71,1,0,0.0,0.0
1201534,electronics.tablet,bq,115.81,1,0,0.0,0.0
14500087,appliances.kitchen.coffee_grinder,maxwell,17.99,1,0,0.0,0.0
5100410,electronics.clocks,garmin,463.31,1,0,0.0,0.0
16800434,furniture.kitchen.table,listvig,125.36,1,0,0.0,0.0
6801019,computers.components.hdd,toshiba,330.43,1,0,0.0,0.0
21411802,electronics.clocks,tissot,308.89,1,0,0.0,0.0
21407035,electronics.clocks,tissot,329.48,1,0,0.0,0.0
7005976,kids.carriage,easywalker,244.54,1,0,0.0,0.0
5000806,appliances.sewing_machine,janome,195.44,1,0,0.0,0.0
12400462,construction.tools.drill,bosch,222.05,1,0,0.0,0.0
12901397,stationery.cartrige,europrint,23.92,1,0,0.0,0.0
4802530,electronics.audio.headphone,remax,9.01,1,0,0.0,0.0
17000037,computers.desktop,deluxe,90.87,1,0,0.0,0.0
1500260,computers.peripherals.printer,canon,123.07,1,0,0.0,0.0
1200082,electronics.tablet,apple,846.87,1,0,0.0,0.0
28718634,apparel.shoes,rieker,110.43,1,0,0.0,0.0
18900117,electronics.camera.photo,nikon,1541.07,1,0,0.0,0.0
7900770,furniture.kitchen.chair,polini,56.6,1,0,0.0,0.0
5100906,electronics.clocks,garmin,388.68,1,0,0.0,0.0
28714598,apparel.shoes.keds,reebok,73.08,1,0,0.0,0.0
6000160,auto.accessories.alarm,dowontec,411.85,1,0,0.0,0.0
4400310,appliances.kitchen.coffee_machine,vitek,20.34,1,0,0.0,0.0
3601292,appliances.kitchen.washer,whirlpool,313.75,1,0,0.0,0.0
28711764,apparel.shoes,rieker,45.05,1,0,0.0,0.0
21401450,electronics.clocks,casio,209.53,1,0,0.0,0.0
5100790,electronics.clocks,garmin,236.78,1,0,0.0,0.0
47600001,apparel.jacket,aivengo,50.43,1,0,0.0,0.0
22900290,furniture.bedroom.pillow,alvitek,12.87,1,0,0.0,0.0
1480516,computers.desktop,pulser,442.71,1,0,0.0,0.0
2702677,appliances.kitchen.refrigerators,indesit,823.68,1,0,0.0,0.0
14300393,electronics.audio.music_tools.piano,m-audio,446.95,1,0,0.0,0.0
21401215,electronics.clocks,casio,99.87,1,0,0.0,0.0
28712922,apparel.shoes,rieker,77.99,1,0,0.0,0.0
4804632,electronics.audio.headphone,panasonic,48.88,1,0,0.0,0.0
21406451,electronics.clocks,dkny,248.14,1,0,0.0,0.0
28718119,apparel.shoes,respect,51.22,1,1,51.22,100.0
3600956,appliances.kitchen.washer,samsung,463.15,1,0,0.0,0.0
30000255,construction.tools.welding,resanta,573.73,1,0,0.0,0.0
28719087,apparel.shoes.keds,fassen,51.22,1,0,0.0,0.0
8700406,appliances.personal.hair_cutter,philips,46.26,1,0,0.0,0.0
45300005,kids.swing,pituso,169.89,1,0,0.0,0.0
3600134,appliances.kitchen.washer,electrolux,642.98,1,0,0.0,0.0
9002927,kids.toys,fancy,14.39,1,0,0.0,0.0
10400550,kids.toys,rastar,67.0,1,0,0.0,0.0
3701588,appliances.environment.vacuum,makita,615.13,1,0,0.0,0.0
21411085,electronics.clocks,edox,772.22,1,0,0.0,0.0
16800038,furniture.kitchen.table,bts,105.54,1,0,0.0,0.0
6700643,computers.components.videocards,msi,123.99,1,0,0.0,0.0
13600009,furniture.bathroom.bath,triton,319.79,1,0,0.0,0.0
2501866,appliances.kitchen.oven,gefest,264.87,1,0,0.0,0.0
1307531,computers.notebook,lenovo,848.67,1,0,0.0,0.0
16700530,furniture.kitchen.chair,barneo,35.78,1,0,0.0,0.0
45602038,apparel.shoes,babybotte,32.69,1,0,0.0,0.0
28720651,apparel.shoes,respect,118.15,1,0,0.0,0.0
30600116,appliances.environment.vacuum,metabo,363.99,1,0,0.0,0.0
1005272,electronics.smartphone,nokia,107.57,1,0,0.0,0.0
6500905,computers.components.motherboard,asrock,57.66,1,0,0.0,0.0
11600159,computers.desktop,microlab,27.16,1,0,0.0,0.0
4600447,appliances.kitchen.dishwasher,franke,569.1,1,0,0.0,0.0
12100824,kids.skates,minimotors,615.2,1,0,0.0,0.0
1003778,electronics.smartphone,nokia,254.83,1,0,0.0,0.0
2800096,appliances.kitchen.refrigerators,pozis,361.91,1,0,0.0,0.0
28401378,accessories.bag,rieker,61.52,1,0,0.0,0.0
1802117,electronics.video.tv,artel,233.98,1,0,0.0,0.0
2500845,appliances.kitchen.oven,electrolux,409.02,1,0,0.0,0.0
7005730,kids.carriage,rant,386.08,1,0,0.0,0.0
11700306,electronics.audio.acoustic,torgue,386.11,1,0,0.0,0.0
2401528,appliances.kitchen.hood,elikor,119.44,1,0,0.0,0.0
45601618,apparel.shoes,indigo,41.96,1,0,0.0,0.0
1480470,computers.desktop,dell,1392.55,1,0,0.0,0.0
45601218,apparel.shoes,garvalin,46.33,1,0,0.0,0.0
21409814,electronics.clocks,cover,150.07,1,0,0.0,0.0
28704581,apparel.shoes,etor,100.39,1,0,0.0,0.0
17800717,computers.desktop,zeta,55.57,1,0,0.0,0.0
45601878,apparel.shoes,pablosky,66.41,1,0,0.0,0.0
18300528,accessories.bag,canyon,51.45,1,0,0.0,0.0
40900069,construction.tools.painting,stels,45.02,1,0,0.0,0.0
11700009,electronics.audio.acoustic,liberty,540.55,1,0,0.0,0.0
1306920,computers.notebook,lenovo,797.94,1,0,0.0,0.0
28715464,apparel.shoes,rieker,73.36,1,0,0.0,0.0
21400106,electronics.clocks,casio,58.43,1,0,0.0,0.0
28721001,apparel.shoes,salamander,127.42,1,0,0.0,0.0
28718795,apparel.shoes,rieker,103.99,1,0,0.0,0.0
45601621,apparel.shoes,kapika,34.75,1,0,0.0,0.0
28400929,accessories.bag,respect,82.11,1,0,0.0,0.0
28721025,apparel.shoes,romer,104.25,1,0,0.0,0.0
6801292,computers.components.hdd,colorful,107.34,1,0,0.0,0.0
6600895,computers.components.memory,kingston,127.93,1,0,0.0,0.0
59600033,apparel.shoes,sterntaler,29.6,1,0,0.0,0.0
8700531,appliances.personal.hair_cutter,oster,157.66,1,0,0.0,0.0
16800584,furniture.kitchen.table,mebelswow-rn,99.1,1,0,0.0,0.0
28720105,apparel.shoes.keds,asics,86.23,1,0,0.0,0.0
8700091,appliances.personal.hair_cutter,panasonic,38.35,1,0,0.0,0.0
4501249,appliances.kitchen.hob,electrolux,388.66,1,0,0.0,0.0
21411792,electronics.clocks,tissot,391.26,1,0,0.0,0.0
4804131,electronics.audio.headphone,huawei,10.27,1,0,0.0,0.0
28300651,accessories.wallet,petek,91.64,1,0,0.0,0.0
2401278,appliances.kitchen.hood,elica,488.35,1,0,0.0,0.0
27700638,construction.tools.pump,pedrollo,2570.83,1,0,0.0,0.0
28711934,apparel.shoes.sandals,rieker,47.62,1,0,0.0,0.0
21405096,electronics.clocks,fossil,236.81,1,0,0.0,0.0
28300642,accessories.wallet,petek,115.32,1,0,0.0,0.0
43300145,apparel.tshirt,goodloot,17.22,1,0,0.0,0.0
6200294,appliances.environment.air_heater,elenberg,41.16,1,0,0.0,0.0
1480499,computers.desktop,apple,2496.59,1,0,0.0,0.0
9200428,computers.peripherals.keyboard,canyon,10.27,1,0,0.0,0.0
1480711,computers.desktop,pulser,684.68,1,0,0.0,0.0
28720033,apparel.shoes.keds,asics,66.67,1,0,0.0,0.0
5100912,electronics.clocks,wonlex,33.46,1,0,0.0,0.0
16700063,furniture.kitchen.chair,domini,30.89,1,0,0.0,0.0
1802043,electronics.video.tv,vestel,772.19,1,0,0.0,0.0
3601496,appliances.kitchen.washer,beko,317.87,1,0,0.0,0.0
22600076,auto.accessories.compressor,cityup,90.96,1,0,0.0,0.0
5700949,auto.accessories.player,mydean,154.44,1,0,0.0,0.0
35200045,apparel.underwear,milavitsa,9.57,1,0,0.0,0.0
18300143,accessories.bag,hp,86.75,1,0,0.0,0.0
14700326,furniture.living_room.cabinet,brw,443.77,1,0,0.0,0.0
12202515,sport.bicycle,forward,213.65,1,0,0.0,0.0
2402442,appliances.kitchen.hood,kronasteel,102.82,1,0,0.0,0.0
2701941,appliances.kitchen.refrigerators,smalvic,675.47,1,0,0.0,0.0
1500083,computers.peripherals.printer,epson,622.51,1,0,0.0,0.0
5000108,appliances.sewing_machine,janome,130.02,1,0,0.0,0.0
28719803,apparel.shoes.moccasins,etor,100.39,1,0,0.0,0.0
21403340,electronics.clocks,casio,200.52,1,0,0.0,0.0
17900240,construction.tools.generator,denzel,489.08,1,0,0.0,0.0
19200163,construction.tools.saw,makita,231.06,1,0,0.0,0.0
4803875,electronics.audio.headphone,pioneer,180.93,1,0,0.0,0.0
18300230,accessories.bag,xiaomi,42.19,1,0,0.0,0.0
16800322,furniture.kitchen.table,mamadoma,162.17,1,0,0.0,0.0
45300090,kids.swing,lorelli,45.52,1,0,0.0,0.0
14300350,electronics.audio.music_tools.piano,arturia,343.25,1,0,0.0,0.0
45300049,kids.swing,lorelli,45.52,1,0,0.0,0.0
4804588,electronics.audio.headphone,hyperx,64.56,1,0,0.0,0.0
4200873,appliances.environment.air_conditioner,midea,154.42,1,0,0.0,0.0
3601635,appliances.kitchen.washer,arg,131.25,1,0,0.0,0.0
1480425,computers.desktop,smart,878.92,1,0,0.0,0.0
50600014,auto.accessories.compressor,denzel,531.03,1,0,0.0,0.0
45602212,apparel.shoes,agatharuizdelaprada,59.72,1,0,0.0,0.0
14300246,electronics.audio.music_tools.piano,alesis,90.35,1,0,0.0,0.0
6500798,computers.components.motherboard,asrock,87.26,1,0,0.0,0.0
28401391,accessories.bag,rieker,74.39,1,0,0.0,0.0
1701428,computers.peripherals.monitor,qmax,312.41,1,0,0.0,0.0
2300183,electronics.camera.video,veho,102.94,1,0,0.0,0.0
6600775,computers.components.memory,hyperx,39.57,1,0,0.0,0.0
6700779,computers.components.videocards,msi,753.38,1,0,0.0,0.0
18300051,accessories.bag,continent,12.84,1,0,0.0,0.0
12202050,sport.bicycle,sunday,308.63,1,0,0.0,0.0
21410233,electronics.clocks,orient,655.87,1,0,0.0,0.0
28721421,apparel.shoes,etor,126.13,1,0,0.0,0.0
4600573,appliances.kitchen.dishwasher,whirlpool,334.37,1,0,0.0,0.0
21403910,electronics.clocks,orient,290.1,1,0,0.0,0.0
1307459,computers.notebook,lenovo,475.95,1,0,0.0,0.0
28719269,apparel.shoes,rieker,73.36,1,0,0.0,0.0
1306934,computers.notebook,hp,903.38,1,0,0.0,0.0
3200391,appliances.kitchen.meat_grinder,moulinex,218.72,1,0,0.0,0.0
28720176,apparel.shoes.keds,asics,109.91,1,0,0.0,0.0
18900454,electronics.camera.photo,canon,614.72,1,0,0.0,0.0
7900078,furniture.kitchen.chair,peg-perego,293.44,1,0,0.0,0.0
39900058,apparel.trousers,jordan,93.93,1,0,0.0,0.0
28714183,apparel.shoes.slipons,greyder,66.93,1,0,0.0,0.0
6301610,appliances.kitchen.kettle,tefal,39.78,1,0,0.0,0.0
4501751,appliances.kitchen.hob,hotpoint-ariston,236.79,1,0,0.0,0.0
43300188,apparel.tshirt,goodloot,17.22,1,0,0.0,0.0
28715991,apparel.shoes.keds,nike,104.25,1,0,0.0,0.0
28300847,accessories.wallet,karya,43.76,1,0,0.0,0.0
28719514,apparel.shoes,respect,118.15,1,0,0.0,0.0
27600190,country_yard.lawn_mower,gardena,205.02,1,0,0.0,0.0
4803021,electronics.audio.headphone,philips,17.07,1,0,0.0,0.0
34900004,appliances.kitchen.grill,koopman,161.1,1,0,0.0,0.0
6302197,appliances.kitchen.kettle,kitfort,35.37,1,0,0.0,0.0
4200985,appliances.environment.air_conditioner,samsung,373.21,1,0,0.0,0.0
3200323,appliances.kitchen.meat_grinder,polaris,57.35,1,0,0.0,0.0
6000142,auto.accessories.alarm,starline,95.76,1,0,0.0,0.0
28401187,accessories.bag,karya,72.07,1,0,0.0,0.0
1480279,computers.desktop,hp,967.82,1,0,0.0,0.0
2502092,appliances.kitchen.oven,midea,270.25,1,0,0.0,0.0
14100255,electronics.audio.acoustic,aria,133.35,1,0,0.0,0.0
32200052,kids.swing,motivyotdyha,360.6,1,0,0.0,0.0
45601506,apparel.shoes,babybotte,34.75,1,0,0.0,0.0
8900969,kids.toys,playlab,15.06,1,0,0.0,0.0
2701794,appliances.kitchen.refrigerators,hitachi,1073.29,1,0,0.0,0.0
13903333,construction.components.faucet,kuppersberg,249.64,1,0,0.0,0.0
13903335,construction.components.faucet,kuppersberg,217.06,1,0,0.0,0.0
7101819,furniture.bedroom.bed,lorelli,62.08,1,0,0.0,0.0
12300321,construction.tools.drill,kolner,19.02,1,0,0.0,0.0
28704637,apparel.shoes,etor,100.39,1,0,0.0,0.0
14300239,electronics.audio.music_tools.piano,kurzweil,553.94,1,0,0.0,0.0
3100634,appliances.kitchen.blender,moulinex,97.79,1,0,0.0,0.0
3801363,appliances.iron,tefal,244.51,1,0,0.0,0.0
34900031,appliances.kitchen.grill,obi,355.48,1,0,0.0,0.0
16200425,kids.fmcg.diapers,sweety,10.85,1,0,0.0,0.0
28715115,apparel.shoes.keds,escan,31.92,1,0,0.0,0.0
28721552,apparel.shoes,respect,71.82,1,0,0.0,0.0
6701043,computers.components.videocards,powercolor,187.65,1,0,0.0,0.0
1700284,computers.peripherals.monitor,philips,98.07,1,0,0.0,0.0
1304473,computers.notebook,acer,360.11,1,0,0.0,0.0
21406227,electronics.clocks,citizen,461.53,1,0,0.0,0.0
2402945,appliances.kitchen.hood,candy,144.12,1,0,0.0,0.0
28300489,accessories.wallet,karya,46.33,1,0,0.0,0.0
13200962,furniture.bedroom.bed,redford,163.97,1,0,0.0,0.0
28716994,apparel.shoes,respect,118.15,1,0,0.0,0.0
5000794,appliances.sewing_machine,chayka,164.71,1,0,0.0,0.0
7901006,furniture.kitchen.chair,peg-perego,210.02,1,0,0.0,0.0
19100421,construction.tools.saw,makita,177.59,1,0,0.0,0.0
45601781,apparel.shoes.keds,pablosky,48.91,1,0,0.0,0.0
30000269,construction.tools.welding,aurora,770.68,1,0,0.0,0.0
6300233,appliances.kitchen.kettle,philips,33.44,1,0,0.0,0.0
5700588,auto.accessories.player,pioneer,164.48,1,0,0.0,0.0
7900928,furniture.kitchen.chair,peg-perego,207.45,1,0,0.0,0.0
16700072,furniture.kitchen.chair,domini,72.07,1,0,0.0,0.0
6700651,computers.components.videocards,gigabyte,308.63,1,0,0.0,0.0
2900719,appliances.kitchen.microwave,samsung,228.83,1,0,0.0,0.0
6600174,computers.components.memory,geil,15.28,1,0,0.0,0.0
28716463,apparel.shoes,respect,123.3,1,0,0.0,0.0
9101483,computers.peripherals.mouse,hp,24.17,1,0,0.0,0.0
2300203,electronics.camera.video,panasonic,2435.05,1,0,0.0,0.0
28715768,apparel.shoes,nexpero,51.22,1,0,0.0,0.0
3601171,appliances.kitchen.washer,shivaki,60.93,1,0,0.0,0.0
7001418,kids.carriage,recaro,244.54,1,0,0.0,0.0
8901739,kids.toys,gulliver,47.89,1,0,0.0,0.0
1307525,computers.notebook,asus,900.67,1,0,0.0,0.0
7900011,furniture.kitchen.chair,chicco,154.19,1,0,0.0,0.0
17800203,computers.desktop,zeta,28.4,1,0,0.0,0.0
3700647,appliances.environment.vacuum,gorenje,45.28,1,0,0.0,0.0
13901450,construction.components.faucet,lemark,148.55,1,0,0.0,0.0
9700290,computers.components.power_supply,thermaltake,87.26,1,0,0.0,0.0
28718887,apparel.shoes,tesoro,68.96,1,0,0.0,0.0
3100091,appliances.kitchen.blender,bosch,64.33,1,0,0.0,0.0
52900095,accessories.bag,stanley,80.16,1,0,0.0,0.0
28717776,apparel.shoes.keds,puma,110.43,1,0,0.0,0.0
2701779,appliances.kitchen.refrigerators,samsung,1518.67,1,0,0.0,0.0
21411063,electronics.clocks,lg,104.51,1,0,0.0,0.0
5000014,appliances.sewing_machine,jaguar,168.65,1,0,0.0,0.0
12100307,kids.skates,frozen,12.87,1,0,0.0,0.0
7006018,kids.carriage,babyzen,435.02,1,0,0.0,0.0
3100490,appliances.kitchen.blender,moulinex,61.75,1,0,0.0,0.0
4200786,appliances.environment.air_conditioner,artel,241.71,1,0,0.0,0.0
3601472,appliances.kitchen.washer,lg,540.52,1,0,0.0,0.0
18900157,electronics.camera.photo,nikon,698.78,1,0,0.0,0.0
19100415,construction.tools.saw,tch,77.22,1,0,0.0,0.0
45601716,apparel.shoes,babybotte,63.06,1,0,0.0,0.0
1801956,electronics.video.tv,sony,1544.42,1,0,0.0,0.0
4803152,electronics.audio.headphone,microlab,42.01,1,0,0.0,0.0
21400193,electronics.clocks,casio,110.43,1,0,0.0,0.0
9002826,kids.toys,basik,19.36,1,0,0.0,0.0
28706661,apparel.shoes.espadrilles,rieker,22.65,1,0,0.0,0.0
35104134,apparel.underwear,milavitsa,29.99,1,0,0.0,0.0
12202068,sport.bicycle,kink,385.85,1,0,0.0,0.0
39900036,apparel.trousers,jordan,87.49,1,0,0.0,0.0
4600597,appliances.kitchen.dishwasher,bosch,754.18,1,0,0.0,0.0
2800590,appliances.kitchen.refrigerators,dauscher,334.37,1,0,0.0,0.0
21405246,electronics.clocks,armani,345.7,1,0,0.0,0.0
28500038,apparel.belt,petek,55.6,1,0,0.0,0.0
6301326,appliances.kitchen.kettle,galaxy,13.87,1,0,0.0,0.0
21405612,electronics.clocks,skagen,157.53,1,0,0.0,0.0
7006197,kids.carriage,hp,69.5,1,0,0.0,0.0
28719787,apparel.shoes,tesoro,47.34,1,0,0.0,0.0
28720098,apparel.shoes.keds,asics,86.23,1,0,0.0,0.0
9200733,computers.peripherals.keyboard,defender,9.98,1,0,0.0,0.0
4802671,electronics.audio.headphone,sony,193.03,1,0,0.0,0.0
45602410,apparel.shoes.keds,face,14.41,1,0,0.0,0.0
48200446,apparel.dress,conceptclub,47.62,1,0,0.0,0.0
8700134,appliances.personal.hair_cutter,mrm-power,194.69,1,0,0.0,0.0
5000668,appliances.sewing_machine,brother,113.28,1,0,0.0,0.0
8901444,kids.toys,rubiks,18.51,1,0,0.0,0.0
28715855,apparel.shoes,respect,80.83,1,0,0.0,0.0
21411843,electronics.clocks,danielklein,23.94,1,0,0.0,0.0
1307474,computers.notebook,msi,1207.32,1,0,0.0,0.0
6600477,computers.components.memory,kingston,52.64,1,0,0.0,0.0
25001658,furniture.universal.light,mantra,97.55,1,0,0.0,0.0
52900097,accessories.bag,stanley,69.5,1,0,0.0,0.0
2403027,appliances.kitchen.hood,indesit,88.52,1,0,0.0,0.0
6100186,auto.accessories.radar,playme,85.25,1,0,0.0,0.0
1480454,computers.desktop,smart,970.81,1,0,0.0,0.0
12400205,construction.tools.drill,patriot,182.97,1,0,0.0,0.0
54900037,apparel.costume,conceptclub,69.5,1,0,0.0,0.0
14500019,appliances.kitchen.coffee_grinder,redmond,36.01,1,0,0.0,0.0
59600021,apparel.shoes,nanga,21.11,1,0,0.0,0.0
14701921,furniture.living_room.cabinet,pinskdrev,165.74,1,0,0.0,0.0
1801698,electronics.video.tv,hisense,488.82,1,0,0.0,0.0
3800750,appliances.iron,bosch,143.89,1,0,0.0,0.0
6301855,appliances.kitchen.kettle,scarlett,30.0,1,0,0.0,0.0
1004613,electronics.smartphone,bq,70.24,1,0,0.0,0.0
28719474,apparel.shoes,baden,51.22,1,0,0.0,0.0
4400393,appliances.kitchen.coffee_machine,smeg,2228.04,1,0,0.0,0.0
6701202,computers.components.videocards,gigabyte,919.2,1,0,0.0,0.0
4803684,electronics.audio.headphone,acer,51.46,1,0,0.0,0.0
5000747,appliances.sewing_machine,janome,338.67,1,0,0.0,0.0
18900051,electronics.camera.photo,canon,1448.76,1,0,0.0,0.0
4802584,electronics.audio.headphone,ergo,7.9,1,0,0.0,0.0
11100178,appliances.personal.scales,maxwell,15.42,1,0,0.0,0.0
6501000,computers.components.motherboard,asrock,86.74,1,0,0.0,0.0
21407477,electronics.clocks,casio,1168.11,1,0,0.0,0.0
48200516,apparel.dress,conceptclub,33.21,1,0,0.0,0.0
48200507,apparel.dress,conceptclub,35.78,1,0,0.0,0.0
18500052,electronics.tablet,genius,46.08,1,0,0.0,0.0
12100414,kids.skates,segway,553.4,1,0,0.0,0.0
2800680,appliances.kitchen.refrigerators,leadbros,217.51,1,0,0.0,0.0
10201213,kids.dolls,llorens,48.88,1,0,0.0,0.0
1201571,electronics.tablet,apple,578.91,1,0,0.0,0.0
1306913,computers.notebook,msi,1544.18,1,0,0.0,0.0
21408845,electronics.clocks,casio,1239.93,1,0,0.0,0.0
6800493,computers.components.hdd,geil,61.52,1,0,0.0,0.0
6301465,appliances.kitchen.kettle,galaxy,19.31,1,0,0.0,0.0
30901110,computers.components.cooler,aerocool,9.25,1,0,0.0,0.0
10201205,kids.dolls,llorens,48.11,1,0,0.0,0.0
48200451,apparel.dress,conceptclub,42.47,1,0,0.0,0.0
21404647,electronics.clocks,orient,196.66,1,0,0.0,0.0
3901192,appliances.environment.water_heater,haier,110.66,1,0,0.0,0.0
9200423,computers.peripherals.keyboard,genius,25.71,1,0,0.0,0.0
28720355,apparel.shoes.keds,nike,145.41,1,0,0.0,0.0
4502239,appliances.kitchen.hob,dauscher,126.1,1,0,0.0,0.0
28715969,apparel.shoes.keds,adidas,97.81,1,0,0.0,0.0
12300753,construction.tools.drill,crown,29.47,1,0,0.0,0.0
5800864,electronics.audio.subwoofer,edge,254.81,1,0,0.0,0.0
6600982,computers.components.memory,geil,72.34,1,0,0.0,0.0
30900838,computers.components.cooler,deepcool,5.82,1,0,0.0,0.0
21408853,electronics.clocks,casio,122.01,1,0,0.0,0.0
13902209,construction.components.faucet,grohe,2065.17,1,0,0.0,0.0
18200014,electronics.audio.acoustic,samsung,257.12,1,0,0.0,0.0
28721461,apparel.shoes.keds,adidas,108.11,1,0,0.0,0.0
12200544,sport.bicycle,phoenix,231.37,1,0,0.0,0.0
4700385,auto.accessories.videoregister,neoline,84.89,1,0,0.0,0.0
48200456,apparel.dress,conceptclub,30.89,1,0,0.0,0.0
6601072,computers.components.memory,hyperx,1026.14,1,0,0.0,0.0
5800192,electronics.audio.subwoofer,jvc,20.59,1,0,0.0,0.0
7005398,kids.carriage,alis,128.68,1,0,0.0,0.0
1004711,electronics.smartphone,haier,46.31,1,0,0.0,0.0
45600297,apparel.shoes,shagovita,59.19,1,0,0.0,0.0
8700224,appliances.personal.hair_cutter,bene,17.1,1,0,0.0,0.0
2900888,appliances.kitchen.microwave,lg,127.65,1,0,0.0,0.0
6400363,computers.components.cpu,amd,540.3,1,0,0.0,0.0
12100582,kids.skates,longway,82.37,1,0,0.0,0.0
13200402,furniture.bedroom.bed,brw,199.75,1,0,0.0,0.0
1201573,electronics.tablet,apple,578.91,1,0,0.0,0.0
5801386,electronics.audio.subwoofer,kicx,183.79,1,0,0.0,0.0
28300460,accessories.wallet,karya,38.61,1,0,0.0,0.0
4803638,electronics.audio.headphone,harper,17.74,1,0,0.0,0.0
28708741,apparel.shoes.moccasins,spur,38.35,1,0,0.0,0.0
26900027,sport.trainer,shua,1319.1,1,0,0.0,0.0
13500279,furniture.bedroom.bed,brw,57.4,1,0,0.0,0.0
4700295,auto.accessories.videoregister,prestigio,51.46,1,0,0.0,0.0
1307509,computers.notebook,lenovo,1389.22,1,0,0.0,0.0
4804700,electronics.audio.headphone,beyerdynamic,160.71,1,0,0.0,0.0
28401320,accessories.bag,karya,100.39,1,0,0.0,0.0
4804647,electronics.audio.headphone,bluedio,82.34,1,0,0.0,0.0
55000028,apparel.costume,nike,97.56,1,0,0.0,0.0
35103217,apparel.underwear,milavitsa,36.8,1,0,0.0,0.0
1307504,computers.notebook,dell,515.07,1,0,0.0,0.0
5100064,electronics.clocks,apple,326.88,1,0,0.0,0.0
4700454,auto.accessories.videoregister,intego,69.5,1,0,0.0,0.0
28713393,apparel.shoes,marcomen,75.42,1,0,0.0,0.0
2300200,electronics.camera.video,panasonic,252.22,1,0,0.0,0.0
6500924,computers.components.motherboard,asus,193.27,1,0,0.0,0.0
1801375,electronics.video.tv,vestel,334.34,1,0,0.0,0.0
3801292,appliances.iron,scarlett,30.86,1,0,0.0,0.0
5100895,electronics.clocks,samsung,308.86,1,0,0.0,0.0
4801383,electronics.audio.headphone,panasonic,12.84,1,0,0.0,0.0
6000181,auto.accessories.alarm,starline,213.08,1,0,0.0,0.0
30901007,computers.components.cooler,id-cooling,42.14,1,0,0.0,0.0
12201398,sport.bicycle,haro,229.09,1,0,0.0,0.0
29100089,appliances.personal.massager,masstone,14.93,1,0,0.0,0.0
2240022,electronics.audio.microphone,stagg,141.57,1,0,0.0,0.0
1801468,electronics.video.tv,philips,952.2,1,0,0.0,0.0
6601064,computers.components.memory,adata,206.7,1,0,0.0,0.0
7003879,kids.carriage,adamex,550.85,1,0,0.0,0.0
3600849,appliances.kitchen.washer,atlant,252.26,1,0,0.0,0.0
16800245,furniture.kitchen.table,domini,298.59,1,0,0.0,0.0
6700612,computers.components.videocards,asus,965.25,1,0,0.0,0.0
1701512,computers.peripherals.monitor,aoc,308.86,1,0,0.0,0.0
8901605,kids.toys,chicco,74.62,1,0,0.0,0.0
2800624,appliances.kitchen.refrigerators,midea,295.97,1,0,0.0,0.0
11700458,electronics.audio.acoustic,apart,68.81,1,0,0.0,0.0
13900090,construction.components.faucet,decoroom,30.36,1,0,0.0,0.0
28714924,apparel.shoes,respect,23.94,1,0,0.0,0.0
21410877,electronics.clocks,swatch,68.21,1,0,0.0,0.0
14100630,electronics.audio.acoustic,stagg,96.53,1,0,0.0,0.0
48200504,apparel.dress,conceptclub,35.78,1,0,0.0,0.0
48200500,apparel.dress,annaanna,25.48,1,0,0.0,0.0
30000116,construction.tools.welding,laston,202.39,1,0,0.0,0.0
28720430,apparel.shoes,baden,51.22,1,0,0.0,0.0
17200974,furniture.living_room.sofa,bellamebel,1049.4,1,0,0.0,0.0
12300816,construction.tools.drill,makita,334.42,1,0,0.0,0.0
2401805,appliances.kitchen.hood,akpo,135.85,1,0,0.0,0.0
4500013,appliances.kitchen.hob,hansa,198.18,1,0,0.0,0.0
28713056,apparel.shoes,rieker,50.71,1,0,0.0,0.0
17900247,construction.tools.generator,magnetta,513.27,1,0,0.0,0.0
28401179,accessories.bag,karya,90.09,1,0,0.0,0.0
14701923,furniture.living_room.cabinet,brw,114.55,1,0,0.0,0.0
2702681,appliances.kitchen.refrigerators,bosch,804.54,1,0,0.0,0.0
8901296,kids.toys,henglei,47.99,1,0,0.0,0.0
9200450,computers.peripherals.keyboard,hyperx,90.07,1,0,0.0,0.0
21409617,electronics.clocks,oris,1576.62,1,0,0.0,0.0
18900164,electronics.camera.photo,nikon,797.94,1,0,0.0,0.0
29100071,appliances.personal.massager,bradex,12.36,1,0,0.0,0.0
13200318,furniture.bedroom.bed,domini,209.79,1,0,0.0,0.0
1500469,computers.peripherals.printer,hp,281.49,1,0,0.0,0.0
45602462,apparel.shoes,kapika,69.47,1,0,0.0,0.0
6701248,computers.components.videocards,palit,397.27,1,0,0.0,0.0
12301593,construction.tools.drill,zubr,21.56,1,0,0.0,0.0
4200738,appliances.environment.air_conditioner,chigo,338.46,1,0,0.0,0.0
7004550,kids.carriage,rant,69.47,1,0,0.0,0.0
12202480,sport.bicycle,scott,2391.31,1,0,0.0,0.0
4803967,electronics.audio.headphone,hoco,4.12,1,0,0.0,0.0
1480207,computers.desktop,lenovo,977.89,1,0,0.0,0.0
9001589,kids.toys,ty,6.41,1,0,0.0,0.0
4502747,appliances.kitchen.hob,dauscher,205.9,1,0,0.0,0.0
3601260,appliances.kitchen.washer,bosch,463.31,1,0,0.0,0.0
11000225,appliances.kitchen.toster,redmond,24.32,1,0,0.0,0.0
11700018,electronics.audio.acoustic,studiomaster,849.44,1,0,0.0,0.0
4803316,electronics.audio.headphone,pioneer,88.78,1,0,0.0,0.0
28704460,apparel.shoes,etor,126.13,1,0,0.0,0.0
21401496,electronics.clocks,casio,52.25,1,0,0.0,0.0
28708732,apparel.shoes,rieker,38.35,1,0,0.0,0.0
44400215,apparel.jeans,conceptclub,33.21,1,0,0.0,0.0
1800002,electronics.video.tv,haier,171.1,1,0,0.0,0.0
1701554,computers.peripherals.monitor,acer,130.25,1,0,0.0,0.0
29100090,appliances.personal.massager,masstone,13.9,1,0,0.0,0.0
4800210,electronics.audio.headphone,sony,63.32,1,0,0.0,0.0
5000630,appliances.sewing_machine,jaguar,97.64,1,0,0.0,0.0
5100803,electronics.clocks,alpina,831.42,1,0,0.0,0.0
16900240,furniture.kitchen.table,mebelson,182.48,1,0,0.0,0.0
21400572,electronics.clocks,orient,151.87,1,0,0.0,0.0
2402884,appliances.kitchen.hood,dauscher,92.67,1,0,0.0,0.0
9100437,computers.peripherals.mouse,delux,6.65,1,0,0.0,0.0
10900323,appliances.kitchen.mixer,scarlett,23.14,1,0,0.0,0.0
28713989,apparel.shoes.ballet_shoes,caprice,42.47,1,0,0.0,0.0
11000146,appliances.kitchen.toster,redmond,66.9,1,0,0.0,0.0
28719898,apparel.shoes.keds,asics,66.67,1,0,0.0,0.0
28720315,apparel.shoes.keds,reebok,118.15,1,0,0.0,0.0
30000288,construction.tools.welding,jasic,489.07,1,0,0.0,0.0
28715114,apparel.shoes.keds,escan,44.79,1,0,0.0,0.0
29502887,appliances.kitchen.toster,geneticlabnutrition,17.25,1,0,0.0,0.0
2401744,appliances.kitchen.hood,midea,61.57,1,0,0.0,0.0
7004021,kids.carriage,joie,277.48,1,0,0.0,0.0
21406102,electronics.clocks,balmain,406.7,1,0,0.0,0.0
52300010,sport.snowboard,evrodetal,64.35,1,0,0.0,0.0
12400062,construction.tools.drill,einhell,160.62,1,0,0.0,0.0
6400296,computers.components.cpu,amd,171.43,1,0,0.0,0.0
4201342,appliances.environment.air_conditioner,gree,1039.01,1,0,0.0,0.0
7004741,kids.carriage,cybex,546.58,1,0,0.0,0.0
35108495,apparel.underwear,milavitsa,30.15,1,0,0.0,0.0
1480388,computers.desktop,vectron,1415.48,1,0,0.0,0.0
4700379,auto.accessories.videoregister,ritmix,130.15,1,0,0.0,0.0
48200469,apparel.dress,annaanna,46.33,1,0,0.0,0.0
47500018,construction.tools.light,puckator,20.59,1,0,0.0,0.0
4700490,auto.accessories.videoregister,axper,76.96,1,0,0.0,0.0
5701186,auto.accessories.player,pioneer,460.76,1,0,0.0,0.0
12300534,construction.tools.drill,ryobi,75.37,1,0,0.0,0.0
13200379,furniture.bedroom.bed,bts,128.68,1,0,0.0,0.0
45500022,computers.notebook,trust,17.99,1,0,0.0,0.0
21411818,electronics.clocks,tissot,241.96,1,0,0.0,0.0
2501815,appliances.kitchen.oven,gorenje,445.93,1,0,0.0,0.0
28721325,apparel.shoes,rooman,51.22,1,0,0.0,0.0
13800572,furniture.bathroom.toilet,cersanit,100.86,1,0,0.0,0.0
18300597,accessories.bag,meizu,30.86,1,0,0.0,0.0
28721551,apparel.shoes,respect,71.82,1,0,0.0,0.0
55000023,apparel.costume,nike,76.96,1,0,0.0,0.0
13201032,furniture.bedroom.bed,brw,201.81,1,0,0.0,0.0
3900803,appliances.environment.water_heater,rinnai,579.16,1,0,0.0,0.0
19300113,appliances.ironing_board,perilla,69.24,1,0,0.0,0.0
35103765,apparel.underwear,milavitsa,28.2,1,0,0.0,0.0
5200150,computers.ebooks,amazon,152.07,1,0,0.0,0.0
19300127,appliances.ironing_board,bts,48.37,1,0,0.0,0.0
28721085,apparel.shoes,rieker,101.68,1,0,0.0,0.0
1307416,computers.notebook,dell,1181.47,1,0,0.0,0.0
5801678,electronics.audio.subwoofer,hertz,170.27,1,0,0.0,0.0
45300114,kids.swing,babyswing,82.37,1,0,0.0,0.0
3701120,appliances.environment.vacuum,tefal,154.42,1,0,0.0,0.0
6500996,computers.components.motherboard,asrock,128.68,1,0,0.0,0.0
28401356,accessories.bag,picard,39.9,1,0,0.0,0.0
39800233,apparel.shirt,harley-davidson,82.37,1,0,0.0,0.0
13900668,construction.components.faucet,bravat,178.69,1,0,0.0,0.0
28721458,apparel.shoes.keds,reebok,113.26,1,0,0.0,0.0
39800239,apparel.shirt,harley-davidson,63.84,1,0,0.0,0.0
28300772,accessories.wallet,karya,43.76,1,0,0.0,0.0
12301590,construction.tools.drill,makita,119.39,1,0,0.0,0.0
12100606,kids.skates,xiaomi,367.37,1,0,0.0,0.0
43300160,apparel.tshirt,goodloot,20.05,1,0,0.0,0.0
11200428,appliances.personal.scales,unit,10.01,1,0,0.0,0.0
13201354,furniture.bedroom.bed,brw,208.5,1,0,0.0,0.0
8800972,electronics.telephone,bq,32.42,1,0,0.0,0.0
16800585,furniture.kitchen.table,mebels,121.5,1,0,0.0,0.0
1005270,electronics.smartphone,sony,952.15,1,0,0.0,0.0
11600001,computers.desktop,microlab,48.14,1,0,0.0,0.0
9200093,computers.peripherals.keyboard,delux,10.77,1,0,0.0,0.0
28720864,apparel.shoes,romax,163.97,1,0,0.0,0.0
1004254,electronics.smartphone,apple,1116.22,1,0,0.0,0.0
26900032,sport.trainer,shua,1406.22,1,0,0.0,0.0
1500190,computers.peripherals.printer,hp,701.91,1,0,0.0,0.0
7004730,kids.carriage,bambola,31.4,1,0,0.0,0.0
13901327,construction.components.faucet,grohe,98.38,1,0,0.0,0.0
28721796,apparel.shoes.keds,nike,102.71,1,0,0.0,0.0
4802972,electronics.audio.headphone,razer,70.77,1,0,0.0,0.0
7006364,kids.carriage,inglesina,276.71,1,0,0.0,0.0
6501071,computers.components.motherboard,gigabyte,101.21,1,0,0.0,0.0
23700091,furniture.bedroom.blanket,arua,45.05,1,0,0.0,0.0
12400516,construction.tools.drill,makita,123.61,1,0,0.0,0.0
2400495,appliances.kitchen.hood,gefest,81.63,1,0,0.0,0.0
16800606,furniture.kitchen.table,mebelswow-rn,99.1,1,0,0.0,0.0
17200973,furniture.living_room.sofa,mebberykz,643.49,1,0,0.0,0.0
21409614,electronics.clocks,oris,1576.62,1,0,0.0,0.0
52900036,accessories.bag,stanley,32.59,1,0,0.0,0.0
2702668,appliances.kitchen.refrigerators,indesit,595.1,1,0,0.0,0.0
21403130,electronics.clocks,casio,60.49,1,0,0.0,0.0
48200513,apparel.dress,conceptclub,33.21,1,0,0.0,0.0
18300694,accessories.bag,hp,14.65,1,0,0.0,0.0
32900146,accessories.bag,salmo,10.86,1,0,0.0,0.0
21401462,electronics.clocks,casio,266.67,1,0,0.0,0.0
1801979,electronics.video.tv,lg,771.39,1,0,0.0,0.0
2702594,appliances.kitchen.refrigerators,lg,681.87,1,0,0.0,0.0
4502746,appliances.kitchen.hob,dauscher,193.03,1,0,0.0,0.0
4501479,appliances.kitchen.hob,bosch,1196.92,1,0,0.0,0.0
13201333,furniture.bedroom.bed,giornonotte,686.5,1,0,0.0,0.0
1600245,computers.peripherals.printer,xerox,287.66,1,0,0.0,0.0
21401652,electronics.clocks,casio,833.74,1,0,0.0,0.0
6701095,computers.components.videocards,asrock,182.86,1,0,0.0,0.0
13201330,furniture.bedroom.bed,stolplit,188.63,1,0,0.0,0.0
21408103,electronics.clocks,adriatica,180.96,1,0,0.0,0.0
28715062,apparel.shoes,fassen,24.2,1,0,0.0,0.0
1701286,computers.peripherals.monitor,acer,172.72,1,0,0.0,0.0
48200422,apparel.dress,persona,383.54,1,0,0.0,0.0
6901883,furniture.living_room.chair,nania,78.51,1,0,0.0,0.0
2402420,appliances.kitchen.hood,mbs,111.18,1,0,0.0,0.0
4800410,electronics.audio.headphone,xiaomi,120.72,1,0,0.0,0.0
16700032,furniture.kitchen.chair,sv,39.38,1,0,0.0,0.0
7900679,furniture.kitchen.chair,polini,56.6,1,0,0.0,0.0
1701357,computers.peripherals.monitor,asus,603.85,1,0,0.0,0.0
28720185,apparel.shoes.keds,asics,109.4,1,0,0.0,0.0
21400103,electronics.clocks,casio,379.42,1,0,0.0,0.0
2501308,appliances.kitchen.oven,dauscher,254.81,1,0,0.0,0.0
7006570,kids.carriage,belecoo,95.24,1,0,0.0,0.0
55000024,apparel.costume,nike,76.96,1,0,0.0,0.0
3800725,appliances.iron,polaris,17.76,1,0,0.0,0.0
5800375,electronics.audio.subwoofer,mystery,27.54,1,0,0.0,0.0
21409612,electronics.clocks,oris,1891.94,1,0,0.0,0.0
2702419,appliances.kitchen.refrigerators,dauscher,488.56,1,0,0.0,0.0
3901061,appliances.environment.water_heater,ariston,1395.12,1,0,0.0,0.0
18300580,accessories.bag,portcase,15.42,1,0,0.0,0.0
18900111,electronics.camera.photo,nikon,657.41,1,0,0.0,0.0
28711662,apparel.shoes,rieker,40.16,1,0,0.0,0.0
18300334,accessories.bag,hp,34.16,1,0,0.0,0.0
28704108,apparel.shoes.keds,nike,76.96,1,0,0.0,0.0
6700732,computers.components.videocards,asus,157.15,1,0,0.0,0.0
1307534,computers.notebook,lenovo,1363.25,1,0,0.0,0.0
21406961,electronics.clocks,tissot,391.26,1,0,0.0,0.0
5000498,appliances.sewing_machine,janome,138.72,1,0,0.0,0.0
28400711,accessories.bag,muqajankz,72.07,1,0,0.0,0.0
6100019,auto.accessories.radar,neoline,107.7,1,0,0.0,0.0
6302214,appliances.kitchen.kettle,smeg,329.31,1,0,0.0,0.0
10900389,appliances.kitchen.mixer,kitchenaid,956.5,1,0,0.0,0.0
17800106,computers.desktop,dxracer,321.5,1,0,0.0,0.0
6500533,computers.components.motherboard,asus,70.98,1,0,0.0,0.0
19100086,construction.tools.saw,ryobi,595.09,1,0,0.0,0.0
19100221,construction.tools.saw,bosch,289.58,1,0,0.0,0.0
6800757,computers.components.hdd,crucial,127.92,1,0,0.0,0.0
27700149,construction.tools.pump,karcher,181.7,1,0,0.0,0.0
3700705,appliances.environment.vacuum,artel,61.83,1,0,0.0,0.0
21405812,electronics.clocks,casio,72.33,1,0,0.0,0.0
44400194,apparel.jeans,noppies,48.91,1,0,0.0,0.0
1600451,computers.peripherals.printer,hp,386.88,1,0,0.0,0.0
4400484,appliances.kitchen.coffee_machine,galaxy,16.96,1,0,0.0,0.0
6301833,appliances.kitchen.kettle,lumme,26.13,1,0,0.0,0.0
21408947,electronics.clocks,casio,27.8,1,0,0.0,0.0
21402643,electronics.clocks,fossil,146.21,1,0,0.0,0.0
28716200,apparel.shoes,respect,51.22,1,0,0.0,0.0
5000753,appliances.sewing_machine,janome,253.55,1,0,0.0,0.0
1004501,electronics.smartphone,oppo,308.86,1,0,0.0,0.0
28717819,apparel.shoes.keds,nike,102.71,1,0,0.0,0.0
2702448,appliances.kitchen.refrigerators,dauscher,393.81,1,0,0.0,0.0
9200554,computers.peripherals.keyboard,defender,12.56,1,0,0.0,0.0
3701480,appliances.environment.vacuum,lg,796.15,1,0,0.0,0.0
28715230,apparel.shoes,respect,143.89,1,0,0.0,0.0
48200501,apparel.dress,annaanna,28.31,1,0,0.0,0.0
4502733,appliances.kitchen.hob,dauscher,144.12,1,0,0.0,0.0
18900393,electronics.camera.photo,nikon,485.84,1,0,0.0,0.0
1701405,computers.peripherals.monitor,acer,638.11,1,0,0.0,0.0
7006518,kids.carriage,shenma,84.94,1,0,0.0,0.0
6600981,computers.components.memory,hyperx,127.93,1,0,0.0,0.0
21800146,computers.peripherals.mouse,hyperx,12.61,1,0,0.0,0.0
2501335,appliances.kitchen.oven,hansa,308.86,1,0,0.0,0.0
2900440,appliances.kitchen.microwave,smeg,1555.32,1,0,0.0,0.0
2701783,appliances.kitchen.refrigerators,artel,241.42,1,0,0.0,0.0
26900095,sport.trainer,domyos,180.42,1,0,0.0,0.0
4802656,electronics.audio.headphone,olto,7.7,1,0,0.0,0.0
13900280,construction.components.faucet,rossinka,28.39,1,0,0.0,0.0
28704464,apparel.shoes,etor,126.13,1,0,0.0,0.0
52900082,accessories.bag,stanley,38.12,1,0,0.0,0.0
28707163,apparel.shoes,respect,25.48,1,0,0.0,0.0
5100441,electronics.clocks,garmin,504.49,1,0,0.0,0.0
21407239,electronics.clocks,rado,1132.59,1,0,0.0,0.0
5100897,electronics.clocks,apple,602.07,1,0,0.0,0.0
21405232,electronics.clocks,armani,270.79,1,0,0.0,0.0
12100992,kids.skates,manke,218.58,1,0,0.0,0.0
17800386,computers.desktop,dxracer,356.48,1,0,0.0,0.0
27600467,country_yard.lawn_mower,hyundai,112.94,1,0,0.0,0.0
22400250,electronics.audio.microphone,pro-karaoke,231.67,1,0,0.0,0.0
4804553,electronics.audio.headphone,lenovo,40.88,1,0,0.0,0.0
2501651,appliances.kitchen.oven,rebus,56.72,1,0,0.0,0.0
6701022,computers.components.videocards,asus,237.68,1,0,0.0,0.0
11300043,electronics.telephone,panasonic,70.7,1,0,0.0,0.0
28717004,apparel.shoes.keds,respect,102.71,1,0,0.0,0.0
9002103,kids.toys,orange,12.61,1,0,0.0,0.0
13200592,furniture.bedroom.bed,brw,237.59,1,0,0.0,0.0
7100814,furniture.bedroom.bed,mibb,301.17,1,0,0.0,0.0
46900012,accessories.bag,coleman,64.33,1,0,0.0,0.0
28714393,apparel.shoes.keds,nike,94.98,1,0,0.0,0.0
12301282,construction.tools.drill,crown,65.9,1,0,0.0,0.0
1480769,computers.desktop,lenovo,643.26,1,0,0.0,0.0
5000279,appliances.sewing_machine,janome,220.64,1,0,0.0,0.0
28300774,accessories.wallet,karya,38.61,1,0,0.0,0.0
6800473,computers.components.hdd,geil,23.14,1,0,0.0,0.0
4802334,electronics.audio.headphone,panasonic,14.59,1,0,0.0,0.0
7002253,kids.carriage,wingoffly,112.92,1,0,0.0,0.0
16800153,furniture.kitchen.table,domini,296.02,1,0,0.0,0.0
3700137,appliances.environment.vacuum,philips,117.76,1,0,0.0,0.0
50600018,auto.accessories.compressor,denzel,166.97,1,0,0.0,0.0
4803903,electronics.audio.headphone,marshall,113.13,1,0,0.0,0.0
2900982,appliances.kitchen.microwave,hotpoint-ariston,66.64,1,0,0.0,0.0
4803025,electronics.audio.headphone,philips,38.59,1,0,0.0,0.0
22600024,auto.accessories.compressor,cityup,54.06,1,0,0.0,0.0
14100506,electronics.audio.acoustic,rockdale,108.11,1,0,0.0,0.0
1480690,computers.desktop,acer,257.38,1,0,0.0,0.0
1306261,computers.notebook,hp,1101.44,1,0,0.0,0.0
30900711,computers.components.cooler,deepcool,3.54,1,0,0.0,0.0
6902459,furniture.living_room.chair,zlatek,15.42,1,0,0.0,0.0
1802116,electronics.video.tv,lg,1541.98,1,0,0.0,0.0
56300080,apparel.jumper,conceptclub,27.54,1,0,0.0,0.0
28400227,accessories.bag,picard,119.69,1,0,0.0,0.0
6900076,furniture.living_room.chair,nania,68.21,1,0,0.0,0.0
17200956,furniture.living_room.sofa,asm,718.14,1,0,0.0,0.0
28718880,apparel.shoes,respect,86.23,1,0,0.0,0.0
1306296,computers.notebook,asus,746.22,1,0,0.0,0.0
22400243,electronics.audio.microphone,alctron,154.44,1,0,0.0,0.0
3900952,appliances.environment.water_heater,ariston,147.35,1,0,0.0,0.0
21400330,electronics.clocks,casio,122.01,1,0,0.0,0.0
13200196,furniture.bedroom.bed,brw,213.65,1,0,0.0,0.0
21400611,electronics.clocks,casio,174.01,1,0,0.0,0.0
1201481,electronics.tablet,irbis,142.39,1,0,0.0,0.0
8901897,kids.toys,pituso,44.94,1,0,0.0,0.0
7000683,kids.carriage,peg-perego,162.17,1,0,0.0,0.0
13200475,furniture.bedroom.bed,permanence,864.86,1,0,0.0,0.0
12202228,sport.bicycle,racer,128.45,1,0,0.0,0.0
30000033,construction.tools.welding,redbo,301.17,1,0,0.0,0.0
4600572,appliances.kitchen.dishwasher,smeg,1689.0,1,0,0.0,0.0
35103510,apparel.underwear,milavitsa,28.2,1,0,0.0,0.0
1801562,electronics.video.tv,sony,643.23,1,0,0.0,0.0
5000215,appliances.sewing_machine,jaguar,76.94,1,0,0.0,0.0
21408514,electronics.clocks,fossil,180.18,1,0,0.0,0.0
5701368,auto.accessories.player,ams,221.37,1,0,0.0,0.0
5800704,electronics.audio.subwoofer,sonda,25.74,1,0,0.0,0.0
28717962,apparel.shoes,ara,145.43,1,0,0.0,0.0
30000093,construction.tools.welding,fubag,896.81,1,0,0.0,0.0
1802074,electronics.video.tv,philips,656.36,1,0,0.0,0.0
12202928,sport.bicycle,glamvers,157.02,1,0,0.0,0.0
55700154,apparel.trousers,conceptclub,27.03,1,0,0.0,0.0
5700284,auto.accessories.player,winca,348.79,1,0,0.0,0.0
28705169,apparel.shoes.sandals,respect,37.07,1,0,0.0,0.0
4802592,electronics.audio.headphone,sony,10.53,1,0,0.0,0.0
2401878,appliances.kitchen.hood,artel,44.82,1,0,0.0,0.0
16800219,furniture.kitchen.table,barneo,171.69,1,0,0.0,0.0
48200457,apparel.dress,conceptclub,30.89,1,0,0.0,0.0
4804323,electronics.audio.headphone,plantronics,33.44,1,0,0.0,0.0
40900073,construction.tools.painting,patriot,50.97,1,0,0.0,0.0
5100893,electronics.clocks,garmin,926.9,1,0,0.0,0.0
14300313,electronics.audio.music_tools.piano,roland,185.33,1,0,0.0,0.0
12301557,construction.tools.drill,graphite,179.03,1,0,0.0,0.0
10201522,kids.dolls,llorens,61.75,1,0,0.0,0.0
1306910,computers.notebook,msi,1286.78,1,0,0.0,0.0
14300297,electronics.audio.music_tools.piano,alesis,171.66,1,0,0.0,0.0
17800545,computers.desktop,thermaltake,449.69,1,0,0.0,0.0
3701224,appliances.environment.vacuum,redmond,123.53,1,0,0.0,0.0
16200209,kids.fmcg.diapers,pampers,13.63,1,0,0.0,0.0
7006342,kids.carriage,cam,623.18,1,0,0.0,0.0
28711547,apparel.shoes,glam-forever,24.45,1,0,0.0,0.0
6701259,computers.components.videocards,asrock,703.14,1,0,0.0,0.0
28300373,accessories.wallet,petek,68.99,1,0,0.0,0.0
1306919,computers.notebook,lenovo,851.99,1,0,0.0,0.0
28300568,accessories.wallet,petek,57.66,1,0,0.0,0.0
21407801,electronics.clocks,certina,669.26,1,0,0.0,0.0
5000675,appliances.sewing_machine,janome,447.89,1,0,0.0,0.0
28703604,apparel.shoes.keds,reebok,118.15,1,0,0.0,0.0
21410981,electronics.clocks,fossil,157.53,1,0,0.0,0.0
1801439,electronics.video.tv,tcl,221.11,1,0,0.0,0.0
16800275,furniture.kitchen.table,bazhou,184.3,1,0,0.0,0.0
6801257,computers.components.hdd,toshiba,85.94,1,0,0.0,0.0
1307411,computers.notebook,hp,1009.01,1,0,0.0,0.0
12200742,sport.bicycle,lg,578.91,1,0,0.0,0.0
16700575,furniture.kitchen.chair,barneo,44.53,1,0,0.0,0.0
28718450,apparel.shoes.keds,strobbs,64.61,1,0,0.0,0.0
21410986,electronics.clocks,fossil,112.23,1,0,0.0,0.0
13900329,construction.components.faucet,yota,25.74,0,1,25.74,
4803243,electronics.audio.headphone,panasonic,7.28,0,1,7.28,
3700771,appliances.environment.vacuum,samsung,102.16,0,1,102.16,
1201369,electronics.tablet,prestigio,96.24,0,1,96.24,
4800726,electronics.audio.headphone,sony,7.44,0,0,0.0,
2400921,appliances.kitchen.hood,gefest,93.99,0,1,93.99,
28719045,apparel.shoes,baden,51.22,0,1,51.22,
44800175,sport.tennis,head,63.58,0,1,63.58,
12300100,construction.tools.drill,bosch,86.23,0,0,0.0,
28718851,apparel.shoes,rieker,115.58,0,1,115.58,
18300647,accessories.bag,thule,69.37,0,0,0.0,
4800602,electronics.audio.headphone,beyerdynamic,47.04,0,1,47.04,
1307201,computers.notebook,dell,694.74,0,1,694.74,
17800713,computers.desktop,thermaltake,343.9,0,0,0.0,
1801571,electronics.video.tv,sony,643.49,0,0,0.0,
3100774,appliances.kitchen.blender,braun,128.68,0,1,128.68,
4200543,appliances.environment.air_conditioner,elenberg,329.48,0,0,0.0,
6200308,appliances.environment.air_heater,timberk,44.02,0,0,0.0,
4800710,electronics.audio.headphone,panasonic,5.89,0,1,5.89,
1802105,electronics.video.tv,arg,295.45,0,0,0.0,
3601466,appliances.kitchen.washer,daewoo,731.01,0,0,0.0,
28703610,apparel.shoes.keds,reebok,118.15,0,1,118.15,
9101355,computers.peripherals.mouse,defender,4.86,0,1,4.86,
6800928,computers.components.hdd,kingston,50.68,0,1,50.68,
1201533,electronics.tablet,bq,115.81,0,0,0.0,
9000119,computers.peripherals.camera,logitech,50.93,0,0,0.0,
6302026,appliances.kitchen.kettle,tefal,46.31,0,0,0.0,
3100825,appliances.kitchen.blender,scarlett,14.39,0,1,14.39,
9100460,computers.peripherals.mouse,logitech,14.13,0,1,14.13,
3801108,appliances.iron,braun,386.08,0,0,0.0,
18900368,electronics.camera.photo,canon,410.78,0,1,410.78,
6301460,appliances.kitchen.kettle,philips,46.31,0,1,46.31,
1306228,computers.notebook,ilife,254.55,0,1,254.55,
21800040,computers.peripherals.mouse,hyperx,7.85,0,0,0.0,
6000258,auto.accessories.alarm,starline,420.09,0,1,420.09,
3700704,appliances.environment.vacuum,bosch,267.15,0,1,267.15,
11100263,appliances.personal.scales,scarlett,9.52,0,1,9.52,
1306360,computers.notebook,acer,772.19,0,0,0.0,
4800052,electronics.audio.headphone,beats,257.38,0,1,257.38,
1600159,computers.peripherals.printer,xerox,241.71,0,1,241.71,
5000420,appliances.sewing_machine,janome,314.93,0,1,314.93,
3800331,appliances.iron,philips,41.16,0,1,41.16,
5000511,appliances.sewing_machine,veritas,164.48,0,1,164.48,
11000260,appliances.kitchen.toster,kitfort,49.31,0,1,49.31,
19200131,construction.tools.saw,dewalt,312.17,0,0,0.0,
2700838,appliances.kitchen.refrigerators,beko,1022.13,0,1,1022.13,
2800601,appliances.kitchen.refrigerators,dauscher,463.31,0,0,0.0,
4500330,appliances.kitchen.hob,electrolux,282.79,0,1,282.79,
18300912,accessories.bag,lenovo,69.76,0,1,69.76,
8900496,kids.toys,chicco,20.57,0,1,20.57,
1004389,electronics.smartphone,sony,694.74,0,0,0.0,
1600631,computers.peripherals.printer,canon,641.1,0,1,641.1,
9101530,computers.peripherals.mouse,mars,12.88,0,0,0.0,
3801279,appliances.iron,bosch,306.29,0,1,306.29,
3900745,appliances.environment.water_heater,haier,231.46,0,1,231.46,
2701589,appliances.kitchen.refrigerators,samsung,1002.16,0,1,1002.16,
55000000,apparel.costume,nike,138.97,0,1,138.97,
3200515,appliances.kitchen.meat_grinder,scarlett,42.47,0,0,0.0,
52900024,accessories.bag,stanley,13.99,0,1,13.99,
1003234,electronics.smartphone,huawei,128.42,0,1,128.42,
6200431,appliances.environment.air_heater,saturn,10.79,0,1,10.79,
